Domain Code,Domain,Area Code (M49),Area,Element Code,Element,Item Code (CPC),Item,Year Code,Year,Unit,Value,Flag,Flag Description,Note
"QCL","Crops and livestock products","004","Afghanistan","5312","Area harvested","0111","Wheat","2015","2015","ha","2128104","A","Official value",""
"QCL","Crops and livestock products","004","Afghanistan","5412","Yield","0111","Wheat","2015","2015","kg/ha","2195.9","A","Official value",""
"QCL","Crops and livestock products","004","Afghanistan","5510","Production","0111","Wheat","2015","2015","t","4673040","A","Official value",""
"QCL","Crops and livestock products","004","Afghanistan","5312","Area harvested","0111","Wheat","2016","2016","ha","2300210","A","Official value",""
"QCL","Crops and livestock products","004","Afghanistan","5412","Yield","0111","Wheat","2016","2016","kg/ha","1980.3","A","Official value",""
"QCL","Crops and livestock products","004","Afghanistan","5510","Production","0111","Wheat","2016","2016","t","4555110","A","Official value",""
"QCL","Crops and livestock products","004","Afghanistan","5312","Area harvested","0111","Wheat","2017","2017","ha","2104377","A","Official value",""
"QCL","Crops and livestock products","004","Afghanistan","5412","Yield","0111","Wheat","2017","2017","kg/ha","2034.2","A","Official value",""
"QCL","Crops and livestock products","004","Afghanistan","5510","Production","0111","Wheat","2017","2017","t","4280776","A","Official value",""
"QCL","Crops and livestock products","004","Afghanistan","5312","Area harvested","0111","Wheat","2018","2018","ha","1635000","A","Official value",""
"QCL","Crops and livestock products","004","Afghanistan","5412","Yield","0111","Wheat","2018","2018","kg/ha","2210","A","Official value",""
"QCL","Crops and livestock products","004","Afghanistan","5510","Production","0111","Wheat","2018","2018","t","3613300","A","Official value",""
"QCL","Crops and livestock products","004","Afghanistan","5312","Area harvested","0111","Wheat","2019","2019","ha","2334000","A","Official value",""
"QCL","Crops and livestock products","004","Afghanistan","5412","Yield","0111","Wheat","2019","2019","kg/ha","2095.1","A","Official value",""
"QCL","Crops and livestock products","004","Afghanistan","5510","Production","0111","Wheat","2019","2019","t","4890000","A","Official value",""
"QCL","Crops and livestock products","004","Afghanistan","5312","Area harvested","0111","Wheat","2020","2020","ha","2668000","A","Official value",""
"QCL","Crops and livestock products","004","Afghanistan","5412","Yield","0111","Wheat","2020","2020","kg/ha","1943.4","A","Official value",""
"QCL","Crops and livestock products","004","Afghanistan","5510","Production","0111","Wheat","2020","2020","t","5185000","A","Official value",""
"QCL","Crops and livestock products","004","Afghanistan","5312","Area harvested","0111","Wheat","2021","2021","ha","2046564","A","Official value",""
"QCL","Crops and livestock products","004","Afghanistan","5412","Yield","0111","Wheat","2021","2021","kg/ha","1963.1","A","Official value",""
"QCL","Crops and livestock products","004","Afghanistan","5510","Production","0111","Wheat","2021","2021","t","4017657","A","Official value",""
"QCL","Crops and livestock products","004","Afghanistan","5312","Area harvested","0111","Wheat","2022","2022","ha","1859339","A","Official value",""
"QCL","Crops and livestock products","004","Afghanistan","5412","Yield","0111","Wheat","2022","2022","kg/ha","2045.3","A","Official value",""
"QCL","Crops and livestock products","004","Afghanistan","5510","Production","0111","Wheat","2022","2022","t","3802895","A","Official value",""
"QCL","Crops and livestock products","004","Afghanistan","5312","Area harvested","0111","Wheat","2023","2023","ha","2022988","A","Official value",""
"QCL","Crops and livestock products","004","Afghanistan","5412","Yield","0111","Wheat","2023","2023","kg/ha","2150.6","A","Official value",""
"QCL","Crops and livestock products","004","Afghanistan","5510","Production","0111","Wheat","2023","2023","t","4350662","A","Official value",""
"QCL","Crops and livestock products","004","Afghanistan","5312","Area harvested","0111","Wheat","2024","2024","ha","2300000","X","Value from external organization","Unofficial figure"
"QCL","Crops and livestock products","004","Afghanistan","5412","Yield","0111","Wheat","2024","2024","kg/ha","2260.9","X","Value from external organization",""
"QCL","Crops and livestock products","004","Afghanistan","5510","Production","0111","Wheat","2024","2024","t","5200000","X","Value from external organization","Unofficial figure"
"QCL","Crops and livestock products","008","Albania","5312","Area harvested","0111","Wheat","2015","2015","ha","69600","A","Official value",""
"QCL","Crops and livestock products","008","Albania","5412","Yield","0111","Wheat","2015","2015","kg/ha","3951.1","A","Official value",""
"QCL","Crops and livestock products","008","Albania","5510","Production","0111","Wheat","2015","2015","t","275000","A","Official value",""
"QCL","Crops and livestock products","008","Albania","5312","Area harvested","0111","Wheat","2016","2016","ha","70512","A","Official value",""
"QCL","Crops and livestock products","008","Albania","5412","Yield","0111","Wheat","2016","2016","kg/ha","3900","A","Official value",""
"QCL","Crops and livestock products","008","Albania","5510","Production","0111","Wheat","2016","2016","t","275000","A","Official value",""
"QCL","Crops and livestock products","008","Albania","5312","Area harvested","0111","Wheat","2017","2017","ha","68095","A","Official value",""
"QCL","Crops and livestock products","008","Albania","5412","Yield","0111","Wheat","2017","2017","kg/ha","4036.7","A","Official value",""
"QCL","Crops and livestock products","008","Albania","5510","Production","0111","Wheat","2017","2017","t","274877","A","Official value",""
"QCL","Crops and livestock products","008","Albania","5312","Area harvested","0111","Wheat","2018","2018","ha","65072","A","Official value",""
"QCL","Crops and livestock products","008","Albania","5412","Yield","0111","Wheat","2018","2018","kg/ha","3692.7","A","Official value",""
"QCL","Crops and livestock products","008","Albania","5510","Production","0111","Wheat","2018","2018","t","240294","A","Official value",""
"QCL","Crops and livestock products","008","Albania","5312","Area harvested","0111","Wheat","2019","2019","ha","57330","A","Official value",""
"QCL","Crops and livestock products","008","Albania","5412","Yield","0111","Wheat","2019","2019","kg/ha","4068","A","Official value",""
"QCL","Crops and livestock products","008","Albania","5510","Production","0111","Wheat","2019","2019","t","233218","A","Official value",""
"QCL","Crops and livestock products","008","Albania","5312","Area harvested","0111","Wheat","2020","2020","ha","53946","A","Official value",""
"QCL","Crops and livestock products","008","Albania","5412","Yield","0111","Wheat","2020","2020","kg/ha","4327.1","A","Official value",""
"QCL","Crops and livestock products","008","Albania","5510","Production","0111","Wheat","2020","2020","t","233430","A","Official value",""
"QCL","Crops and livestock products","008","Albania","5312","Area harvested","0111","Wheat","2021","2021","ha","54514","A","Official value",""
"QCL","Crops and livestock products","008","Albania","5412","Yield","0111","Wheat","2021","2021","kg/ha","4130.5","A","Official value",""
"QCL","Crops and livestock products","008","Albania","5510","Production","0111","Wheat","2021","2021","t","225170.9","A","Official value",""
"QCL","Crops and livestock products","008","Albania","5312","Area harvested","0111","Wheat","2022","2022","ha","54267","A","Official value",""
"QCL","Crops and livestock products","008","Albania","5412","Yield","0111","Wheat","2022","2022","kg/ha","4296.3","A","Official value",""
"QCL","Crops and livestock products","008","Albania","5510","Production","0111","Wheat","2022","2022","t","233145","A","Official value",""
"QCL","Crops and livestock products","008","Albania","5312","Area harvested","0111","Wheat","2023","2023","ha","57620","A","Official value",""
"QCL","Crops and livestock products","008","Albania","5412","Yield","0111","Wheat","2023","2023","kg/ha","4053.9","A","Official value",""
"QCL","Crops and livestock products","008","Albania","5510","Production","0111","Wheat","2023","2023","t","233584.68","A","Official value",""
"QCL","Crops and livestock products","008","Albania","5312","Area harvested","0111","Wheat","2024","2024","ha","45970","A","Official value",""
"QCL","Crops and livestock products","008","Albania","5412","Yield","0111","Wheat","2024","2024","kg/ha","3933.3","A","Official value",""
"QCL","Crops and livestock products","008","Albania","5510","Production","0111","Wheat","2024","2024","t","180812.2","A","Official value",""
"QCL","Crops and livestock products","012","Algeria","5312","Area harvested","0111","Wheat","2015","2015","ha","1814722","A","Official value",""
"QCL","Crops and livestock products","012","Algeria","5412","Yield","0111","Wheat","2015","2015","kg/ha","1464","A","Official value",""
"QCL","Crops and livestock products","012","Algeria","5510","Production","0111","Wheat","2015","2015","t","2656731","A","Official value",""
"QCL","Crops and livestock products","012","Algeria","5312","Area harvested","0111","Wheat","2016","2016","ha","2062179","A","Official value",""
"QCL","Crops and livestock products","012","Algeria","5412","Yield","0111","Wheat","2016","2016","kg/ha","1183.3","A","Official value",""
"QCL","Crops and livestock products","012","Algeria","5510","Production","0111","Wheat","2016","2016","t","2440097","A","Official value",""
"QCL","Crops and livestock products","012","Algeria","5312","Area harvested","0111","Wheat","2017","2017","ha","2118469","A","Official value",""
"QCL","Crops and livestock products","012","Algeria","5412","Yield","0111","Wheat","2017","2017","kg/ha","1150.1","A","Official value",""
"QCL","Crops and livestock products","012","Algeria","5510","Production","0111","Wheat","2017","2017","t","2436503","A","Official value",""
"QCL","Crops and livestock products","012","Algeria","5312","Area harvested","0111","Wheat","2018","2018","ha","1948402","A","Official value",""
"QCL","Crops and livestock products","012","Algeria","5412","Yield","0111","Wheat","2018","2018","kg/ha","2043.3","A","Official value",""
"QCL","Crops and livestock products","012","Algeria","5510","Production","0111","Wheat","2018","2018","t","3981219.15","A","Official value",""
"QCL","Crops and livestock products","012","Algeria","5312","Area harvested","0111","Wheat","2019","2019","ha","1974987","A","Official value",""
"QCL","Crops and livestock products","012","Algeria","5412","Yield","0111","Wheat","2019","2019","kg/ha","1963","A","Official value",""
"QCL","Crops and livestock products","012","Algeria","5510","Production","0111","Wheat","2019","2019","t","3876876","A","Official value",""
"QCL","Crops and livestock products","012","Algeria","5312","Area harvested","0111","Wheat","2020","2020","ha","1848083","A","Official value",""
"QCL","Crops and livestock products","012","Algeria","5412","Yield","0111","Wheat","2020","2020","kg/ha","1681.1","A","Official value",""
"QCL","Crops and livestock products","012","Algeria","5510","Production","0111","Wheat","2020","2020","t","3106754","A","Official value",""
"QCL","Crops and livestock products","012","Algeria","5312","Area harvested","0111","Wheat","2021","2021","ha","1368702","A","Official value",""
"QCL","Crops and livestock products","012","Algeria","5412","Yield","0111","Wheat","2021","2021","kg/ha","1584.3","A","Official value",""
"QCL","Crops and livestock products","012","Algeria","5510","Production","0111","Wheat","2021","2021","t","2168386","A","Official value",""
"QCL","Crops and livestock products","012","Algeria","5312","Area harvested","0111","Wheat","2022","2022","ha","1800000","X","Value from external organization","Unofficial figure"
"QCL","Crops and livestock products","012","Algeria","5412","Yield","0111","Wheat","2022","2022","kg/ha","1666.7","X","Value from external organization",""
"QCL","Crops and livestock products","012","Algeria","5510","Production","0111","Wheat","2022","2022","t","3000000","X","Value from external organization","Unofficial figure"
"QCL","Crops and livestock products","012","Algeria","5312","Area harvested","0111","Wheat","2023","2023","ha","1800000","X","Value from external organization","Unofficial figure"
"QCL","Crops and livestock products","012","Algeria","5412","Yield","0111","Wheat","2023","2023","kg/ha","1388.9","X","Value from external organization",""
"QCL","Crops and livestock products","012","Algeria","5510","Production","0111","Wheat","2023","2023","t","2500000","X","Value from external organization","Unofficial figure"
"QCL","Crops and livestock products","012","Algeria","5312","Area harvested","0111","Wheat","2024","2024","ha","1800000","X","Value from external organization","Unofficial figure"
"QCL","Crops and livestock products","012","Algeria","5412","Yield","0111","Wheat","2024","2024","kg/ha","1666.7","X","Value from external organization",""
"QCL","Crops and livestock products","012","Algeria","5510","Production","0111","Wheat","2024","2024","t","3000000","X","Value from external organization","Unofficial figure"
"QCL","Crops and livestock products","024","Angola","5312","Area harvested","0111","Wheat","2015","2015","ha","4910","I","Value imputed by a receiving agency",""
"QCL","Crops and livestock products","024","Angola","5412","Yield","0111","Wheat","2015","2015","kg/ha","962.2","E","Estimated value",""
"QCL","Crops and livestock products","024","Angola","5510","Production","0111","Wheat","2015","2015","t","4724.68","I","Value imputed by a receiving agency",""
"QCL","Crops and livestock products","024","Angola","5312","Area harvested","0111","Wheat","2016","2016","ha","5405","I","Value imputed by a receiving agency",""
"QCL","Crops and livestock products","024","Angola","5412","Yield","0111","Wheat","2016","2016","kg/ha","946.6","E","Estimated value",""
"QCL","Crops and livestock products","024","Angola","5510","Production","0111","Wheat","2016","2016","t","5116.15","I","Value imputed by a receiving agency",""
"QCL","Crops and livestock products","024","Angola","5312","Area harvested","0111","Wheat","2017","2017","ha","5738","I","Value imputed by a receiving agency",""
"QCL","Crops and livestock products","024","Angola","5412","Yield","0111","Wheat","2017","2017","kg/ha","931","E","Estimated value",""
"QCL","Crops and livestock products","024","Angola","5510","Production","0111","Wheat","2017","2017","t","5342.07","I","Value imputed by a receiving agency",""
"QCL","Crops and livestock products","024","Angola","5312","Area harvested","0111","Wheat","2018","2018","ha","4841","I","Value imputed by a receiving agency",""
"QCL","Crops and livestock products","024","Angola","5412","Yield","0111","Wheat","2018","2018","kg/ha","915.3","E","Estimated value",""
"QCL","Crops and livestock products","024","Angola","5510","Production","0111","Wheat","2018","2018","t","4430.93","I","Value imputed by a receiving agency",""
"QCL","Crops and livestock products","024","Angola","5312","Area harvested","0111","Wheat","2019","2019","ha","6302","I","Value imputed by a receiving agency",""
"QCL","Crops and livestock products","024","Angola","5412","Yield","0111","Wheat","2019","2019","kg/ha","879.8","E","Estimated value",""
"QCL","Crops and livestock products","024","Angola","5510","Production","0111","Wheat","2019","2019","t","5544.29","I","Value imputed by a receiving agency",""
"QCL","Crops and livestock products","024","Angola","5312","Area harvested","0111","Wheat","2020","2020","ha","6535","I","Value imputed by a receiving agency",""
"QCL","Crops and livestock products","024","Angola","5412","Yield","0111","Wheat","2020","2020","kg/ha","669.5","E","Estimated value",""
"QCL","Crops and livestock products","024","Angola","5510","Production","0111","Wheat","2020","2020","t","4375","A","Official value",""
"QCL","Crops and livestock products","024","Angola","5312","Area harvested","0111","Wheat","2021","2021","ha","19756","I","Value imputed by a receiving agency",""
"QCL","Crops and livestock products","024","Angola","5412","Yield","0111","Wheat","2021","2021","kg/ha","474.2","E","Estimated value",""
"QCL","Crops and livestock products","024","Angola","5510","Production","0111","Wheat","2021","2021","t","9368","A","Official value",""
"QCL","Crops and livestock products","024","Angola","5312","Area harvested","0111","Wheat","2022","2022","ha","13700","A","Official value",""
"QCL","Crops and livestock products","024","Angola","5412","Yield","0111","Wheat","2022","2022","kg/ha","591","A","Official value",""
"QCL","Crops and livestock products","024","Angola","5510","Production","0111","Wheat","2022","2022","t","8097","A","Official value",""
"QCL","Crops and livestock products","024","Angola","5312","Area harvested","0111","Wheat","2023","2023","ha","17983","A","Official value",""
"QCL","Crops and livestock products","024","Angola","5412","Yield","0111","Wheat","2023","2023","kg/ha","1163.4","A","Official value",""
"QCL","Crops and livestock products","024","Angola","5510","Production","0111","Wheat","2023","2023","t","20921","A","Official value",""
"QCL","Crops and livestock products","024","Angola","5312","Area harvested","0111","Wheat","2024","2024","ha","21627","A","Official value",""
"QCL","Crops and livestock products","024","Angola","5412","Yield","0111","Wheat","2024","2024","kg/ha","1724.7","A","Official value",""
"QCL","Crops and livestock products","024","Angola","5510","Production","0111","Wheat","2024","2024","t","37301","A","Official value",""
"QCL","Crops and livestock products","028","Antigua and Barbuda","5312","Area harvested","0111","Wheat","2015","2015","","","","",""
"QCL","Crops and livestock products","028","Antigua and Barbuda","5412","Yield","0111","Wheat","2015","2015","","","","",""
"QCL","Crops and livestock products","028","Antigua and Barbuda","5510","Production","0111","Wheat","2015","2015","","","","",""
"QCL","Crops and livestock products","028","Antigua and Barbuda","5312","Area harvested","0111","Wheat","2016","2016","","","","",""
"QCL","Crops and livestock products","028","Antigua and Barbuda","5412","Yield","0111","Wheat","2016","2016","","","","",""
"QCL","Crops and livestock products","028","Antigua and Barbuda","5510","Production","0111","Wheat","2016","2016","","","","",""
"QCL","Crops and livestock products","028","Antigua and Barbuda","5312","Area harvested","0111","Wheat","2017","2017","","","","",""
"QCL","Crops and livestock products","028","Antigua and Barbuda","5412","Yield","0111","Wheat","2017","2017","","","","",""
"QCL","Crops and livestock products","028","Antigua and Barbuda","5510","Production","0111","Wheat","2017","2017","","","","",""
"QCL","Crops and livestock products","028","Antigua and Barbuda","5312","Area harvested","0111","Wheat","2018","2018","","","","",""
"QCL","Crops and livestock products","028","Antigua and Barbuda","5412","Yield","0111","Wheat","2018","2018","","","","",""
"QCL","Crops and livestock products","028","Antigua and Barbuda","5510","Production","0111","Wheat","2018","2018","","","","",""
"QCL","Crops and livestock products","028","Antigua and Barbuda","5312","Area harvested","0111","Wheat","2019","2019","","","","",""
"QCL","Crops and livestock products","028","Antigua and Barbuda","5412","Yield","0111","Wheat","2019","2019","","","","",""
"QCL","Crops and livestock products","028","Antigua and Barbuda","5510","Production","0111","Wheat","2019","2019","","","","",""
"QCL","Crops and livestock products","028","Antigua and Barbuda","5312","Area harvested","0111","Wheat","2020","2020","","","","",""
"QCL","Crops and livestock products","028","Antigua and Barbuda","5412","Yield","0111","Wheat","2020","2020","","","","",""
"QCL","Crops and livestock products","028","Antigua and Barbuda","5510","Production","0111","Wheat","2020","2020","","","","",""
"QCL","Crops and livestock products","028","Antigua and Barbuda","5312","Area harvested","0111","Wheat","2021","2021","","","","",""
"QCL","Crops and livestock products","028","Antigua and Barbuda","5412","Yield","0111","Wheat","2021","2021","","","","",""
"QCL","Crops and livestock products","028","Antigua and Barbuda","5510","Production","0111","Wheat","2021","2021","","","","",""
"QCL","Crops and livestock products","028","Antigua and Barbuda","5312","Area harvested","0111","Wheat","2022","2022","","","","",""
"QCL","Crops and livestock products","028","Antigua and Barbuda","5412","Yield","0111","Wheat","2022","2022","","","","",""
"QCL","Crops and livestock products","028","Antigua and Barbuda","5510","Production","0111","Wheat","2022","2022","","","","",""
"QCL","Crops and livestock products","028","Antigua and Barbuda","5312","Area harvested","0111","Wheat","2023","2023","","","","",""
"QCL","Crops and livestock products","028","Antigua and Barbuda","5412","Yield","0111","Wheat","2023","2023","","","","",""
"QCL","Crops and livestock products","028","Antigua and Barbuda","5510","Production","0111","Wheat","2023","2023","","","","",""
"QCL","Crops and livestock products","028","Antigua and Barbuda","5312","Area harvested","0111","Wheat","2024","2024","","","","",""
"QCL","Crops and livestock products","028","Antigua and Barbuda","5412","Yield","0111","Wheat","2024","2024","","","","",""
"QCL","Crops and livestock products","028","Antigua and Barbuda","5510","Production","0111","Wheat","2024","2024","","","","",""
"QCL","Crops and livestock products","032","Argentina","5312","Area harvested","0111","Wheat","2015","2015","ha","3953102","A","Official value",""
"QCL","Crops and livestock products","032","Argentina","5412","Yield","0111","Wheat","2015","2015","kg/ha","2862.3","A","Official value",""
"QCL","Crops and livestock products","032","Argentina","5510","Production","0111","Wheat","2015","2015","t","11314952","A","Official value",""
"QCL","Crops and livestock products","032","Argentina","5312","Area harvested","0111","Wheat","2016","2016","ha","5566385","A","Official value",""
"QCL","Crops and livestock products","032","Argentina","5412","Yield","0111","Wheat","2016","2016","kg/ha","3304.7","A","Official value",""
"QCL","Crops and livestock products","032","Argentina","5510","Production","0111","Wheat","2016","2016","t","18395106","A","Official value",""
"QCL","Crops and livestock products","032","Argentina","5312","Area harvested","0111","Wheat","2017","2017","ha","5822173","A","Official value",""
"QCL","Crops and livestock products","032","Argentina","5412","Yield","0111","Wheat","2017","2017","kg/ha","3180.6","A","Official value",""
"QCL","Crops and livestock products","032","Argentina","5510","Production","0111","Wheat","2017","2017","t","18518045","A","Official value",""
"QCL","Crops and livestock products","032","Argentina","5312","Area harvested","0111","Wheat","2018","2018","ha","6050953","A","Official value",""
"QCL","Crops and livestock products","032","Argentina","5412","Yield","0111","Wheat","2018","2018","kg/ha","3216","A","Official value",""
"QCL","Crops and livestock products","032","Argentina","5510","Production","0111","Wheat","2018","2018","t","19459727","A","Official value",""
"QCL","Crops and livestock products","032","Argentina","5312","Area harvested","0111","Wheat","2019","2019","ha","6729838","A","Official value",""
"QCL","Crops and livestock products","032","Argentina","5412","Yield","0111","Wheat","2019","2019","kg/ha","2938.7","A","Official value",""
"QCL","Crops and livestock products","032","Argentina","5510","Production","0111","Wheat","2019","2019","t","19776942","A","Official value",""
"QCL","Crops and livestock products","032","Argentina","5312","Area harvested","0111","Wheat","2020","2020","ha","6394102","A","Official value",""
"QCL","Crops and livestock products","032","Argentina","5412","Yield","0111","Wheat","2020","2020","kg/ha","2759.5","A","Official value",""
"QCL","Crops and livestock products","032","Argentina","5510","Production","0111","Wheat","2020","2020","t","17644277","A","Official value",""
"QCL","Crops and livestock products","032","Argentina","5312","Area harvested","0111","Wheat","2021","2021","ha","6548477","A","Official value",""
"QCL","Crops and livestock products","032","Argentina","5412","Yield","0111","Wheat","2021","2021","kg/ha","3382.5","A","Official value",""
"QCL","Crops and livestock products","032","Argentina","5510","Production","0111","Wheat","2021","2021","t","22150287","A","Official value",""
"QCL","Crops and livestock products","032","Argentina","5312","Area harvested","0111","Wheat","2022","2022","ha","5488728","A","Official value",""
"QCL","Crops and livestock products","032","Argentina","5412","Yield","0111","Wheat","2022","2022","kg/ha","2287.6","A","Official value",""
"QCL","Crops and livestock products","032","Argentina","5510","Production","0111","Wheat","2022","2022","t","12555860","A","Official value",""
"QCL","Crops and livestock products","032","Argentina","5312","Area harvested","0111","Wheat","2023","2023","ha","5575352","A","Official value",""
"QCL","Crops and livestock products","032","Argentina","5412","Yield","0111","Wheat","2023","2023","kg/ha","2843.4","A","Official value",""
"QCL","Crops and livestock products","032","Argentina","5510","Production","0111","Wheat","2023","2023","t","15853154","A","Official value",""
"QCL","Crops and livestock products","032","Argentina","5312","Area harvested","0111","Wheat","2024","2024","ha","6341303","A","Official value",""
"QCL","Crops and livestock products","032","Argentina","5412","Yield","0111","Wheat","2024","2024","kg/ha","2919","A","Official value",""
"QCL","Crops and livestock products","032","Argentina","5510","Production","0111","Wheat","2024","2024","t","18510280","A","Official value",""
"QCL","Crops and livestock products","051","Armenia","5312","Area harvested","0111","Wheat","2015","2015","ha","108485","A","Official value",""
"QCL","Crops and livestock products","051","Armenia","5412","Yield","0111","Wheat","2015","2015","kg/ha","3343.7","A","Official value",""
"QCL","Crops and livestock products","051","Armenia","5510","Production","0111","Wheat","2015","2015","t","362746","A","Official value",""
"QCL","Crops and livestock products","051","Armenia","5312","Area harvested","0111","Wheat","2016","2016","ha","108049","A","Official value",""
"QCL","Crops and livestock products","051","Armenia","5412","Yield","0111","Wheat","2016","2016","kg/ha","3242.7","A","Official value",""
"QCL","Crops and livestock products","051","Armenia","5510","Production","0111","Wheat","2016","2016","t","350369","A","Official value",""
"QCL","Crops and livestock products","051","Armenia","5312","Area harvested","0111","Wheat","2017","2017","ha","80992","A","Official value",""
"QCL","Crops and livestock products","051","Armenia","5412","Yield","0111","Wheat","2017","2017","kg/ha","2178.3","A","Official value",""
"QCL","Crops and livestock products","051","Armenia","5510","Production","0111","Wheat","2017","2017","t","176428","A","Official value",""
"QCL","Crops and livestock products","051","Armenia","5312","Area harvested","0111","Wheat","2018","2018","ha","66378","A","Official value",""
"QCL","Crops and livestock products","051","Armenia","5412","Yield","0111","Wheat","2018","2018","kg/ha","2824","A","Official value",""
"QCL","Crops and livestock products","051","Armenia","5510","Production","0111","Wheat","2018","2018","t","187453","A","Official value",""
"QCL","Crops and livestock products","051","Armenia","5312","Area harvested","0111","Wheat","2019","2019","ha","57563","A","Official value",""
"QCL","Crops and livestock products","051","Armenia","5412","Yield","0111","Wheat","2019","2019","kg/ha","1956.5","A","Official value",""
"QCL","Crops and livestock products","051","Armenia","5510","Production","0111","Wheat","2019","2019","t","112621","A","Official value",""
"QCL","Crops and livestock products","051","Armenia","5312","Area harvested","0111","Wheat","2020","2020","ha","58572","A","Official value",""
"QCL","Crops and livestock products","051","Armenia","5412","Yield","0111","Wheat","2020","2020","kg/ha","2252.8","A","Official value",""
"QCL","Crops and livestock products","051","Armenia","5510","Production","0111","Wheat","2020","2020","t","131951.2","A","Official value",""
"QCL","Crops and livestock products","051","Armenia","5312","Area harvested","0111","Wheat","2021","2021","ha","57952","A","Official value",""
"QCL","Crops and livestock products","051","Armenia","5412","Yield","0111","Wheat","2021","2021","kg/ha","1676.6","A","Official value",""
"QCL","Crops and livestock products","051","Armenia","5510","Production","0111","Wheat","2021","2021","t","97160.1","A","Official value",""
"QCL","Crops and livestock products","051","Armenia","5312","Area harvested","0111","Wheat","2022","2022","ha","56555","A","Official value",""
"QCL","Crops and livestock products","051","Armenia","5412","Yield","0111","Wheat","2022","2022","kg/ha","2450.9","A","Official value",""
"QCL","Crops and livestock products","051","Armenia","5510","Production","0111","Wheat","2022","2022","t","138612.8","A","Official value",""
"QCL","Crops and livestock products","051","Armenia","5312","Area harvested","0111","Wheat","2023","2023","ha","70398","A","Official value",""
"QCL","Crops and livestock products","051","Armenia","5412","Yield","0111","Wheat","2023","2023","kg/ha","2526.5","A","Official value",""
"QCL","Crops and livestock products","051","Armenia","5510","Production","0111","Wheat","2023","2023","t","177859.6","A","Official value",""
"QCL","Crops and livestock products","051","Armenia","5312","Area harvested","0111","Wheat","2024","2024","ha","56005","A","Official value",""
"QCL","Crops and livestock products","051","Armenia","5412","Yield","0111","Wheat","2024","2024","kg/ha","2147.6","A","Official value",""
"QCL","Crops and livestock products","051","Armenia","5510","Production","0111","Wheat","2024","2024","t","120277.1","A","Official value",""
"QCL","Crops and livestock products","036","Australia","5312","Area harvested","0111","Wheat","2015","2015","ha","11282202","A","Official value",""
"QCL","Crops and livestock products","036","Australia","5412","Yield","0111","Wheat","2015","2015","kg/ha","1974.3","A","Official value",""
"QCL","Crops and livestock products","036","Australia","5510","Production","0111","Wheat","2015","2015","t","22274514","A","Official value",""
"QCL","Crops and livestock products","036","Australia","5312","Area harvested","0111","Wheat","2016","2016","ha","12191153","A","Official value",""
"QCL","Crops and livestock products","036","Australia","5412","Yield","0111","Wheat","2016","2016","kg/ha","2610","A","Official value",""
"QCL","Crops and livestock products","036","Australia","5510","Production","0111","Wheat","2016","2016","t","31818743.54","A","Official value",""
"QCL","Crops and livestock products","036","Australia","5312","Area harvested","0111","Wheat","2017","2017","ha","10919180","A","Official value",""
"QCL","Crops and livestock products","036","Australia","5412","Yield","0111","Wheat","2017","2017","kg/ha","1917.8","A","Official value",""
"QCL","Crops and livestock products","036","Australia","5510","Production","0111","Wheat","2017","2017","t","20941134","A","Official value",""
"QCL","Crops and livestock products","036","Australia","5312","Area harvested","0111","Wheat","2018","2018","ha","10402271","A","Official value",""
"QCL","Crops and livestock products","036","Australia","5412","Yield","0111","Wheat","2018","2018","kg/ha","1691.7","A","Official value",""
"QCL","Crops and livestock products","036","Australia","5510","Production","0111","Wheat","2018","2018","t","17597560.79","A","Official value",""
"QCL","Crops and livestock products","036","Australia","5312","Area harvested","0111","Wheat","2019","2019","ha","9863184","A","Official value",""
"QCL","Crops and livestock products","036","Australia","5412","Yield","0111","Wheat","2019","2019","kg/ha","1468.1","A","Official value",""
"QCL","Crops and livestock products","036","Australia","5510","Production","0111","Wheat","2019","2019","t","14480217.44","A","Official value",""
"QCL","Crops and livestock products","036","Australia","5312","Area harvested","0111","Wheat","2020","2020","ha","12643216","A","Official value",""
"QCL","Crops and livestock products","036","Australia","5412","Yield","0111","Wheat","2020","2020","kg/ha","2524.9","A","Official value",""
"QCL","Crops and livestock products","036","Australia","5510","Production","0111","Wheat","2020","2020","t","31922554.7","A","Official value",""
"QCL","Crops and livestock products","036","Australia","5312","Area harvested","0111","Wheat","2021","2021","ha","12728252","A","Official value",""
"QCL","Crops and livestock products","036","Australia","5412","Yield","0111","Wheat","2021","2021","kg/ha","2847","A","Official value",""
"QCL","Crops and livestock products","036","Australia","5510","Production","0111","Wheat","2021","2021","t","36237477.23","A","Official value",""
"QCL","Crops and livestock products","036","Australia","5312","Area harvested","0111","Wheat","2022","2022","ha","12925286","A","Official value",""
"QCL","Crops and livestock products","036","Australia","5412","Yield","0111","Wheat","2022","2022","kg/ha","3187.5","A","Official value",""
"QCL","Crops and livestock products","036","Australia","5510","Production","0111","Wheat","2022","2022","t","41199486","A","Official value",""
"QCL","Crops and livestock products","036","Australia","5312","Area harvested","0111","Wheat","2023","2023","ha","10506997","A","Official value",""
"QCL","Crops and livestock products","036","Australia","5412","Yield","0111","Wheat","2023","2023","kg/ha","2667.6","A","Official value",""
"QCL","Crops and livestock products","036","Australia","5510","Production","0111","Wheat","2023","2023","t","28028429","A","Official value",""
"QCL","Crops and livestock products","036","Australia","5312","Area harvested","0111","Wheat","2024","2024","ha","13060000","A","Official value",""
"QCL","Crops and livestock products","036","Australia","5412","Yield","0111","Wheat","2024","2024","kg/ha","2611.8","A","Official value",""
"QCL","Crops and livestock products","036","Australia","5510","Production","0111","Wheat","2024","2024","t","34110000","A","Official value",""
"QCL","Crops and livestock products","040","Austria","5312","Area harvested","0111","Wheat","2015","2015","ha","302965","A","Official value",""
"QCL","Crops and livestock products","040","Austria","5412","Yield","0111","Wheat","2015","2015","kg/ha","5696.2","A","Official value",""
"QCL","Crops and livestock products","040","Austria","5510","Production","0111","Wheat","2015","2015","t","1725736.81","A","Official value",""
"QCL","Crops and livestock products","040","Austria","5312","Area harvested","0111","Wheat","2016","2016","ha","315088","A","Official value",""
"QCL","Crops and livestock products","040","Austria","5412","Yield","0111","Wheat","2016","2016","kg/ha","6253.4","A","Official value",""
"QCL","Crops and livestock products","040","Austria","5510","Production","0111","Wheat","2016","2016","t","1970363.6","A","Official value",""
"QCL","Crops and livestock products","040","Austria","5312","Area harvested","0111","Wheat","2017","2017","ha","295029","A","Official value",""
"QCL","Crops and livestock products","040","Austria","5412","Yield","0111","Wheat","2017","2017","kg/ha","4871.2","A","Official value",""
"QCL","Crops and livestock products","040","Austria","5510","Production","0111","Wheat","2017","2017","t","1437143","A","Official value",""
"QCL","Crops and livestock products","040","Austria","5312","Area harvested","0111","Wheat","2018","2018","ha","294290","A","Official value",""
"QCL","Crops and livestock products","040","Austria","5412","Yield","0111","Wheat","2018","2018","kg/ha","4645.3","A","Official value",""
"QCL","Crops and livestock products","040","Austria","5510","Production","0111","Wheat","2018","2018","t","1367060","A","Official value",""
"QCL","Crops and livestock products","040","Austria","5312","Area harvested","0111","Wheat","2019","2019","ha","278340","A","Official value",""
"QCL","Crops and livestock products","040","Austria","5412","Yield","0111","Wheat","2019","2019","kg/ha","5737.2","A","Official value",""
"QCL","Crops and livestock products","040","Austria","5510","Production","0111","Wheat","2019","2019","t","1596880","A","Official value",""
"QCL","Crops and livestock products","040","Austria","5312","Area harvested","0111","Wheat","2020","2020","ha","279020","A","Official value",""
"QCL","Crops and livestock products","040","Austria","5412","Yield","0111","Wheat","2020","2020","kg/ha","5923.4","A","Official value",""
"QCL","Crops and livestock products","040","Austria","5510","Production","0111","Wheat","2020","2020","t","1652740","A","Official value",""
"QCL","Crops and livestock products","040","Austria","5312","Area harvested","0111","Wheat","2021","2021","ha","279860","A","Official value",""
"QCL","Crops and livestock products","040","Austria","5412","Yield","0111","Wheat","2021","2021","kg/ha","5529.9","A","Official value",""
"QCL","Crops and livestock products","040","Austria","5510","Production","0111","Wheat","2021","2021","t","1547600","A","Official value",""
"QCL","Crops and livestock products","040","Austria","5312","Area harvested","0111","Wheat","2022","2022","ha","295510","A","Official value",""
"QCL","Crops and livestock products","040","Austria","5412","Yield","0111","Wheat","2022","2022","kg/ha","5795.2","A","Official value",""
"QCL","Crops and livestock products","040","Austria","5510","Production","0111","Wheat","2022","2022","t","1712530","A","Official value",""
"QCL","Crops and livestock products","040","Austria","5312","Area harvested","0111","Wheat","2023","2023","ha","281980","A","Official value",""
"QCL","Crops and livestock products","040","Austria","5412","Yield","0111","Wheat","2023","2023","kg/ha","6187.7","A","Official value",""
"QCL","Crops and livestock products","040","Austria","5510","Production","0111","Wheat","2023","2023","t","1744820","A","Official value",""
"QCL","Crops and livestock products","040","Austria","5312","Area harvested","0111","Wheat","2024","2024","ha","274230","A","Official value",""
"QCL","Crops and livestock products","040","Austria","5412","Yield","0111","Wheat","2024","2024","kg/ha","5747","A","Official value",""
"QCL","Crops and livestock products","040","Austria","5510","Production","0111","Wheat","2024","2024","t","1576010","A","Official value",""
"QCL","Crops and livestock products","031","Azerbaijan","5312","Area harvested","0111","Wheat","2015","2015","ha","539677","A","Official value",""
"QCL","Crops and livestock products","031","Azerbaijan","5412","Yield","0111","Wheat","2015","2015","kg/ha","3038.5","A","Official value",""
"QCL","Crops and livestock products","031","Azerbaijan","5510","Production","0111","Wheat","2015","2015","t","1639830","A","Official value",""
"QCL","Crops and livestock products","031","Azerbaijan","5312","Area harvested","0111","Wheat","2016","2016","ha","590603","A","Official value",""
"QCL","Crops and livestock products","031","Azerbaijan","5412","Yield","0111","Wheat","2016","2016","kg/ha","3047.5","A","Official value",""
"QCL","Crops and livestock products","031","Azerbaijan","5510","Production","0111","Wheat","2016","2016","t","1799858.5","A","Official value",""
"QCL","Crops and livestock products","031","Azerbaijan","5312","Area harvested","0111","Wheat","2017","2017","ha","596075","A","Official value",""
"QCL","Crops and livestock products","031","Azerbaijan","5412","Yield","0111","Wheat","2017","2017","kg/ha","2968.7","A","Official value",""
"QCL","Crops and livestock products","031","Azerbaijan","5510","Production","0111","Wheat","2017","2017","t","1769574.1","A","Official value",""
"QCL","Crops and livestock products","031","Azerbaijan","5312","Area harvested","0111","Wheat","2018","2018","ha","677834","A","Official value",""
"QCL","Crops and livestock products","031","Azerbaijan","5412","Yield","0111","Wheat","2018","2018","kg/ha","2938.3","A","Official value",""
"QCL","Crops and livestock products","031","Azerbaijan","5510","Production","0111","Wheat","2018","2018","t","1991683","A","Official value",""
"QCL","Crops and livestock products","031","Azerbaijan","5312","Area harvested","0111","Wheat","2019","2019","ha","669993","A","Official value",""
"QCL","Crops and livestock products","031","Azerbaijan","5412","Yield","0111","Wheat","2019","2019","kg/ha","3155.5","A","Official value",""
"QCL","Crops and livestock products","031","Azerbaijan","5510","Production","0111","Wheat","2019","2019","t","2114138.8","A","Official value",""
"QCL","Crops and livestock products","031","Azerbaijan","5312","Area harvested","0111","Wheat","2020","2020","ha","588415","A","Official value",""
"QCL","Crops and livestock products","031","Azerbaijan","5412","Yield","0111","Wheat","2020","2020","kg/ha","3090.8","A","Official value",""
"QCL","Crops and livestock products","031","Azerbaijan","5510","Production","0111","Wheat","2020","2020","t","1818664.8","A","Official value",""
"QCL","Crops and livestock products","031","Azerbaijan","5312","Area harvested","0111","Wheat","2021","2021","ha","572309","A","Official value",""
"QCL","Crops and livestock products","031","Azerbaijan","5412","Yield","0111","Wheat","2021","2021","kg/ha","3210.1","A","Official value",""
"QCL","Crops and livestock products","031","Azerbaijan","5510","Production","0111","Wheat","2021","2021","t","1837188.4","A","Official value",""
"QCL","Crops and livestock products","031","Azerbaijan","5312","Area harvested","0111","Wheat","2022","2022","ha","543442","A","Official value",""
"QCL","Crops and livestock products","031","Azerbaijan","5412","Yield","0111","Wheat","2022","2022","kg/ha","3111.3","A","Official value",""
"QCL","Crops and livestock products","031","Azerbaijan","5510","Production","0111","Wheat","2022","2022","t","1690831.6","A","Official value",""
"QCL","Crops and livestock products","031","Azerbaijan","5312","Area harvested","0111","Wheat","2023","2023","ha","542820","A","Official value",""
"QCL","Crops and livestock products","031","Azerbaijan","5412","Yield","0111","Wheat","2023","2023","kg/ha","3302","A","Official value",""
"QCL","Crops and livestock products","031","Azerbaijan","5510","Production","0111","Wheat","2023","2023","t","1792419.1","A","Official value",""
"QCL","Crops and livestock products","031","Azerbaijan","5312","Area harvested","0111","Wheat","2024","2024","ha","567818","I","Value imputed by a receiving agency",""
"QCL","Crops and livestock products","031","Azerbaijan","5412","Yield","0111","Wheat","2024","2024","kg/ha","3348","E","Estimated value",""
"QCL","Crops and livestock products","031","Azerbaijan","5510","Production","0111","Wheat","2024","2024","t","1901046.08","I","Value imputed by a receiving agency",""
"QCL","Crops and livestock products","044","Bahamas","5312","Area harvested","0111","Wheat","2015","2015","","","","",""
"QCL","Crops and livestock products","044","Bahamas","5412","Yield","0111","Wheat","2015","2015","","","","",""
"QCL","Crops and livestock products","044","Bahamas","5510","Production","0111","Wheat","2015","2015","","","","",""
"QCL","Crops and livestock products","044","Bahamas","5312","Area harvested","0111","Wheat","2016","2016","","","","",""
"QCL","Crops and livestock products","044","Bahamas","5412","Yield","0111","Wheat","2016","2016","","","","",""
"QCL","Crops and livestock products","044","Bahamas","5510","Production","0111","Wheat","2016","2016","","","","",""
"QCL","Crops and livestock products","044","Bahamas","5312","Area harvested","0111","Wheat","2017","2017","","","","",""
"QCL","Crops and livestock products","044","Bahamas","5412","Yield","0111","Wheat","2017","2017","","","","",""
"QCL","Crops and livestock products","044","Bahamas","5510","Production","0111","Wheat","2017","2017","","","","",""
"QCL","Crops and livestock products","044","Bahamas","5312","Area harvested","0111","Wheat","2018","2018","","","","",""
"QCL","Crops and livestock products","044","Bahamas","5412","Yield","0111","Wheat","2018","2018","","","","",""
"QCL","Crops and livestock products","044","Bahamas","5510","Production","0111","Wheat","2018","2018","","","","",""
"QCL","Crops and livestock products","044","Bahamas","5312","Area harvested","0111","Wheat","2019","2019","","","","",""
"QCL","Crops and livestock products","044","Bahamas","5412","Yield","0111","Wheat","2019","2019","","","","",""
"QCL","Crops and livestock products","044","Bahamas","5510","Production","0111","Wheat","2019","2019","","","","",""
"QCL","Crops and livestock products","044","Bahamas","5312","Area harvested","0111","Wheat","2020","2020","","","","",""
"QCL","Crops and livestock products","044","Bahamas","5412","Yield","0111","Wheat","2020","2020","","","","",""
"QCL","Crops and livestock products","044","Bahamas","5510","Production","0111","Wheat","2020","2020","","","","",""
"QCL","Crops and livestock products","044","Bahamas","5312","Area harvested","0111","Wheat","2021","2021","","","","",""
"QCL","Crops and livestock products","044","Bahamas","5412","Yield","0111","Wheat","2021","2021","","","","",""
"QCL","Crops and livestock products","044","Bahamas","5510","Production","0111","Wheat","2021","2021","","","","",""
"QCL","Crops and livestock products","044","Bahamas","5312","Area harvested","0111","Wheat","2022","2022","","","","",""
"QCL","Crops and livestock products","044","Bahamas","5412","Yield","0111","Wheat","2022","2022","","","","",""
"QCL","Crops and livestock products","044","Bahamas","5510","Production","0111","Wheat","2022","2022","","","","",""
"QCL","Crops and livestock products","044","Bahamas","5312","Area harvested","0111","Wheat","2023","2023","","","","",""
"QCL","Crops and livestock products","044","Bahamas","5412","Yield","0111","Wheat","2023","2023","","","","",""
"QCL","Crops and livestock products","044","Bahamas","5510","Production","0111","Wheat","2023","2023","","","","",""
"QCL","Crops and livestock products","044","Bahamas","5312","Area harvested","0111","Wheat","2024","2024","","","","",""
"QCL","Crops and livestock products","044","Bahamas","5412","Yield","0111","Wheat","2024","2024","","","","",""
"QCL","Crops and livestock products","044","Bahamas","5510","Production","0111","Wheat","2024","2024","","","","",""
"QCL","Crops and livestock products","048","Bahrain","5312","Area harvested","0111","Wheat","2015","2015","","","","",""
"QCL","Crops and livestock products","048","Bahrain","5412","Yield","0111","Wheat","2015","2015","","","","",""
"QCL","Crops and livestock products","048","Bahrain","5510","Production","0111","Wheat","2015","2015","","","","",""
"QCL","Crops and livestock products","048","Bahrain","5312","Area harvested","0111","Wheat","2016","2016","","","","",""
"QCL","Crops and livestock products","048","Bahrain","5412","Yield","0111","Wheat","2016","2016","","","","",""
"QCL","Crops and livestock products","048","Bahrain","5510","Production","0111","Wheat","2016","2016","","","","",""
"QCL","Crops and livestock products","048","Bahrain","5312","Area harvested","0111","Wheat","2017","2017","","","","",""
"QCL","Crops and livestock products","048","Bahrain","5412","Yield","0111","Wheat","2017","2017","","","","",""
"QCL","Crops and livestock products","048","Bahrain","5510","Production","0111","Wheat","2017","2017","","","","",""
"QCL","Crops and livestock products","048","Bahrain","5312","Area harvested","0111","Wheat","2018","2018","","","","",""
"QCL","Crops and livestock products","048","Bahrain","5412","Yield","0111","Wheat","2018","2018","","","","",""
"QCL","Crops and livestock products","048","Bahrain","5510","Production","0111","Wheat","2018","2018","","","","",""
"QCL","Crops and livestock products","048","Bahrain","5312","Area harvested","0111","Wheat","2019","2019","","","","",""
"QCL","Crops and livestock products","048","Bahrain","5412","Yield","0111","Wheat","2019","2019","","","","",""
"QCL","Crops and livestock products","048","Bahrain","5510","Production","0111","Wheat","2019","2019","","","","",""
"QCL","Crops and livestock products","048","Bahrain","5312","Area harvested","0111","Wheat","2020","2020","","","","",""
"QCL","Crops and livestock products","048","Bahrain","5412","Yield","0111","Wheat","2020","2020","","","","",""
"QCL","Crops and livestock products","048","Bahrain","5510","Production","0111","Wheat","2020","2020","","","","",""
"QCL","Crops and livestock products","048","Bahrain","5312","Area harvested","0111","Wheat","2021","2021","","","","",""
"QCL","Crops and livestock products","048","Bahrain","5412","Yield","0111","Wheat","2021","2021","","","","",""
"QCL","Crops and livestock products","048","Bahrain","5510","Production","0111","Wheat","2021","2021","","","","",""
"QCL","Crops and livestock products","048","Bahrain","5312","Area harvested","0111","Wheat","2022","2022","","","","",""
"QCL","Crops and livestock products","048","Bahrain","5412","Yield","0111","Wheat","2022","2022","","","","",""
"QCL","Crops and livestock products","048","Bahrain","5510","Production","0111","Wheat","2022","2022","","","","",""
"QCL","Crops and livestock products","048","Bahrain","5312","Area harvested","0111","Wheat","2023","2023","","","","",""
"QCL","Crops and livestock products","048","Bahrain","5412","Yield","0111","Wheat","2023","2023","","","","",""
"QCL","Crops and livestock products","048","Bahrain","5510","Production","0111","Wheat","2023","2023","","","","",""
"QCL","Crops and livestock products","048","Bahrain","5312","Area harvested","0111","Wheat","2024","2024","","","","",""
"QCL","Crops and livestock products","048","Bahrain","5412","Yield","0111","Wheat","2024","2024","","","","",""
"QCL","Crops and livestock products","048","Bahrain","5510","Production","0111","Wheat","2024","2024","","","","",""
"QCL","Crops and livestock products","050","Bangladesh","5312","Area harvested","0111","Wheat","2015","2015","ha","436814","A","Official value",""
"QCL","Crops and livestock products","050","Bangladesh","5412","Yield","0111","Wheat","2015","2015","kg/ha","3086","A","Official value",""
"QCL","Crops and livestock products","050","Bangladesh","5510","Production","0111","Wheat","2015","2015","t","1348000","A","Official value",""
"QCL","Crops and livestock products","050","Bangladesh","5312","Area harvested","0111","Wheat","2016","2016","ha","444805","A","Official value",""
"QCL","Crops and livestock products","050","Bangladesh","5412","Yield","0111","Wheat","2016","2016","kg/ha","3031","A","Official value",""
"QCL","Crops and livestock products","050","Bangladesh","5510","Production","0111","Wheat","2016","2016","t","1348186","A","Official value",""
"QCL","Crops and livestock products","050","Bangladesh","5312","Area harvested","0111","Wheat","2017","2017","ha","415339","A","Official value",""
"QCL","Crops and livestock products","050","Bangladesh","5412","Yield","0111","Wheat","2017","2017","kg/ha","3157.6","A","Official value",""
"QCL","Crops and livestock products","050","Bangladesh","5510","Production","0111","Wheat","2017","2017","t","1311473","A","Official value",""
"QCL","Crops and livestock products","050","Bangladesh","5312","Area harvested","0111","Wheat","2018","2018","ha","351213","A","Official value",""
"QCL","Crops and livestock products","050","Bangladesh","5412","Yield","0111","Wheat","2018","2018","kg/ha","3130.2","A","Official value",""
"QCL","Crops and livestock products","050","Bangladesh","5510","Production","0111","Wheat","2018","2018","t","1099373","A","Official value",""
"QCL","Crops and livestock products","050","Bangladesh","5312","Area harvested","0111","Wheat","2019","2019","ha","330348","A","Official value",""
"QCL","Crops and livestock products","050","Bangladesh","5412","Yield","0111","Wheat","2019","2019","kg/ha","3078","A","Official value",""
"QCL","Crops and livestock products","050","Bangladesh","5510","Production","0111","Wheat","2019","2019","t","1016811","A","Official value",""
"QCL","Crops and livestock products","050","Bangladesh","5312","Area harvested","0111","Wheat","2020","2020","ha","332254","A","Official value",""
"QCL","Crops and livestock products","050","Bangladesh","5412","Yield","0111","Wheat","2020","2020","kg/ha","3097","A","Official value",""
"QCL","Crops and livestock products","050","Bangladesh","5510","Production","0111","Wheat","2020","2020","t","1029000","A","Official value",""
"QCL","Crops and livestock products","050","Bangladesh","5312","Area harvested","0111","Wheat","2021","2021","ha","328938","A","Official value",""
"QCL","Crops and livestock products","050","Bangladesh","5412","Yield","0111","Wheat","2021","2021","kg/ha","3299.6","A","Official value",""
"QCL","Crops and livestock products","050","Bangladesh","5510","Production","0111","Wheat","2021","2021","t","1085368","A","Official value",""
"QCL","Crops and livestock products","050","Bangladesh","5312","Area harvested","0111","Wheat","2022","2022","ha","314738","A","Official value",""
"QCL","Crops and livestock products","050","Bangladesh","5412","Yield","0111","Wheat","2022","2022","kg/ha","3450","A","Official value",""
"QCL","Crops and livestock products","050","Bangladesh","5510","Production","0111","Wheat","2022","2022","t","1085834","A","Official value",""
"QCL","Crops and livestock products","050","Bangladesh","5312","Area harvested","0111","Wheat","2023","2023","ha","316832","A","Official value",""
"QCL","Crops and livestock products","050","Bangladesh","5412","Yield","0111","Wheat","2023","2023","kg/ha","3494.6","A","Official value",""
"QCL","Crops and livestock products","050","Bangladesh","5510","Production","0111","Wheat","2023","2023","t","1107195","A","Official value",""
"QCL","Crops and livestock products","050","Bangladesh","5312","Area harvested","0111","Wheat","2024","2024","ha","311677","A","Official value",""
"QCL","Crops and livestock products","050","Bangladesh","5412","Yield","0111","Wheat","2024","2024","kg/ha","3761.1","A","Official value",""
"QCL","Crops and livestock products","050","Bangladesh","5510","Production","0111","Wheat","2024","2024","t","1172242","A","Official value",""
"QCL","Crops and livestock products","052","Barbados","5312","Area harvested","0111","Wheat","2015","2015","","","","",""
"QCL","Crops and livestock products","052","Barbados","5412","Yield","0111","Wheat","2015","2015","","","","",""
"QCL","Crops and livestock products","052","Barbados","5510","Production","0111","Wheat","2015","2015","","","","",""
"QCL","Crops and livestock products","052","Barbados","5312","Area harvested","0111","Wheat","2016","2016","","","","",""
"QCL","Crops and livestock products","052","Barbados","5412","Yield","0111","Wheat","2016","2016","","","","",""
"QCL","Crops and livestock products","052","Barbados","5510","Production","0111","Wheat","2016","2016","","","","",""
"QCL","Crops and livestock products","052","Barbados","5312","Area harvested","0111","Wheat","2017","2017","","","","",""
"QCL","Crops and livestock products","052","Barbados","5412","Yield","0111","Wheat","2017","2017","","","","",""
"QCL","Crops and livestock products","052","Barbados","5510","Production","0111","Wheat","2017","2017","","","","",""
"QCL","Crops and livestock products","052","Barbados","5312","Area harvested","0111","Wheat","2018","2018","","","","",""
"QCL","Crops and livestock products","052","Barbados","5412","Yield","0111","Wheat","2018","2018","","","","",""
"QCL","Crops and livestock products","052","Barbados","5510","Production","0111","Wheat","2018","2018","","","","",""
"QCL","Crops and livestock products","052","Barbados","5312","Area harvested","0111","Wheat","2019","2019","","","","",""
"QCL","Crops and livestock products","052","Barbados","5412","Yield","0111","Wheat","2019","2019","","","","",""
"QCL","Crops and livestock products","052","Barbados","5510","Production","0111","Wheat","2019","2019","","","","",""
"QCL","Crops and livestock products","052","Barbados","5312","Area harvested","0111","Wheat","2020","2020","","","","",""
"QCL","Crops and livestock products","052","Barbados","5412","Yield","0111","Wheat","2020","2020","","","","",""
"QCL","Crops and livestock products","052","Barbados","5510","Production","0111","Wheat","2020","2020","","","","",""
"QCL","Crops and livestock products","052","Barbados","5312","Area harvested","0111","Wheat","2021","2021","","","","",""
"QCL","Crops and livestock products","052","Barbados","5412","Yield","0111","Wheat","2021","2021","","","","",""
"QCL","Crops and livestock products","052","Barbados","5510","Production","0111","Wheat","2021","2021","","","","",""
"QCL","Crops and livestock products","052","Barbados","5312","Area harvested","0111","Wheat","2022","2022","","","","",""
"QCL","Crops and livestock products","052","Barbados","5412","Yield","0111","Wheat","2022","2022","","","","",""
"QCL","Crops and livestock products","052","Barbados","5510","Production","0111","Wheat","2022","2022","","","","",""
"QCL","Crops and livestock products","052","Barbados","5312","Area harvested","0111","Wheat","2023","2023","","","","",""
"QCL","Crops and livestock products","052","Barbados","5412","Yield","0111","Wheat","2023","2023","","","","",""
"QCL","Crops and livestock products","052","Barbados","5510","Production","0111","Wheat","2023","2023","","","","",""
"QCL","Crops and livestock products","052","Barbados","5312","Area harvested","0111","Wheat","2024","2024","","","","",""
"QCL","Crops and livestock products","052","Barbados","5412","Yield","0111","Wheat","2024","2024","","","","",""
"QCL","Crops and livestock products","052","Barbados","5510","Production","0111","Wheat","2024","2024","","","","",""
"QCL","Crops and livestock products","112","Belarus","5312","Area harvested","0111","Wheat","2015","2015","ha","730997","A","Official value",""
"QCL","Crops and livestock products","112","Belarus","5412","Yield","0111","Wheat","2015","2015","kg/ha","3962.3","A","Official value",""
"QCL","Crops and livestock products","112","Belarus","5510","Production","0111","Wheat","2015","2015","t","2896411","A","Official value",""
"QCL","Crops and livestock products","112","Belarus","5312","Area harvested","0111","Wheat","2016","2016","ha","710379","A","Official value",""
"QCL","Crops and livestock products","112","Belarus","5412","Yield","0111","Wheat","2016","2016","kg/ha","3293.8","A","Official value",""
"QCL","Crops and livestock products","112","Belarus","5510","Production","0111","Wheat","2016","2016","t","2339829","A","Official value",""
"QCL","Crops and livestock products","112","Belarus","5312","Area harvested","0111","Wheat","2017","2017","ha","717081","A","Official value",""
"QCL","Crops and livestock products","112","Belarus","5412","Yield","0111","Wheat","2017","2017","kg/ha","3654","A","Official value",""
"QCL","Crops and livestock products","112","Belarus","5510","Production","0111","Wheat","2017","2017","t","2620230","A","Official value",""
"QCL","Crops and livestock products","112","Belarus","5312","Area harvested","0111","Wheat","2018","2018","ha","660001","A","Official value",""
"QCL","Crops and livestock products","112","Belarus","5412","Yield","0111","Wheat","2018","2018","kg/ha","2749.6","A","Official value",""
"QCL","Crops and livestock products","112","Belarus","5510","Production","0111","Wheat","2018","2018","t","1814765","A","Official value",""
"QCL","Crops and livestock products","112","Belarus","5312","Area harvested","0111","Wheat","2019","2019","ha","693831","A","Official value",""
"QCL","Crops and livestock products","112","Belarus","5412","Yield","0111","Wheat","2019","2019","kg/ha","3327.4","A","Official value",""
"QCL","Crops and livestock products","112","Belarus","5510","Production","0111","Wheat","2019","2019","t","2308660","A","Official value",""
"QCL","Crops and livestock products","112","Belarus","5312","Area harvested","0111","Wheat","2020","2020","ha","722711","A","Official value",""
"QCL","Crops and livestock products","112","Belarus","5412","Yield","0111","Wheat","2020","2020","kg/ha","3941.3","A","Official value",""
"QCL","Crops and livestock products","112","Belarus","5510","Production","0111","Wheat","2020","2020","t","2848391","A","Official value",""
"QCL","Crops and livestock products","112","Belarus","5312","Area harvested","0111","Wheat","2021","2021","ha","726300","A","Official value",""
"QCL","Crops and livestock products","112","Belarus","5412","Yield","0111","Wheat","2021","2021","kg/ha","3360.9","A","Official value",""
"QCL","Crops and livestock products","112","Belarus","5510","Production","0111","Wheat","2021","2021","t","2441000","A","Official value",""
"QCL","Crops and livestock products","112","Belarus","5312","Area harvested","0111","Wheat","2022","2022","ha","795000","A","Official value",""
"QCL","Crops and livestock products","112","Belarus","5412","Yield","0111","Wheat","2022","2022","kg/ha","3647.8","E","Estimated value",""
"QCL","Crops and livestock products","112","Belarus","5510","Production","0111","Wheat","2022","2022","t","2900000","X","Value from external organization","Unofficial figure"
"QCL","Crops and livestock products","112","Belarus","5312","Area harvested","0111","Wheat","2023","2023","ha","648265","I","Value imputed by a receiving agency",""
"QCL","Crops and livestock products","112","Belarus","5412","Yield","0111","Wheat","2023","2023","kg/ha","3702.2","E","Estimated value",""
"QCL","Crops and livestock products","112","Belarus","5510","Production","0111","Wheat","2023","2023","t","2400000","X","Value from external organization","Unofficial figure"
"QCL","Crops and livestock products","112","Belarus","5312","Area harvested","0111","Wheat","2024","2024","ha","720000","X","Value from external organization","Unofficial figure"
"QCL","Crops and livestock products","112","Belarus","5412","Yield","0111","Wheat","2024","2024","kg/ha","3819.4","X","Value from external organization",""
"QCL","Crops and livestock products","112","Belarus","5510","Production","0111","Wheat","2024","2024","t","2750000","X","Value from external organization","Unofficial figure"
"QCL","Crops and livestock products","056","Belgium","5312","Area harvested","0111","Wheat","2015","2015","ha","201628","A","Official value",""
"QCL","Crops and livestock products","056","Belgium","5412","Yield","0111","Wheat","2015","2015","kg/ha","10015.2","A","Official value",""
"QCL","Crops and livestock products","056","Belgium","5510","Production","0111","Wheat","2015","2015","t","2019347","A","Official value",""
"QCL","Crops and livestock products","056","Belgium","5312","Area harvested","0111","Wheat","2016","2016","ha","206284","A","Official value",""
"QCL","Crops and livestock products","056","Belgium","5412","Yield","0111","Wheat","2016","2016","kg/ha","6787.1","A","Official value",""
"QCL","Crops and livestock products","056","Belgium","5510","Production","0111","Wheat","2016","2016","t","1400074","A","Official value",""
"QCL","Crops and livestock products","056","Belgium","5312","Area harvested","0111","Wheat","2017","2017","ha","197592","A","Official value",""
"QCL","Crops and livestock products","056","Belgium","5412","Yield","0111","Wheat","2017","2017","kg/ha","8617.4","A","Official value",""
"QCL","Crops and livestock products","056","Belgium","5510","Production","0111","Wheat","2017","2017","t","1702721","A","Official value",""
"QCL","Crops and livestock products","056","Belgium","5312","Area harvested","0111","Wheat","2018","2018","ha","195690","A","Official value",""
"QCL","Crops and livestock products","056","Belgium","5412","Yield","0111","Wheat","2018","2018","kg/ha","8492.3","A","Official value",""
"QCL","Crops and livestock products","056","Belgium","5510","Production","0111","Wheat","2018","2018","t","1661860","A","Official value",""
"QCL","Crops and livestock products","056","Belgium","5312","Area harvested","0111","Wheat","2019","2019","ha","203760","A","Official value",""
"QCL","Crops and livestock products","056","Belgium","5412","Yield","0111","Wheat","2019","2019","kg/ha","9336.4","A","Official value",""
"QCL","Crops and livestock products","056","Belgium","5510","Production","0111","Wheat","2019","2019","t","1902380","A","Official value",""
"QCL","Crops and livestock products","056","Belgium","5312","Area harvested","0111","Wheat","2020","2020","ha","194660","A","Official value",""
"QCL","Crops and livestock products","056","Belgium","5412","Yield","0111","Wheat","2020","2020","kg/ha","8946.3","A","Official value",""
"QCL","Crops and livestock products","056","Belgium","5510","Production","0111","Wheat","2020","2020","t","1741480","A","Official value",""
"QCL","Crops and livestock products","056","Belgium","5312","Area harvested","0111","Wheat","2021","2021","ha","209180","A","Official value",""
"QCL","Crops and livestock products","056","Belgium","5412","Yield","0111","Wheat","2021","2021","kg/ha","7788.4","A","Official value",""
"QCL","Crops and livestock products","056","Belgium","5510","Production","0111","Wheat","2021","2021","t","1629180","A","Official value",""
"QCL","Crops and livestock products","056","Belgium","5312","Area harvested","0111","Wheat","2022","2022","ha","204460","A","Official value",""
"QCL","Crops and livestock products","056","Belgium","5412","Yield","0111","Wheat","2022","2022","kg/ha","9057.4","A","Official value",""
"QCL","Crops and livestock products","056","Belgium","5510","Production","0111","Wheat","2022","2022","t","1851870","A","Official value",""
"QCL","Crops and livestock products","056","Belgium","5312","Area harvested","0111","Wheat","2023","2023","ha","212610","A","Official value",""
"QCL","Crops and livestock products","056","Belgium","5412","Yield","0111","Wheat","2023","2023","kg/ha","8424.7","A","Official value",""
"QCL","Crops and livestock products","056","Belgium","5510","Production","0111","Wheat","2023","2023","t","1791170","A","Official value",""
"QCL","Crops and livestock products","056","Belgium","5312","Area harvested","0111","Wheat","2024","2024","ha","164540","A","Official value",""
"QCL","Crops and livestock products","056","Belgium","5412","Yield","0111","Wheat","2024","2024","kg/ha","6624.8","A","Official value",""
"QCL","Crops and livestock products","056","Belgium","5510","Production","0111","Wheat","2024","2024","t","1090040","A","Official value",""
"QCL","Crops and livestock products","058","Belgium-Luxembourg","5312","Area harvested","0111","Wheat","2015","2015","","","","",""
"QCL","Crops and livestock products","058","Belgium-Luxembourg","5412","Yield","0111","Wheat","2015","2015","","","","",""
"QCL","Crops and livestock products","058","Belgium-Luxembourg","5510","Production","0111","Wheat","2015","2015","","","","",""
"QCL","Crops and livestock products","058","Belgium-Luxembourg","5312","Area harvested","0111","Wheat","2016","2016","","","","",""
"QCL","Crops and livestock products","058","Belgium-Luxembourg","5412","Yield","0111","Wheat","2016","2016","","","","",""
"QCL","Crops and livestock products","058","Belgium-Luxembourg","5510","Production","0111","Wheat","2016","2016","","","","",""
"QCL","Crops and livestock products","058","Belgium-Luxembourg","5312","Area harvested","0111","Wheat","2017","2017","","","","",""
"QCL","Crops and livestock products","058","Belgium-Luxembourg","5412","Yield","0111","Wheat","2017","2017","","","","",""
"QCL","Crops and livestock products","058","Belgium-Luxembourg","5510","Production","0111","Wheat","2017","2017","","","","",""
"QCL","Crops and livestock products","058","Belgium-Luxembourg","5312","Area harvested","0111","Wheat","2018","2018","","","","",""
"QCL","Crops and livestock products","058","Belgium-Luxembourg","5412","Yield","0111","Wheat","2018","2018","","","","",""
"QCL","Crops and livestock products","058","Belgium-Luxembourg","5510","Production","0111","Wheat","2018","2018","","","","",""
"QCL","Crops and livestock products","058","Belgium-Luxembourg","5312","Area harvested","0111","Wheat","2019","2019","","","","",""
"QCL","Crops and livestock products","058","Belgium-Luxembourg","5412","Yield","0111","Wheat","2019","2019","","","","",""
"QCL","Crops and livestock products","058","Belgium-Luxembourg","5510","Production","0111","Wheat","2019","2019","","","","",""
"QCL","Crops and livestock products","058","Belgium-Luxembourg","5312","Area harvested","0111","Wheat","2020","2020","","","","",""
"QCL","Crops and livestock products","058","Belgium-Luxembourg","5412","Yield","0111","Wheat","2020","2020","","","","",""
"QCL","Crops and livestock products","058","Belgium-Luxembourg","5510","Production","0111","Wheat","2020","2020","","","","",""
"QCL","Crops and livestock products","058","Belgium-Luxembourg","5312","Area harvested","0111","Wheat","2021","2021","","","","",""
"QCL","Crops and livestock products","058","Belgium-Luxembourg","5412","Yield","0111","Wheat","2021","2021","","","","",""
"QCL","Crops and livestock products","058","Belgium-Luxembourg","5510","Production","0111","Wheat","2021","2021","","","","",""
"QCL","Crops and livestock products","058","Belgium-Luxembourg","5312","Area harvested","0111","Wheat","2022","2022","","","","",""
"QCL","Crops and livestock products","058","Belgium-Luxembourg","5412","Yield","0111","Wheat","2022","2022","","","","",""
"QCL","Crops and livestock products","058","Belgium-Luxembourg","5510","Production","0111","Wheat","2022","2022","","","","",""
"QCL","Crops and livestock products","058","Belgium-Luxembourg","5312","Area harvested","0111","Wheat","2023","2023","","","","",""
"QCL","Crops and livestock products","058","Belgium-Luxembourg","5412","Yield","0111","Wheat","2023","2023","","","","",""
"QCL","Crops and livestock products","058","Belgium-Luxembourg","5510","Production","0111","Wheat","2023","2023","","","","",""
"QCL","Crops and livestock products","058","Belgium-Luxembourg","5312","Area harvested","0111","Wheat","2024","2024","","","","",""
"QCL","Crops and livestock products","058","Belgium-Luxembourg","5412","Yield","0111","Wheat","2024","2024","","","","",""
"QCL","Crops and livestock products","058","Belgium-Luxembourg","5510","Production","0111","Wheat","2024","2024","","","","",""
"QCL","Crops and livestock products","084","Belize","5312","Area harvested","0111","Wheat","2015","2015","","","","",""
"QCL","Crops and livestock products","084","Belize","5412","Yield","0111","Wheat","2015","2015","","","","",""
"QCL","Crops and livestock products","084","Belize","5510","Production","0111","Wheat","2015","2015","","","","",""
"QCL","Crops and livestock products","084","Belize","5312","Area harvested","0111","Wheat","2016","2016","","","","",""
"QCL","Crops and livestock products","084","Belize","5412","Yield","0111","Wheat","2016","2016","","","","",""
"QCL","Crops and livestock products","084","Belize","5510","Production","0111","Wheat","2016","2016","","","","",""
"QCL","Crops and livestock products","084","Belize","5312","Area harvested","0111","Wheat","2017","2017","","","","",""
"QCL","Crops and livestock products","084","Belize","5412","Yield","0111","Wheat","2017","2017","","","","",""
"QCL","Crops and livestock products","084","Belize","5510","Production","0111","Wheat","2017","2017","","","","",""
"QCL","Crops and livestock products","084","Belize","5312","Area harvested","0111","Wheat","2018","2018","","","","",""
"QCL","Crops and livestock products","084","Belize","5412","Yield","0111","Wheat","2018","2018","","","","",""
"QCL","Crops and livestock products","084","Belize","5510","Production","0111","Wheat","2018","2018","","","","",""
"QCL","Crops and livestock products","084","Belize","5312","Area harvested","0111","Wheat","2019","2019","","","","",""
"QCL","Crops and livestock products","084","Belize","5412","Yield","0111","Wheat","2019","2019","","","","",""
"QCL","Crops and livestock products","084","Belize","5510","Production","0111","Wheat","2019","2019","","","","",""
"QCL","Crops and livestock products","084","Belize","5312","Area harvested","0111","Wheat","2020","2020","","","","",""
"QCL","Crops and livestock products","084","Belize","5412","Yield","0111","Wheat","2020","2020","","","","",""
"QCL","Crops and livestock products","084","Belize","5510","Production","0111","Wheat","2020","2020","","","","",""
"QCL","Crops and livestock products","084","Belize","5312","Area harvested","0111","Wheat","2021","2021","","","","",""
"QCL","Crops and livestock products","084","Belize","5412","Yield","0111","Wheat","2021","2021","","","","",""
"QCL","Crops and livestock products","084","Belize","5510","Production","0111","Wheat","2021","2021","","","","",""
"QCL","Crops and livestock products","084","Belize","5312","Area harvested","0111","Wheat","2022","2022","","","","",""
"QCL","Crops and livestock products","084","Belize","5412","Yield","0111","Wheat","2022","2022","","","","",""
"QCL","Crops and livestock products","084","Belize","5510","Production","0111","Wheat","2022","2022","","","","",""
"QCL","Crops and livestock products","084","Belize","5312","Area harvested","0111","Wheat","2023","2023","","","","",""
"QCL","Crops and livestock products","084","Belize","5412","Yield","0111","Wheat","2023","2023","","","","",""
"QCL","Crops and livestock products","084","Belize","5510","Production","0111","Wheat","2023","2023","","","","",""
"QCL","Crops and livestock products","084","Belize","5312","Area harvested","0111","Wheat","2024","2024","","","","",""
"QCL","Crops and livestock products","084","Belize","5412","Yield","0111","Wheat","2024","2024","","","","",""
"QCL","Crops and livestock products","084","Belize","5510","Production","0111","Wheat","2024","2024","","","","",""
"QCL","Crops and livestock products","204","Benin","5312","Area harvested","0111","Wheat","2015","2015","","","","",""
"QCL","Crops and livestock products","204","Benin","5412","Yield","0111","Wheat","2015","2015","","","","",""
"QCL","Crops and livestock products","204","Benin","5510","Production","0111","Wheat","2015","2015","","","","",""
"QCL","Crops and livestock products","204","Benin","5312","Area harvested","0111","Wheat","2016","2016","","","","",""
"QCL","Crops and livestock products","204","Benin","5412","Yield","0111","Wheat","2016","2016","","","","",""
"QCL","Crops and livestock products","204","Benin","5510","Production","0111","Wheat","2016","2016","","","","",""
"QCL","Crops and livestock products","204","Benin","5312","Area harvested","0111","Wheat","2017","2017","","","","",""
"QCL","Crops and livestock products","204","Benin","5412","Yield","0111","Wheat","2017","2017","","","","",""
"QCL","Crops and livestock products","204","Benin","5510","Production","0111","Wheat","2017","2017","","","","",""
"QCL","Crops and livestock products","204","Benin","5312","Area harvested","0111","Wheat","2018","2018","","","","",""
"QCL","Crops and livestock products","204","Benin","5412","Yield","0111","Wheat","2018","2018","","","","",""
"QCL","Crops and livestock products","204","Benin","5510","Production","0111","Wheat","2018","2018","","","","",""
"QCL","Crops and livestock products","204","Benin","5312","Area harvested","0111","Wheat","2019","2019","","","","",""
"QCL","Crops and livestock products","204","Benin","5412","Yield","0111","Wheat","2019","2019","","","","",""
"QCL","Crops and livestock products","204","Benin","5510","Production","0111","Wheat","2019","2019","","","","",""
"QCL","Crops and livestock products","204","Benin","5312","Area harvested","0111","Wheat","2020","2020","","","","",""
"QCL","Crops and livestock products","204","Benin","5412","Yield","0111","Wheat","2020","2020","","","","",""
"QCL","Crops and livestock products","204","Benin","5510","Production","0111","Wheat","2020","2020","","","","",""
"QCL","Crops and livestock products","204","Benin","5312","Area harvested","0111","Wheat","2021","2021","","","","",""
"QCL","Crops and livestock products","204","Benin","5412","Yield","0111","Wheat","2021","2021","","","","",""
"QCL","Crops and livestock products","204","Benin","5510","Production","0111","Wheat","2021","2021","","","","",""
"QCL","Crops and livestock products","204","Benin","5312","Area harvested","0111","Wheat","2022","2022","","","","",""
"QCL","Crops and livestock products","204","Benin","5412","Yield","0111","Wheat","2022","2022","","","","",""
"QCL","Crops and livestock products","204","Benin","5510","Production","0111","Wheat","2022","2022","","","","",""
"QCL","Crops and livestock products","204","Benin","5312","Area harvested","0111","Wheat","2023","2023","","","","",""
"QCL","Crops and livestock products","204","Benin","5412","Yield","0111","Wheat","2023","2023","","","","",""
"QCL","Crops and livestock products","204","Benin","5510","Production","0111","Wheat","2023","2023","","","","",""
"QCL","Crops and livestock products","204","Benin","5312","Area harvested","0111","Wheat","2024","2024","","","","",""
"QCL","Crops and livestock products","204","Benin","5412","Yield","0111","Wheat","2024","2024","","","","",""
"QCL","Crops and livestock products","204","Benin","5510","Production","0111","Wheat","2024","2024","","","","",""
"QCL","Crops and livestock products","064","Bhutan","5312","Area harvested","0111","Wheat","2015","2015","ha","1962","A","Official value",""
"QCL","Crops and livestock products","064","Bhutan","5412","Yield","0111","Wheat","2015","2015","kg/ha","1901.6","A","Official value",""
"QCL","Crops and livestock products","064","Bhutan","5510","Production","0111","Wheat","2015","2015","t","3730","A","Official value",""
"QCL","Crops and livestock products","064","Bhutan","5312","Area harvested","0111","Wheat","2016","2016","ha","1505","A","Official value",""
"QCL","Crops and livestock products","064","Bhutan","5412","Yield","0111","Wheat","2016","2016","kg/ha","1675.1","A","Official value",""
"QCL","Crops and livestock products","064","Bhutan","5510","Production","0111","Wheat","2016","2016","t","2521","A","Official value",""
"QCL","Crops and livestock products","064","Bhutan","5312","Area harvested","0111","Wheat","2017","2017","ha","2129","A","Official value",""
"QCL","Crops and livestock products","064","Bhutan","5412","Yield","0111","Wheat","2017","2017","kg/ha","1823.7","A","Official value",""
"QCL","Crops and livestock products","064","Bhutan","5510","Production","0111","Wheat","2017","2017","t","3883","A","Official value",""
"QCL","Crops and livestock products","064","Bhutan","5312","Area harvested","0111","Wheat","2018","2018","ha","1140","A","Official value",""
"QCL","Crops and livestock products","064","Bhutan","5412","Yield","0111","Wheat","2018","2018","kg/ha","1267.7","A","Official value",""
"QCL","Crops and livestock products","064","Bhutan","5510","Production","0111","Wheat","2018","2018","t","1445.19","A","Official value",""
"QCL","Crops and livestock products","064","Bhutan","5312","Area harvested","0111","Wheat","2019","2019","ha","1004","A","Official value",""
"QCL","Crops and livestock products","064","Bhutan","5412","Yield","0111","Wheat","2019","2019","kg/ha","1313","A","Official value",""
"QCL","Crops and livestock products","064","Bhutan","5510","Production","0111","Wheat","2019","2019","t","1318.54","A","Official value",""
"QCL","Crops and livestock products","064","Bhutan","5312","Area harvested","0111","Wheat","2020","2020","ha","995","A","Official value",""
"QCL","Crops and livestock products","064","Bhutan","5412","Yield","0111","Wheat","2020","2020","kg/ha","1632.1","A","Official value",""
"QCL","Crops and livestock products","064","Bhutan","5510","Production","0111","Wheat","2020","2020","t","1623.24","A","Official value",""
"QCL","Crops and livestock products","064","Bhutan","5312","Area harvested","0111","Wheat","2021","2021","ha","926","A","Official value",""
"QCL","Crops and livestock products","064","Bhutan","5412","Yield","0111","Wheat","2021","2021","kg/ha","1262.4","A","Official value",""
"QCL","Crops and livestock products","064","Bhutan","5510","Production","0111","Wheat","2021","2021","t","1168.94","A","Official value",""
"QCL","Crops and livestock products","064","Bhutan","5312","Area harvested","0111","Wheat","2022","2022","ha","716","A","Official value",""
"QCL","Crops and livestock products","064","Bhutan","5412","Yield","0111","Wheat","2022","2022","kg/ha","1075.3","A","Official value",""
"QCL","Crops and livestock products","064","Bhutan","5510","Production","0111","Wheat","2022","2022","t","769.78","A","Official value",""
"QCL","Crops and livestock products","064","Bhutan","5312","Area harvested","0111","Wheat","2023","2023","ha","731","A","Official value",""
"QCL","Crops and livestock products","064","Bhutan","5412","Yield","0111","Wheat","2023","2023","kg/ha","1145.6","A","Official value",""
"QCL","Crops and livestock products","064","Bhutan","5510","Production","0111","Wheat","2023","2023","t","837.01","A","Official value",""
"QCL","Crops and livestock products","064","Bhutan","5312","Area harvested","0111","Wheat","2024","2024","ha","746","A","Official value",""
"QCL","Crops and livestock products","064","Bhutan","5412","Yield","0111","Wheat","2024","2024","kg/ha","1123.8","A","Official value",""
"QCL","Crops and livestock products","064","Bhutan","5510","Production","0111","Wheat","2024","2024","t","838.34","A","Official value",""
"QCL","Crops and livestock products","068","Bolivia (Plurinational State of)","5312","Area harvested","0111","Wheat","2015","2015","ha","196188","A","Official value",""
"QCL","Crops and livestock products","068","Bolivia (Plurinational State of)","5412","Yield","0111","Wheat","2015","2015","kg/ha","1720.8","A","Official value",""
"QCL","Crops and livestock products","068","Bolivia (Plurinational State of)","5510","Production","0111","Wheat","2015","2015","t","337599","A","Official value",""
"QCL","Crops and livestock products","068","Bolivia (Plurinational State of)","5312","Area harvested","0111","Wheat","2016","2016","ha","229822","A","Official value",""
"QCL","Crops and livestock products","068","Bolivia (Plurinational State of)","5412","Yield","0111","Wheat","2016","2016","kg/ha","1433.4","A","Official value",""
"QCL","Crops and livestock products","068","Bolivia (Plurinational State of)","5510","Production","0111","Wheat","2016","2016","t","329437","A","Official value",""
"QCL","Crops and livestock products","068","Bolivia (Plurinational State of)","5312","Area harvested","0111","Wheat","2017","2017","ha","174386","A","Official value",""
"QCL","Crops and livestock products","068","Bolivia (Plurinational State of)","5412","Yield","0111","Wheat","2017","2017","kg/ha","884.8","A","Official value",""
"QCL","Crops and livestock products","068","Bolivia (Plurinational State of)","5510","Production","0111","Wheat","2017","2017","t","154293","A","Official value",""
"QCL","Crops and livestock products","068","Bolivia (Plurinational State of)","5312","Area harvested","0111","Wheat","2018","2018","ha","199569","A","Official value",""
"QCL","Crops and livestock products","068","Bolivia (Plurinational State of)","5412","Yield","0111","Wheat","2018","2018","kg/ha","1511.7","A","Official value",""
"QCL","Crops and livestock products","068","Bolivia (Plurinational State of)","5510","Production","0111","Wheat","2018","2018","t","301688.85","A","Official value",""
"QCL","Crops and livestock products","068","Bolivia (Plurinational State of)","5312","Area harvested","0111","Wheat","2019","2019","ha","197713","A","Official value",""
"QCL","Crops and livestock products","068","Bolivia (Plurinational State of)","5412","Yield","0111","Wheat","2019","2019","kg/ha","1199.3","A","Official value",""
"QCL","Crops and livestock products","068","Bolivia (Plurinational State of)","5510","Production","0111","Wheat","2019","2019","t","237127","A","Official value",""
"QCL","Crops and livestock products","068","Bolivia (Plurinational State of)","5312","Area harvested","0111","Wheat","2020","2020","ha","204546","A","Official value",""
"QCL","Crops and livestock products","068","Bolivia (Plurinational State of)","5412","Yield","0111","Wheat","2020","2020","kg/ha","1522","A","Official value",""
"QCL","Crops and livestock products","068","Bolivia (Plurinational State of)","5510","Production","0111","Wheat","2020","2020","t","311310","A","Official value",""
"QCL","Crops and livestock products","068","Bolivia (Plurinational State of)","5312","Area harvested","0111","Wheat","2021","2021","ha","201224","A","Official value",""
"QCL","Crops and livestock products","068","Bolivia (Plurinational State of)","5412","Yield","0111","Wheat","2021","2021","kg/ha","1675.2","A","Official value",""
"QCL","Crops and livestock products","068","Bolivia (Plurinational State of)","5510","Production","0111","Wheat","2021","2021","t","337098.61","A","Official value",""
"QCL","Crops and livestock products","068","Bolivia (Plurinational State of)","5312","Area harvested","0111","Wheat","2022","2022","ha","214962","A","Official value",""
"QCL","Crops and livestock products","068","Bolivia (Plurinational State of)","5412","Yield","0111","Wheat","2022","2022","kg/ha","1445.5","A","Official value",""
"QCL","Crops and livestock products","068","Bolivia (Plurinational State of)","5510","Production","0111","Wheat","2022","2022","t","310729.65","A","Official value",""
"QCL","Crops and livestock products","068","Bolivia (Plurinational State of)","5312","Area harvested","0111","Wheat","2023","2023","ha","215288","A","Official value",""
"QCL","Crops and livestock products","068","Bolivia (Plurinational State of)","5412","Yield","0111","Wheat","2023","2023","kg/ha","1267.2","A","Official value",""
"QCL","Crops and livestock products","068","Bolivia (Plurinational State of)","5510","Production","0111","Wheat","2023","2023","t","272806.32","A","Official value",""
"QCL","Crops and livestock products","068","Bolivia (Plurinational State of)","5312","Area harvested","0111","Wheat","2024","2024","ha","203162","A","Official value",""
"QCL","Crops and livestock products","068","Bolivia (Plurinational State of)","5412","Yield","0111","Wheat","2024","2024","kg/ha","1440.8","A","Official value",""
"QCL","Crops and livestock products","068","Bolivia (Plurinational State of)","5510","Production","0111","Wheat","2024","2024","t","292710.49","A","Official value",""
"QCL","Crops and livestock products","070","Bosnia and Herzegovina","5312","Area harvested","0111","Wheat","2015","2015","ha","60407","A","Official value",""
"QCL","Crops and livestock products","070","Bosnia and Herzegovina","5412","Yield","0111","Wheat","2015","2015","kg/ha","3526.3","A","Official value",""
"QCL","Crops and livestock products","070","Bosnia and Herzegovina","5510","Production","0111","Wheat","2015","2015","t","213015","A","Official value",""
"QCL","Crops and livestock products","070","Bosnia and Herzegovina","5312","Area harvested","0111","Wheat","2016","2016","ha","71394","A","Official value",""
"QCL","Crops and livestock products","070","Bosnia and Herzegovina","5412","Yield","0111","Wheat","2016","2016","kg/ha","4294.5","A","Official value",""
"QCL","Crops and livestock products","070","Bosnia and Herzegovina","5510","Production","0111","Wheat","2016","2016","t","306605","A","Official value",""
"QCL","Crops and livestock products","070","Bosnia and Herzegovina","5312","Area harvested","0111","Wheat","2017","2017","ha","70046","A","Official value",""
"QCL","Crops and livestock products","070","Bosnia and Herzegovina","5412","Yield","0111","Wheat","2017","2017","kg/ha","4174","A","Official value",""
"QCL","Crops and livestock products","070","Bosnia and Herzegovina","5510","Production","0111","Wheat","2017","2017","t","292368.04","A","Official value",""
"QCL","Crops and livestock products","070","Bosnia and Herzegovina","5312","Area harvested","0111","Wheat","2018","2018","ha","73591","A","Official value",""
"QCL","Crops and livestock products","070","Bosnia and Herzegovina","5412","Yield","0111","Wheat","2018","2018","kg/ha","4019.6","A","Official value",""
"QCL","Crops and livestock products","070","Bosnia and Herzegovina","5510","Production","0111","Wheat","2018","2018","t","295810","A","Official value",""
"QCL","Crops and livestock products","070","Bosnia and Herzegovina","5312","Area harvested","0111","Wheat","2019","2019","ha","68965","A","Official value",""
"QCL","Crops and livestock products","070","Bosnia and Herzegovina","5412","Yield","0111","Wheat","2019","2019","kg/ha","3839.2","A","Official value",""
"QCL","Crops and livestock products","070","Bosnia and Herzegovina","5510","Production","0111","Wheat","2019","2019","t","264769","A","Official value",""
"QCL","Crops and livestock products","070","Bosnia and Herzegovina","5312","Area harvested","0111","Wheat","2020","2020","ha","69914","A","Official value",""
"QCL","Crops and livestock products","070","Bosnia and Herzegovina","5412","Yield","0111","Wheat","2020","2020","kg/ha","4602.9","A","Official value",""
"QCL","Crops and livestock products","070","Bosnia and Herzegovina","5510","Production","0111","Wheat","2020","2020","t","321804","A","Official value",""
"QCL","Crops and livestock products","070","Bosnia and Herzegovina","5312","Area harvested","0111","Wheat","2021","2021","ha","65649","A","Official value",""
"QCL","Crops and livestock products","070","Bosnia and Herzegovina","5412","Yield","0111","Wheat","2021","2021","kg/ha","4788.8","A","Official value",""
"QCL","Crops and livestock products","070","Bosnia and Herzegovina","5510","Production","0111","Wheat","2021","2021","t","314382","A","Official value",""
"QCL","Crops and livestock products","070","Bosnia and Herzegovina","5312","Area harvested","0111","Wheat","2022","2022","ha","51541","A","Official value",""
"QCL","Crops and livestock products","070","Bosnia and Herzegovina","5412","Yield","0111","Wheat","2022","2022","kg/ha","5460","A","Official value",""
"QCL","Crops and livestock products","070","Bosnia and Herzegovina","5510","Production","0111","Wheat","2022","2022","t","281414","A","Official value",""
"QCL","Crops and livestock products","070","Bosnia and Herzegovina","5312","Area harvested","0111","Wheat","2023","2023","ha","57196","A","Official value",""
"QCL","Crops and livestock products","070","Bosnia and Herzegovina","5412","Yield","0111","Wheat","2023","2023","kg/ha","4310","A","Official value",""
"QCL","Crops and livestock products","070","Bosnia and Herzegovina","5510","Production","0111","Wheat","2023","2023","t","246515","A","Official value",""
"QCL","Crops and livestock products","070","Bosnia and Herzegovina","5312","Area harvested","0111","Wheat","2024","2024","ha","59168","A","Official value",""
"QCL","Crops and livestock products","070","Bosnia and Herzegovina","5412","Yield","0111","Wheat","2024","2024","kg/ha","4720","A","Official value",""
"QCL","Crops and livestock products","070","Bosnia and Herzegovina","5510","Production","0111","Wheat","2024","2024","t","279273","A","Official value",""
"QCL","Crops and livestock products","072","Botswana","5312","Area harvested","0111","Wheat","2015","2015","ha","0","E","Estimated value",""
"QCL","Crops and livestock products","072","Botswana","5412","Yield","0111","Wheat","2015","2015","","","","",""
"QCL","Crops and livestock products","072","Botswana","5510","Production","0111","Wheat","2015","2015","t","0","E","Estimated value",""
"QCL","Crops and livestock products","072","Botswana","5312","Area harvested","0111","Wheat","2016","2016","ha","0","E","Estimated value",""
"QCL","Crops and livestock products","072","Botswana","5412","Yield","0111","Wheat","2016","2016","","","","",""
"QCL","Crops and livestock products","072","Botswana","5510","Production","0111","Wheat","2016","2016","t","0","E","Estimated value",""
"QCL","Crops and livestock products","072","Botswana","5312","Area harvested","0111","Wheat","2017","2017","ha","0","E","Estimated value",""
"QCL","Crops and livestock products","072","Botswana","5412","Yield","0111","Wheat","2017","2017","","","","",""
"QCL","Crops and livestock products","072","Botswana","5510","Production","0111","Wheat","2017","2017","t","0","E","Estimated value",""
"QCL","Crops and livestock products","072","Botswana","5312","Area harvested","0111","Wheat","2018","2018","ha","910","A","Official value",""
"QCL","Crops and livestock products","072","Botswana","5412","Yield","0111","Wheat","2018","2018","kg/ha","1331.9","A","Official value",""
"QCL","Crops and livestock products","072","Botswana","5510","Production","0111","Wheat","2018","2018","t","1212","A","Official value",""
"QCL","Crops and livestock products","072","Botswana","5312","Area harvested","0111","Wheat","2019","2019","ha","620","A","Official value",""
"QCL","Crops and livestock products","072","Botswana","5412","Yield","0111","Wheat","2019","2019","kg/ha","608.1","A","Official value",""
"QCL","Crops and livestock products","072","Botswana","5510","Production","0111","Wheat","2019","2019","t","377","A","Official value",""
"QCL","Crops and livestock products","072","Botswana","5312","Area harvested","0111","Wheat","2020","2020","ha","755","A","Official value",""
"QCL","Crops and livestock products","072","Botswana","5412","Yield","0111","Wheat","2020","2020","kg/ha","1361.5","A","Official value",""
"QCL","Crops and livestock products","072","Botswana","5510","Production","0111","Wheat","2020","2020","t","1028.1","A","Official value",""
"QCL","Crops and livestock products","072","Botswana","5312","Area harvested","0111","Wheat","2021","2021","ha","852","A","Official value",""
"QCL","Crops and livestock products","072","Botswana","5412","Yield","0111","Wheat","2021","2021","kg/ha","1502.3","A","Official value",""
"QCL","Crops and livestock products","072","Botswana","5510","Production","0111","Wheat","2021","2021","t","1280","A","Official value",""
"QCL","Crops and livestock products","072","Botswana","5312","Area harvested","0111","Wheat","2022","2022","ha","1300","A","Official value",""
"QCL","Crops and livestock products","072","Botswana","5412","Yield","0111","Wheat","2022","2022","kg/ha","2200","A","Official value",""
"QCL","Crops and livestock products","072","Botswana","5510","Production","0111","Wheat","2022","2022","t","2860","A","Official value",""
"QCL","Crops and livestock products","072","Botswana","5312","Area harvested","0111","Wheat","2023","2023","ha","804","A","Official value",""
"QCL","Crops and livestock products","072","Botswana","5412","Yield","0111","Wheat","2023","2023","kg/ha","1007.5","A","Official value",""
"QCL","Crops and livestock products","072","Botswana","5510","Production","0111","Wheat","2023","2023","t","810","A","Official value",""
"QCL","Crops and livestock products","072","Botswana","5312","Area harvested","0111","Wheat","2024","2024","ha","1160","I","Value imputed by a receiving agency",""
"QCL","Crops and livestock products","072","Botswana","5412","Yield","0111","Wheat","2024","2024","kg/ha","1144.4","E","Estimated value",""
"QCL","Crops and livestock products","072","Botswana","5510","Production","0111","Wheat","2024","2024","t","1328.04","I","Value imputed by a receiving agency",""
"QCL","Crops and livestock products","076","Brazil","5312","Area harvested","0111","Wheat","2015","2015","ha","2472628","A","Official value",""
"QCL","Crops and livestock products","076","Brazil","5412","Yield","0111","Wheat","2015","2015","kg/ha","2227.8","A","Official value",""
"QCL","Crops and livestock products","076","Brazil","5510","Production","0111","Wheat","2015","2015","t","5508451","A","Official value",""
"QCL","Crops and livestock products","076","Brazil","5312","Area harvested","0111","Wheat","2016","2016","ha","2166170","A","Official value",""
"QCL","Crops and livestock products","076","Brazil","5412","Yield","0111","Wheat","2016","2016","kg/ha","3155.1","A","Official value",""
"QCL","Crops and livestock products","076","Brazil","5510","Production","0111","Wheat","2016","2016","t","6834421","A","Official value",""
"QCL","Crops and livestock products","076","Brazil","5312","Area harvested","0111","Wheat","2017","2017","ha","1905617","A","Official value",""
"QCL","Crops and livestock products","076","Brazil","5412","Yield","0111","Wheat","2017","2017","kg/ha","2279","A","Official value",""
"QCL","Crops and livestock products","076","Brazil","5510","Production","0111","Wheat","2017","2017","t","4342812","A","Official value",""
"QCL","Crops and livestock products","076","Brazil","5312","Area harvested","0111","Wheat","2018","2018","ha","2080204","A","Official value",""
"QCL","Crops and livestock products","076","Brazil","5412","Yield","0111","Wheat","2018","2018","kg/ha","2629.2","A","Official value",""
"QCL","Crops and livestock products","076","Brazil","5510","Production","0111","Wheat","2018","2018","t","5469236","A","Official value",""
"QCL","Crops and livestock products","076","Brazil","5312","Area harvested","0111","Wheat","2019","2019","ha","2103578","A","Official value",""
"QCL","Crops and livestock products","076","Brazil","5412","Yield","0111","Wheat","2019","2019","kg/ha","2657.8","A","Official value",""
"QCL","Crops and livestock products","076","Brazil","5510","Production","0111","Wheat","2019","2019","t","5590815","A","Official value",""
"QCL","Crops and livestock products","076","Brazil","5312","Area harvested","0111","Wheat","2020","2020","ha","2432603","A","Official value",""
"QCL","Crops and livestock products","076","Brazil","5412","Yield","0111","Wheat","2020","2020","kg/ha","2607.9","A","Official value",""
"QCL","Crops and livestock products","076","Brazil","5510","Production","0111","Wheat","2020","2020","t","6344079","A","Official value",""
"QCL","Crops and livestock products","076","Brazil","5312","Area harvested","0111","Wheat","2021","2021","ha","2752664","A","Official value",""
"QCL","Crops and livestock products","076","Brazil","5412","Yield","0111","Wheat","2021","2021","kg/ha","2862.1","A","Official value",""
"QCL","Crops and livestock products","076","Brazil","5510","Production","0111","Wheat","2021","2021","t","7878413","A","Official value",""
"QCL","Crops and livestock products","076","Brazil","5312","Area harvested","0111","Wheat","2022","2022","ha","3167112","A","Official value",""
"QCL","Crops and livestock products","076","Brazil","5412","Yield","0111","Wheat","2022","2022","kg/ha","3265.8","A","Official value",""
"QCL","Crops and livestock products","076","Brazil","5510","Production","0111","Wheat","2022","2022","t","10343182","A","Official value",""
"QCL","Crops and livestock products","076","Brazil","5312","Area harvested","0111","Wheat","2023","2023","ha","3330303","A","Official value",""
"QCL","Crops and livestock products","076","Brazil","5412","Yield","0111","Wheat","2023","2023","kg/ha","2321.2","A","Official value",""
"QCL","Crops and livestock products","076","Brazil","5510","Production","0111","Wheat","2023","2023","t","7730188","A","Official value",""
"QCL","Crops and livestock products","076","Brazil","5312","Area harvested","0111","Wheat","2024","2024","ha","2921518","A","Official value",""
"QCL","Crops and livestock products","076","Brazil","5412","Yield","0111","Wheat","2024","2024","kg/ha","2612.7","A","Official value",""
"QCL","Crops and livestock products","076","Brazil","5510","Production","0111","Wheat","2024","2024","t","7633178","A","Official value",""
"QCL","Crops and livestock products","096","Brunei Darussalam","5312","Area harvested","0111","Wheat","2015","2015","","","","",""
"QCL","Crops and livestock products","096","Brunei Darussalam","5412","Yield","0111","Wheat","2015","2015","","","","",""
"QCL","Crops and livestock products","096","Brunei Darussalam","5510","Production","0111","Wheat","2015","2015","","","","",""
"QCL","Crops and livestock products","096","Brunei Darussalam","5312","Area harvested","0111","Wheat","2016","2016","","","","",""
"QCL","Crops and livestock products","096","Brunei Darussalam","5412","Yield","0111","Wheat","2016","2016","","","","",""
"QCL","Crops and livestock products","096","Brunei Darussalam","5510","Production","0111","Wheat","2016","2016","","","","",""
"QCL","Crops and livestock products","096","Brunei Darussalam","5312","Area harvested","0111","Wheat","2017","2017","","","","",""
"QCL","Crops and livestock products","096","Brunei Darussalam","5412","Yield","0111","Wheat","2017","2017","","","","",""
"QCL","Crops and livestock products","096","Brunei Darussalam","5510","Production","0111","Wheat","2017","2017","","","","",""
"QCL","Crops and livestock products","096","Brunei Darussalam","5312","Area harvested","0111","Wheat","2018","2018","","","","",""
"QCL","Crops and livestock products","096","Brunei Darussalam","5412","Yield","0111","Wheat","2018","2018","","","","",""
"QCL","Crops and livestock products","096","Brunei Darussalam","5510","Production","0111","Wheat","2018","2018","","","","",""
"QCL","Crops and livestock products","096","Brunei Darussalam","5312","Area harvested","0111","Wheat","2019","2019","","","","",""
"QCL","Crops and livestock products","096","Brunei Darussalam","5412","Yield","0111","Wheat","2019","2019","","","","",""
"QCL","Crops and livestock products","096","Brunei Darussalam","5510","Production","0111","Wheat","2019","2019","","","","",""
"QCL","Crops and livestock products","096","Brunei Darussalam","5312","Area harvested","0111","Wheat","2020","2020","","","","",""
"QCL","Crops and livestock products","096","Brunei Darussalam","5412","Yield","0111","Wheat","2020","2020","","","","",""
"QCL","Crops and livestock products","096","Brunei Darussalam","5510","Production","0111","Wheat","2020","2020","","","","",""
"QCL","Crops and livestock products","096","Brunei Darussalam","5312","Area harvested","0111","Wheat","2021","2021","","","","",""
"QCL","Crops and livestock products","096","Brunei Darussalam","5412","Yield","0111","Wheat","2021","2021","","","","",""
"QCL","Crops and livestock products","096","Brunei Darussalam","5510","Production","0111","Wheat","2021","2021","","","","",""
"QCL","Crops and livestock products","096","Brunei Darussalam","5312","Area harvested","0111","Wheat","2022","2022","","","","",""
"QCL","Crops and livestock products","096","Brunei Darussalam","5412","Yield","0111","Wheat","2022","2022","","","","",""
"QCL","Crops and livestock products","096","Brunei Darussalam","5510","Production","0111","Wheat","2022","2022","","","","",""
"QCL","Crops and livestock products","096","Brunei Darussalam","5312","Area harvested","0111","Wheat","2023","2023","","","","",""
"QCL","Crops and livestock products","096","Brunei Darussalam","5412","Yield","0111","Wheat","2023","2023","","","","",""
"QCL","Crops and livestock products","096","Brunei Darussalam","5510","Production","0111","Wheat","2023","2023","","","","",""
"QCL","Crops and livestock products","096","Brunei Darussalam","5312","Area harvested","0111","Wheat","2024","2024","","","","",""
"QCL","Crops and livestock products","096","Brunei Darussalam","5412","Yield","0111","Wheat","2024","2024","","","","",""
"QCL","Crops and livestock products","096","Brunei Darussalam","5510","Production","0111","Wheat","2024","2024","","","","",""
"QCL","Crops and livestock products","100","Bulgaria","5312","Area harvested","0111","Wheat","2015","2015","ha","1105916","A","Official value",""
"QCL","Crops and livestock products","100","Bulgaria","5412","Yield","0111","Wheat","2015","2015","kg/ha","4531.6","A","Official value",""
"QCL","Crops and livestock products","100","Bulgaria","5510","Production","0111","Wheat","2015","2015","t","5011597","A","Official value",""
"QCL","Crops and livestock products","100","Bulgaria","5312","Area harvested","0111","Wheat","2016","2016","ha","1192590","A","Official value",""
"QCL","Crops and livestock products","100","Bulgaria","5412","Yield","0111","Wheat","2016","2016","kg/ha","4748.3","A","Official value",""
"QCL","Crops and livestock products","100","Bulgaria","5510","Production","0111","Wheat","2016","2016","t","5662721","A","Official value",""
"QCL","Crops and livestock products","100","Bulgaria","5312","Area harvested","0111","Wheat","2017","2017","ha","1144519","A","Official value",""
"QCL","Crops and livestock products","100","Bulgaria","5412","Yield","0111","Wheat","2017","2017","kg/ha","5358.3","A","Official value",""
"QCL","Crops and livestock products","100","Bulgaria","5510","Production","0111","Wheat","2017","2017","t","6132671","A","Official value",""
"QCL","Crops and livestock products","100","Bulgaria","5312","Area harvested","0111","Wheat","2018","2018","ha","1212010","A","Official value",""
"QCL","Crops and livestock products","100","Bulgaria","5412","Yield","0111","Wheat","2018","2018","kg/ha","4912.9","A","Official value",""
"QCL","Crops and livestock products","100","Bulgaria","5510","Production","0111","Wheat","2018","2018","t","5954520","A","Official value",""
"QCL","Crops and livestock products","100","Bulgaria","5312","Area harvested","0111","Wheat","2019","2019","ha","1198680","A","Official value",""
"QCL","Crops and livestock products","100","Bulgaria","5412","Yield","0111","Wheat","2019","2019","kg/ha","5272.2","A","Official value",""
"QCL","Crops and livestock products","100","Bulgaria","5510","Production","0111","Wheat","2019","2019","t","6319630","A","Official value",""
"QCL","Crops and livestock products","100","Bulgaria","5312","Area harvested","0111","Wheat","2020","2020","ha","1200180","A","Official value",""
"QCL","Crops and livestock products","100","Bulgaria","5412","Yield","0111","Wheat","2020","2020","kg/ha","4039.3","A","Official value",""
"QCL","Crops and livestock products","100","Bulgaria","5510","Production","0111","Wheat","2020","2020","t","4847940","A","Official value",""
"QCL","Crops and livestock products","100","Bulgaria","5312","Area harvested","0111","Wheat","2021","2021","ha","1206190","A","Official value",""
"QCL","Crops and livestock products","100","Bulgaria","5412","Yield","0111","Wheat","2021","2021","kg/ha","6087.8","A","Official value",""
"QCL","Crops and livestock products","100","Bulgaria","5510","Production","0111","Wheat","2021","2021","t","7342990","A","Official value",""
"QCL","Crops and livestock products","100","Bulgaria","5312","Area harvested","0111","Wheat","2022","2022","ha","1206580","A","Official value",""
"QCL","Crops and livestock products","100","Bulgaria","5412","Yield","0111","Wheat","2022","2022","kg/ha","5343.8","A","Official value",""
"QCL","Crops and livestock products","100","Bulgaria","5510","Production","0111","Wheat","2022","2022","t","6447770","A","Official value",""
"QCL","Crops and livestock products","100","Bulgaria","5312","Area harvested","0111","Wheat","2023","2023","ha","1220910","A","Official value",""
"QCL","Crops and livestock products","100","Bulgaria","5412","Yield","0111","Wheat","2023","2023","kg/ha","5614.5","A","Official value",""
"QCL","Crops and livestock products","100","Bulgaria","5510","Production","0111","Wheat","2023","2023","t","6854760","A","Official value",""
"QCL","Crops and livestock products","100","Bulgaria","5312","Area harvested","0111","Wheat","2024","2024","ha","1194510","A","Official value",""
"QCL","Crops and livestock products","100","Bulgaria","5412","Yield","0111","Wheat","2024","2024","kg/ha","5931.4","A","Official value",""
"QCL","Crops and livestock products","100","Bulgaria","5510","Production","0111","Wheat","2024","2024","t","7085140","A","Official value",""
"QCL","Crops and livestock products","854","Burkina Faso","5312","Area harvested","0111","Wheat","2015","2015","","","","",""
"QCL","Crops and livestock products","854","Burkina Faso","5412","Yield","0111","Wheat","2015","2015","","","","",""
"QCL","Crops and livestock products","854","Burkina Faso","5510","Production","0111","Wheat","2015","2015","","","","",""
"QCL","Crops and livestock products","854","Burkina Faso","5312","Area harvested","0111","Wheat","2016","2016","","","","",""
"QCL","Crops and livestock products","854","Burkina Faso","5412","Yield","0111","Wheat","2016","2016","","","","",""
"QCL","Crops and livestock products","854","Burkina Faso","5510","Production","0111","Wheat","2016","2016","","","","",""
"QCL","Crops and livestock products","854","Burkina Faso","5312","Area harvested","0111","Wheat","2017","2017","","","","",""
"QCL","Crops and livestock products","854","Burkina Faso","5412","Yield","0111","Wheat","2017","2017","","","","",""
"QCL","Crops and livestock products","854","Burkina Faso","5510","Production","0111","Wheat","2017","2017","","","","",""
"QCL","Crops and livestock products","854","Burkina Faso","5312","Area harvested","0111","Wheat","2018","2018","","","","",""
"QCL","Crops and livestock products","854","Burkina Faso","5412","Yield","0111","Wheat","2018","2018","","","","",""
"QCL","Crops and livestock products","854","Burkina Faso","5510","Production","0111","Wheat","2018","2018","","","","",""
"QCL","Crops and livestock products","854","Burkina Faso","5312","Area harvested","0111","Wheat","2019","2019","","","","",""
"QCL","Crops and livestock products","854","Burkina Faso","5412","Yield","0111","Wheat","2019","2019","","","","",""
"QCL","Crops and livestock products","854","Burkina Faso","5510","Production","0111","Wheat","2019","2019","","","","",""
"QCL","Crops and livestock products","854","Burkina Faso","5312","Area harvested","0111","Wheat","2020","2020","","","","",""
"QCL","Crops and livestock products","854","Burkina Faso","5412","Yield","0111","Wheat","2020","2020","","","","",""
"QCL","Crops and livestock products","854","Burkina Faso","5510","Production","0111","Wheat","2020","2020","","","","",""
"QCL","Crops and livestock products","854","Burkina Faso","5312","Area harvested","0111","Wheat","2021","2021","","","","",""
"QCL","Crops and livestock products","854","Burkina Faso","5412","Yield","0111","Wheat","2021","2021","","","","",""
"QCL","Crops and livestock products","854","Burkina Faso","5510","Production","0111","Wheat","2021","2021","","","","",""
"QCL","Crops and livestock products","854","Burkina Faso","5312","Area harvested","0111","Wheat","2022","2022","","","","",""
"QCL","Crops and livestock products","854","Burkina Faso","5412","Yield","0111","Wheat","2022","2022","","","","",""
"QCL","Crops and livestock products","854","Burkina Faso","5510","Production","0111","Wheat","2022","2022","","","","",""
"QCL","Crops and livestock products","854","Burkina Faso","5312","Area harvested","0111","Wheat","2023","2023","","","","",""
"QCL","Crops and livestock products","854","Burkina Faso","5412","Yield","0111","Wheat","2023","2023","","","","",""
"QCL","Crops and livestock products","854","Burkina Faso","5510","Production","0111","Wheat","2023","2023","","","","",""
"QCL","Crops and livestock products","854","Burkina Faso","5312","Area harvested","0111","Wheat","2024","2024","","","","",""
"QCL","Crops and livestock products","854","Burkina Faso","5412","Yield","0111","Wheat","2024","2024","","","","",""
"QCL","Crops and livestock products","854","Burkina Faso","5510","Production","0111","Wheat","2024","2024","","","","",""
"QCL","Crops and livestock products","108","Burundi","5312","Area harvested","0111","Wheat","2015","2015","ha","9740","A","Official value",""
"QCL","Crops and livestock products","108","Burundi","5412","Yield","0111","Wheat","2015","2015","kg/ha","683.3","E","Estimated value",""
"QCL","Crops and livestock products","108","Burundi","5510","Production","0111","Wheat","2015","2015","t","6655.66","I","Value imputed by a receiving agency",""
"QCL","Crops and livestock products","108","Burundi","5312","Area harvested","0111","Wheat","2016","2016","ha","20668","A","Official value",""
"QCL","Crops and livestock products","108","Burundi","5412","Yield","0111","Wheat","2016","2016","kg/ha","386.1","A","Official value",""
"QCL","Crops and livestock products","108","Burundi","5510","Production","0111","Wheat","2016","2016","t","7980","A","Official value",""
"QCL","Crops and livestock products","108","Burundi","5312","Area harvested","0111","Wheat","2017","2017","ha","20240","A","Official value",""
"QCL","Crops and livestock products","108","Burundi","5412","Yield","0111","Wheat","2017","2017","kg/ha","398.2","A","Official value",""
"QCL","Crops and livestock products","108","Burundi","5510","Production","0111","Wheat","2017","2017","t","8060","A","Official value",""
"QCL","Crops and livestock products","108","Burundi","5312","Area harvested","0111","Wheat","2018","2018","ha","16145","A","Official value",""
"QCL","Crops and livestock products","108","Burundi","5412","Yield","0111","Wheat","2018","2018","kg/ha","1409.2","A","Official value",""
"QCL","Crops and livestock products","108","Burundi","5510","Production","0111","Wheat","2018","2018","t","22751","A","Official value",""
"QCL","Crops and livestock products","108","Burundi","5312","Area harvested","0111","Wheat","2019","2019","ha","7645","A","Official value",""
"QCL","Crops and livestock products","108","Burundi","5412","Yield","0111","Wheat","2019","2019","kg/ha","640.2","A","Official value",""
"QCL","Crops and livestock products","108","Burundi","5510","Production","0111","Wheat","2019","2019","t","4894","A","Official value",""
"QCL","Crops and livestock products","108","Burundi","5312","Area harvested","0111","Wheat","2020","2020","ha","5729","I","Value imputed by a receiving agency",""
"QCL","Crops and livestock products","108","Burundi","5412","Yield","0111","Wheat","2020","2020","kg/ha","711.9","E","Estimated value",""
"QCL","Crops and livestock products","108","Burundi","5510","Production","0111","Wheat","2020","2020","t","4078","A","Official value",""
"QCL","Crops and livestock products","108","Burundi","5312","Area harvested","0111","Wheat","2021","2021","ha","12863","I","Value imputed by a receiving agency",""
"QCL","Crops and livestock products","108","Burundi","5412","Yield","0111","Wheat","2021","2021","kg/ha","722.6","E","Estimated value",""
"QCL","Crops and livestock products","108","Burundi","5510","Production","0111","Wheat","2021","2021","t","9295","A","Official value",""
"QCL","Crops and livestock products","108","Burundi","5312","Area harvested","0111","Wheat","2022","2022","ha","13089","I","Value imputed by a receiving agency",""
"QCL","Crops and livestock products","108","Burundi","5412","Yield","0111","Wheat","2022","2022","kg/ha","734","E","Estimated value",""
"QCL","Crops and livestock products","108","Burundi","5510","Production","0111","Wheat","2022","2022","t","9608","A","Official value",""
"QCL","Crops and livestock products","108","Burundi","5312","Area harvested","0111","Wheat","2023","2023","ha","12249","I","Value imputed by a receiving agency",""
"QCL","Crops and livestock products","108","Burundi","5412","Yield","0111","Wheat","2023","2023","kg/ha","732.2","E","Estimated value",""
"QCL","Crops and livestock products","108","Burundi","5510","Production","0111","Wheat","2023","2023","t","8969","A","Official value",""
"QCL","Crops and livestock products","108","Burundi","5312","Area harvested","0111","Wheat","2024","2024","ha","11453","I","Value imputed by a receiving agency",""
"QCL","Crops and livestock products","108","Burundi","5412","Yield","0111","Wheat","2024","2024","kg/ha","730.4","E","Estimated value",""
"QCL","Crops and livestock products","108","Burundi","5510","Production","0111","Wheat","2024","2024","t","8364.92","I","Value imputed by a receiving agency",""
"QCL","Crops and livestock products","132","Cabo Verde","5312","Area harvested","0111","Wheat","2015","2015","","","","",""
"QCL","Crops and livestock products","132","Cabo Verde","5412","Yield","0111","Wheat","2015","2015","","","","",""
"QCL","Crops and livestock products","132","Cabo Verde","5510","Production","0111","Wheat","2015","2015","","","","",""
"QCL","Crops and livestock products","132","Cabo Verde","5312","Area harvested","0111","Wheat","2016","2016","","","","",""
"QCL","Crops and livestock products","132","Cabo Verde","5412","Yield","0111","Wheat","2016","2016","","","","",""
"QCL","Crops and livestock products","132","Cabo Verde","5510","Production","0111","Wheat","2016","2016","","","","",""
"QCL","Crops and livestock products","132","Cabo Verde","5312","Area harvested","0111","Wheat","2017","2017","","","","",""
"QCL","Crops and livestock products","132","Cabo Verde","5412","Yield","0111","Wheat","2017","2017","","","","",""
"QCL","Crops and livestock products","132","Cabo Verde","5510","Production","0111","Wheat","2017","2017","","","","",""
"QCL","Crops and livestock products","132","Cabo Verde","5312","Area harvested","0111","Wheat","2018","2018","","","","",""
"QCL","Crops and livestock products","132","Cabo Verde","5412","Yield","0111","Wheat","2018","2018","","","","",""
"QCL","Crops and livestock products","132","Cabo Verde","5510","Production","0111","Wheat","2018","2018","","","","",""
"QCL","Crops and livestock products","132","Cabo Verde","5312","Area harvested","0111","Wheat","2019","2019","","","","",""
"QCL","Crops and livestock products","132","Cabo Verde","5412","Yield","0111","Wheat","2019","2019","","","","",""
"QCL","Crops and livestock products","132","Cabo Verde","5510","Production","0111","Wheat","2019","2019","","","","",""
"QCL","Crops and livestock products","132","Cabo Verde","5312","Area harvested","0111","Wheat","2020","2020","","","","",""
"QCL","Crops and livestock products","132","Cabo Verde","5412","Yield","0111","Wheat","2020","2020","","","","",""
"QCL","Crops and livestock products","132","Cabo Verde","5510","Production","0111","Wheat","2020","2020","","","","",""
"QCL","Crops and livestock products","132","Cabo Verde","5312","Area harvested","0111","Wheat","2021","2021","","","","",""
"QCL","Crops and livestock products","132","Cabo Verde","5412","Yield","0111","Wheat","2021","2021","","","","",""
"QCL","Crops and livestock products","132","Cabo Verde","5510","Production","0111","Wheat","2021","2021","","","","",""
"QCL","Crops and livestock products","132","Cabo Verde","5312","Area harvested","0111","Wheat","2022","2022","","","","",""
"QCL","Crops and livestock products","132","Cabo Verde","5412","Yield","0111","Wheat","2022","2022","","","","",""
"QCL","Crops and livestock products","132","Cabo Verde","5510","Production","0111","Wheat","2022","2022","","","","",""
"QCL","Crops and livestock products","132","Cabo Verde","5312","Area harvested","0111","Wheat","2023","2023","","","","",""
"QCL","Crops and livestock products","132","Cabo Verde","5412","Yield","0111","Wheat","2023","2023","","","","",""
"QCL","Crops and livestock products","132","Cabo Verde","5510","Production","0111","Wheat","2023","2023","","","","",""
"QCL","Crops and livestock products","132","Cabo Verde","5312","Area harvested","0111","Wheat","2024","2024","","","","",""
"QCL","Crops and livestock products","132","Cabo Verde","5412","Yield","0111","Wheat","2024","2024","","","","",""
"QCL","Crops and livestock products","132","Cabo Verde","5510","Production","0111","Wheat","2024","2024","","","","",""
"QCL","Crops and livestock products","116","Cambodia","5312","Area harvested","0111","Wheat","2015","2015","","","","",""
"QCL","Crops and livestock products","116","Cambodia","5412","Yield","0111","Wheat","2015","2015","","","","",""
"QCL","Crops and livestock products","116","Cambodia","5510","Production","0111","Wheat","2015","2015","","","","",""
"QCL","Crops and livestock products","116","Cambodia","5312","Area harvested","0111","Wheat","2016","2016","","","","",""
"QCL","Crops and livestock products","116","Cambodia","5412","Yield","0111","Wheat","2016","2016","","","","",""
"QCL","Crops and livestock products","116","Cambodia","5510","Production","0111","Wheat","2016","2016","","","","",""
"QCL","Crops and livestock products","116","Cambodia","5312","Area harvested","0111","Wheat","2017","2017","","","","",""
"QCL","Crops and livestock products","116","Cambodia","5412","Yield","0111","Wheat","2017","2017","","","","",""
"QCL","Crops and livestock products","116","Cambodia","5510","Production","0111","Wheat","2017","2017","","","","",""
"QCL","Crops and livestock products","116","Cambodia","5312","Area harvested","0111","Wheat","2018","2018","","","","",""
"QCL","Crops and livestock products","116","Cambodia","5412","Yield","0111","Wheat","2018","2018","","","","",""
"QCL","Crops and livestock products","116","Cambodia","5510","Production","0111","Wheat","2018","2018","","","","",""
"QCL","Crops and livestock products","116","Cambodia","5312","Area harvested","0111","Wheat","2019","2019","","","","",""
"QCL","Crops and livestock products","116","Cambodia","5412","Yield","0111","Wheat","2019","2019","","","","",""
"QCL","Crops and livestock products","116","Cambodia","5510","Production","0111","Wheat","2019","2019","","","","",""
"QCL","Crops and livestock products","116","Cambodia","5312","Area harvested","0111","Wheat","2020","2020","","","","",""
"QCL","Crops and livestock products","116","Cambodia","5412","Yield","0111","Wheat","2020","2020","","","","",""
"QCL","Crops and livestock products","116","Cambodia","5510","Production","0111","Wheat","2020","2020","","","","",""
"QCL","Crops and livestock products","116","Cambodia","5312","Area harvested","0111","Wheat","2021","2021","","","","",""
"QCL","Crops and livestock products","116","Cambodia","5412","Yield","0111","Wheat","2021","2021","","","","",""
"QCL","Crops and livestock products","116","Cambodia","5510","Production","0111","Wheat","2021","2021","","","","",""
"QCL","Crops and livestock products","116","Cambodia","5312","Area harvested","0111","Wheat","2022","2022","","","","",""
"QCL","Crops and livestock products","116","Cambodia","5412","Yield","0111","Wheat","2022","2022","","","","",""
"QCL","Crops and livestock products","116","Cambodia","5510","Production","0111","Wheat","2022","2022","","","","",""
"QCL","Crops and livestock products","116","Cambodia","5312","Area harvested","0111","Wheat","2023","2023","","","","",""
"QCL","Crops and livestock products","116","Cambodia","5412","Yield","0111","Wheat","2023","2023","","","","",""
"QCL","Crops and livestock products","116","Cambodia","5510","Production","0111","Wheat","2023","2023","","","","",""
"QCL","Crops and livestock products","116","Cambodia","5312","Area harvested","0111","Wheat","2024","2024","","","","",""
"QCL","Crops and livestock products","116","Cambodia","5412","Yield","0111","Wheat","2024","2024","","","","",""
"QCL","Crops and livestock products","116","Cambodia","5510","Production","0111","Wheat","2024","2024","","","","",""
"QCL","Crops and livestock products","120","Cameroon","5312","Area harvested","0111","Wheat","2015","2015","ha","638","I","Value imputed by a receiving agency",""
"QCL","Crops and livestock products","120","Cameroon","5412","Yield","0111","Wheat","2015","2015","kg/ha","1331.7","E","Estimated value",""
"QCL","Crops and livestock products","120","Cameroon","5510","Production","0111","Wheat","2015","2015","t","850","E","Estimated value",""
"QCL","Crops and livestock products","120","Cameroon","5312","Area harvested","0111","Wheat","2016","2016","ha","601","I","Value imputed by a receiving agency",""
"QCL","Crops and livestock products","120","Cameroon","5412","Yield","0111","Wheat","2016","2016","kg/ha","1331.9","E","Estimated value",""
"QCL","Crops and livestock products","120","Cameroon","5510","Production","0111","Wheat","2016","2016","t","800","E","Estimated value",""
"QCL","Crops and livestock products","120","Cameroon","5312","Area harvested","0111","Wheat","2017","2017","ha","599","I","Value imputed by a receiving agency",""
"QCL","Crops and livestock products","120","Cameroon","5412","Yield","0111","Wheat","2017","2017","kg/ha","1335.4","E","Estimated value",""
"QCL","Crops and livestock products","120","Cameroon","5510","Production","0111","Wheat","2017","2017","t","800","E","Estimated value",""
"QCL","Crops and livestock products","120","Cameroon","5312","Area harvested","0111","Wheat","2018","2018","ha","523","I","Value imputed by a receiving agency",""
"QCL","Crops and livestock products","120","Cameroon","5412","Yield","0111","Wheat","2018","2018","kg/ha","1337.2","E","Estimated value",""
"QCL","Crops and livestock products","120","Cameroon","5510","Production","0111","Wheat","2018","2018","t","700","E","Estimated value",""
"QCL","Crops and livestock products","120","Cameroon","5312","Area harvested","0111","Wheat","2019","2019","ha","374","I","Value imputed by a receiving agency",""
"QCL","Crops and livestock products","120","Cameroon","5412","Yield","0111","Wheat","2019","2019","kg/ha","1337.6","E","Estimated value",""
"QCL","Crops and livestock products","120","Cameroon","5510","Production","0111","Wheat","2019","2019","t","500","E","Estimated value",""
"QCL","Crops and livestock products","120","Cameroon","5312","Area harvested","0111","Wheat","2020","2020","ha","499","E","Estimated value",""
"QCL","Crops and livestock products","120","Cameroon","5412","Yield","0111","Wheat","2020","2020","kg/ha","1336.6","E","Estimated value",""
"QCL","Crops and livestock products","120","Cameroon","5510","Production","0111","Wheat","2020","2020","t","666.67","E","Estimated value",""
"QCL","Crops and livestock products","120","Cameroon","5312","Area harvested","0111","Wheat","2021","2021","ha","465","E","Estimated value",""
"QCL","Crops and livestock products","120","Cameroon","5412","Yield","0111","Wheat","2021","2021","kg/ha","1337.1","E","Estimated value",""
"QCL","Crops and livestock products","120","Cameroon","5510","Production","0111","Wheat","2021","2021","t","622.22","E","Estimated value",""
"QCL","Crops and livestock products","120","Cameroon","5312","Area harvested","0111","Wheat","2022","2022","ha","446","E","Estimated value",""
"QCL","Crops and livestock products","120","Cameroon","5412","Yield","0111","Wheat","2022","2022","kg/ha","1337.1","E","Estimated value",""
"QCL","Crops and livestock products","120","Cameroon","5510","Production","0111","Wheat","2022","2022","t","596.3","E","Estimated value",""
"QCL","Crops and livestock products","120","Cameroon","5312","Area harvested","0111","Wheat","2023","2023","ha","470","E","Estimated value",""
"QCL","Crops and livestock products","120","Cameroon","5412","Yield","0111","Wheat","2023","2023","kg/ha","1336.9","E","Estimated value",""
"QCL","Crops and livestock products","120","Cameroon","5510","Production","0111","Wheat","2023","2023","t","628.4","E","Estimated value",""
"QCL","Crops and livestock products","120","Cameroon","5312","Area harvested","0111","Wheat","2024","2024","ha","460","E","Estimated value",""
"QCL","Crops and livestock products","120","Cameroon","5412","Yield","0111","Wheat","2024","2024","kg/ha","1337","E","Estimated value",""
"QCL","Crops and livestock products","120","Cameroon","5510","Production","0111","Wheat","2024","2024","t","615.64","E","Estimated value",""
"QCL","Crops and livestock products","124","Canada","5312","Area harvested","0111","Wheat","2015","2015","ha","9558300","A","Official value",""
"QCL","Crops and livestock products","124","Canada","5412","Yield","0111","Wheat","2015","2015","kg/ha","2892.5","A","Official value",""
"QCL","Crops and livestock products","124","Canada","5510","Production","0111","Wheat","2015","2015","t","27647400","A","Official value",""
"QCL","Crops and livestock products","124","Canada","5312","Area harvested","0111","Wheat","2016","2016","ha","8976300","A","Official value",""
"QCL","Crops and livestock products","124","Canada","5412","Yield","0111","Wheat","2016","2016","kg/ha","3580.5","A","Official value",""
"QCL","Crops and livestock products","124","Canada","5510","Production","0111","Wheat","2016","2016","t","32139900","A","Official value",""
"QCL","Crops and livestock products","124","Canada","5312","Area harvested","0111","Wheat","2017","2017","ha","8983300","A","Official value",""
"QCL","Crops and livestock products","124","Canada","5412","Yield","0111","Wheat","2017","2017","kg/ha","3381.5","A","Official value",""
"QCL","Crops and livestock products","124","Canada","5510","Production","0111","Wheat","2017","2017","t","30377235","A","Official value",""
"QCL","Crops and livestock products","124","Canada","5312","Area harvested","0111","Wheat","2018","2018","ha","9880800","A","Official value",""
"QCL","Crops and livestock products","124","Canada","5412","Yield","0111","Wheat","2018","2018","kg/ha","3274.2","A","Official value",""
"QCL","Crops and livestock products","124","Canada","5510","Production","0111","Wheat","2018","2018","t","32351900","A","Official value",""
"QCL","Crops and livestock products","124","Canada","5312","Area harvested","0111","Wheat","2019","2019","ha","9655800","A","Official value",""
"QCL","Crops and livestock products","124","Canada","5412","Yield","0111","Wheat","2019","2019","kg/ha","3383.4","A","Official value",""
"QCL","Crops and livestock products","124","Canada","5510","Production","0111","Wheat","2019","2019","t","32669800","A","Official value",""
"QCL","Crops and livestock products","124","Canada","5312","Area harvested","0111","Wheat","2020","2020","ha","10017800","A","Official value",""
"QCL","Crops and livestock products","124","Canada","5412","Yield","0111","Wheat","2020","2020","kg/ha","3537.4","A","Official value",""
"QCL","Crops and livestock products","124","Canada","5510","Production","0111","Wheat","2020","2020","t","35437200","A","Official value",""
"QCL","Crops and livestock products","124","Canada","5312","Area harvested","0111","Wheat","2021","2021","ha","9198900","A","Official value",""
"QCL","Crops and livestock products","124","Canada","5412","Yield","0111","Wheat","2021","2021","kg/ha","2437.5","A","Official value",""
"QCL","Crops and livestock products","124","Canada","5510","Production","0111","Wheat","2021","2021","t","22422100","A","Official value",""
"QCL","Crops and livestock products","124","Canada","5312","Area harvested","0111","Wheat","2022","2022","ha","10110900","A","Official value",""
"QCL","Crops and livestock products","124","Canada","5412","Yield","0111","Wheat","2022","2022","kg/ha","3449","A","Official value",""
"QCL","Crops and livestock products","124","Canada","5510","Production","0111","Wheat","2022","2022","t","34872782","A","Official value",""
"QCL","Crops and livestock products","124","Canada","5312","Area harvested","0111","Wheat","2023","2023","ha","10709200","A","Official value",""
"QCL","Crops and livestock products","124","Canada","5412","Yield","0111","Wheat","2023","2023","kg/ha","3120.1","A","Official value",""
"QCL","Crops and livestock products","124","Canada","5510","Production","0111","Wheat","2023","2023","t","33413600","A","Official value",""
"QCL","Crops and livestock products","124","Canada","5312","Area harvested","0111","Wheat","2024","2024","ha","10652000","A","Official value",""
"QCL","Crops and livestock products","124","Canada","5412","Yield","0111","Wheat","2024","2024","kg/ha","3373.9","A","Official value",""
"QCL","Crops and livestock products","124","Canada","5510","Production","0111","Wheat","2024","2024","t","35938839","A","Official value",""
"QCL","Crops and livestock products","140","Central African Republic","5312","Area harvested","0111","Wheat","2015","2015","","","","",""
"QCL","Crops and livestock products","140","Central African Republic","5412","Yield","0111","Wheat","2015","2015","","","","",""
"QCL","Crops and livestock products","140","Central African Republic","5510","Production","0111","Wheat","2015","2015","","","","",""
"QCL","Crops and livestock products","140","Central African Republic","5312","Area harvested","0111","Wheat","2016","2016","","","","",""
"QCL","Crops and livestock products","140","Central African Republic","5412","Yield","0111","Wheat","2016","2016","","","","",""
"QCL","Crops and livestock products","140","Central African Republic","5510","Production","0111","Wheat","2016","2016","","","","",""
"QCL","Crops and livestock products","140","Central African Republic","5312","Area harvested","0111","Wheat","2017","2017","","","","",""
"QCL","Crops and livestock products","140","Central African Republic","5412","Yield","0111","Wheat","2017","2017","","","","",""
"QCL","Crops and livestock products","140","Central African Republic","5510","Production","0111","Wheat","2017","2017","","","","",""
"QCL","Crops and livestock products","140","Central African Republic","5312","Area harvested","0111","Wheat","2018","2018","","","","",""
"QCL","Crops and livestock products","140","Central African Republic","5412","Yield","0111","Wheat","2018","2018","","","","",""
"QCL","Crops and livestock products","140","Central African Republic","5510","Production","0111","Wheat","2018","2018","","","","",""
"QCL","Crops and livestock products","140","Central African Republic","5312","Area harvested","0111","Wheat","2019","2019","","","","",""
"QCL","Crops and livestock products","140","Central African Republic","5412","Yield","0111","Wheat","2019","2019","","","","",""
"QCL","Crops and livestock products","140","Central African Republic","5510","Production","0111","Wheat","2019","2019","","","","",""
"QCL","Crops and livestock products","140","Central African Republic","5312","Area harvested","0111","Wheat","2020","2020","","","","",""
"QCL","Crops and livestock products","140","Central African Republic","5412","Yield","0111","Wheat","2020","2020","","","","",""
"QCL","Crops and livestock products","140","Central African Republic","5510","Production","0111","Wheat","2020","2020","","","","",""
"QCL","Crops and livestock products","140","Central African Republic","5312","Area harvested","0111","Wheat","2021","2021","","","","",""
"QCL","Crops and livestock products","140","Central African Republic","5412","Yield","0111","Wheat","2021","2021","","","","",""
"QCL","Crops and livestock products","140","Central African Republic","5510","Production","0111","Wheat","2021","2021","","","","",""
"QCL","Crops and livestock products","140","Central African Republic","5312","Area harvested","0111","Wheat","2022","2022","","","","",""
"QCL","Crops and livestock products","140","Central African Republic","5412","Yield","0111","Wheat","2022","2022","","","","",""
"QCL","Crops and livestock products","140","Central African Republic","5510","Production","0111","Wheat","2022","2022","","","","",""
"QCL","Crops and livestock products","140","Central African Republic","5312","Area harvested","0111","Wheat","2023","2023","","","","",""
"QCL","Crops and livestock products","140","Central African Republic","5412","Yield","0111","Wheat","2023","2023","","","","",""
"QCL","Crops and livestock products","140","Central African Republic","5510","Production","0111","Wheat","2023","2023","","","","",""
"QCL","Crops and livestock products","140","Central African Republic","5312","Area harvested","0111","Wheat","2024","2024","","","","",""
"QCL","Crops and livestock products","140","Central African Republic","5412","Yield","0111","Wheat","2024","2024","","","","",""
"QCL","Crops and livestock products","140","Central African Republic","5510","Production","0111","Wheat","2024","2024","","","","",""
"QCL","Crops and livestock products","148","Chad","5312","Area harvested","0111","Wheat","2015","2015","ha","689","A","Official value",""
"QCL","Crops and livestock products","148","Chad","5412","Yield","0111","Wheat","2015","2015","kg/ha","1400.6","A","Official value",""
"QCL","Crops and livestock products","148","Chad","5510","Production","0111","Wheat","2015","2015","t","965","A","Official value",""
"QCL","Crops and livestock products","148","Chad","5312","Area harvested","0111","Wheat","2016","2016","ha","871","A","Official value",""
"QCL","Crops and livestock products","148","Chad","5412","Yield","0111","Wheat","2016","2016","kg/ha","2000","A","Official value",""
"QCL","Crops and livestock products","148","Chad","5510","Production","0111","Wheat","2016","2016","t","1742","A","Official value",""
"QCL","Crops and livestock products","148","Chad","5312","Area harvested","0111","Wheat","2017","2017","ha","950","A","Official value",""
"QCL","Crops and livestock products","148","Chad","5412","Yield","0111","Wheat","2017","2017","kg/ha","1968.4","A","Official value",""
"QCL","Crops and livestock products","148","Chad","5510","Production","0111","Wheat","2017","2017","t","1870","A","Official value",""
"QCL","Crops and livestock products","148","Chad","5312","Area harvested","0111","Wheat","2018","2018","ha","801","A","Official value",""
"QCL","Crops and livestock products","148","Chad","5412","Yield","0111","Wheat","2018","2018","kg/ha","2244","A","Official value",""
"QCL","Crops and livestock products","148","Chad","5510","Production","0111","Wheat","2018","2018","t","1798.02","A","Official value",""
"QCL","Crops and livestock products","148","Chad","5312","Area harvested","0111","Wheat","2019","2019","ha","862","A","Official value",""
"QCL","Crops and livestock products","148","Chad","5412","Yield","0111","Wheat","2019","2019","kg/ha","1871.2","A","Official value",""
"QCL","Crops and livestock products","148","Chad","5510","Production","0111","Wheat","2019","2019","t","1613","A","Official value",""
"QCL","Crops and livestock products","148","Chad","5312","Area harvested","0111","Wheat","2020","2020","ha","1003","A","Official value",""
"QCL","Crops and livestock products","148","Chad","5412","Yield","0111","Wheat","2020","2020","kg/ha","1809.6","A","Official value",""
"QCL","Crops and livestock products","148","Chad","5510","Production","0111","Wheat","2020","2020","t","1815","A","Official value",""
"QCL","Crops and livestock products","148","Chad","5312","Area harvested","0111","Wheat","2021","2021","ha","801","A","Official value",""
"QCL","Crops and livestock products","148","Chad","5412","Yield","0111","Wheat","2021","2021","kg/ha","1922.5","A","Official value",""
"QCL","Crops and livestock products","148","Chad","5510","Production","0111","Wheat","2021","2021","t","1539.53","A","Official value",""
"QCL","Crops and livestock products","148","Chad","5312","Area harvested","0111","Wheat","2022","2022","ha","646","A","Official value",""
"QCL","Crops and livestock products","148","Chad","5412","Yield","0111","Wheat","2022","2022","kg/ha","1865.3","A","Official value",""
"QCL","Crops and livestock products","148","Chad","5510","Production","0111","Wheat","2022","2022","t","1205","A","Official value",""
"QCL","Crops and livestock products","148","Chad","5312","Area harvested","0111","Wheat","2023","2023","ha","725","A","Official value",""
"QCL","Crops and livestock products","148","Chad","5412","Yield","0111","Wheat","2023","2023","kg/ha","1929.7","A","Official value",""
"QCL","Crops and livestock products","148","Chad","5510","Production","0111","Wheat","2023","2023","t","1399","A","Official value",""
"QCL","Crops and livestock products","148","Chad","5312","Area harvested","0111","Wheat","2024","2024","ha","831","A","Official value",""
"QCL","Crops and livestock products","148","Chad","5412","Yield","0111","Wheat","2024","2024","kg/ha","1628.2","A","Official value",""
"QCL","Crops and livestock products","148","Chad","5510","Production","0111","Wheat","2024","2024","t","1353","A","Official value",""
"QCL","Crops and livestock products","152","Chile","5312","Area harvested","0111","Wheat","2015","2015","ha","263164","A","Official value",""
"QCL","Crops and livestock products","152","Chile","5412","Yield","0111","Wheat","2015","2015","kg/ha","5632.6","A","Official value",""
"QCL","Crops and livestock products","152","Chile","5510","Production","0111","Wheat","2015","2015","t","1482310.1","A","Official value",""
"QCL","Crops and livestock products","152","Chile","5312","Area harvested","0111","Wheat","2016","2016","ha","285297","A","Official value",""
"QCL","Crops and livestock products","152","Chile","5412","Yield","0111","Wheat","2016","2016","kg/ha","6070.6","A","Official value",""
"QCL","Crops and livestock products","152","Chile","5510","Production","0111","Wheat","2016","2016","t","1731935","A","Official value",""
"QCL","Crops and livestock products","152","Chile","5312","Area harvested","0111","Wheat","2017","2017","ha","225042","A","Official value",""
"QCL","Crops and livestock products","152","Chile","5412","Yield","0111","Wheat","2017","2017","kg/ha","5996.6","A","Official value",""
"QCL","Crops and livestock products","152","Chile","5510","Production","0111","Wheat","2017","2017","t","1349491.9","A","Official value",""
"QCL","Crops and livestock products","152","Chile","5312","Area harvested","0111","Wheat","2018","2018","ha","236415","A","Official value",""
"QCL","Crops and livestock products","152","Chile","5412","Yield","0111","Wheat","2018","2018","kg/ha","6213.7","A","Official value",""
"QCL","Crops and livestock products","152","Chile","5510","Production","0111","Wheat","2018","2018","t","1469003.4","A","Official value",""
"QCL","Crops and livestock products","152","Chile","5312","Area harvested","0111","Wheat","2019","2019","ha","222705","A","Official value",""
"QCL","Crops and livestock products","152","Chile","5412","Yield","0111","Wheat","2019","2019","kg/ha","6286","A","Official value",""
"QCL","Crops and livestock products","152","Chile","5510","Production","0111","Wheat","2019","2019","t","1399919","A","Official value",""
"QCL","Crops and livestock products","152","Chile","5312","Area harvested","0111","Wheat","2020","2020","ha","205036","A","Official value",""
"QCL","Crops and livestock products","152","Chile","5412","Yield","0111","Wheat","2020","2020","kg/ha","6003.8","A","Official value",""
"QCL","Crops and livestock products","152","Chile","5510","Production","0111","Wheat","2020","2020","t","1230988","A","Official value",""
"QCL","Crops and livestock products","152","Chile","5312","Area harvested","0111","Wheat","2021","2021","ha","226275","A","Official value",""
"QCL","Crops and livestock products","152","Chile","5412","Yield","0111","Wheat","2021","2021","kg/ha","5982.1","A","Official value",""
"QCL","Crops and livestock products","152","Chile","5510","Production","0111","Wheat","2021","2021","t","1353607.94","A","Official value",""
"QCL","Crops and livestock products","152","Chile","5312","Area harvested","0111","Wheat","2022","2022","ha","187878","A","Official value",""
"QCL","Crops and livestock products","152","Chile","5412","Yield","0111","Wheat","2022","2022","kg/ha","5891.7","A","Official value",""
"QCL","Crops and livestock products","152","Chile","5510","Production","0111","Wheat","2022","2022","t","1106926.47","A","Official value",""
"QCL","Crops and livestock products","152","Chile","5312","Area harvested","0111","Wheat","2023","2023","ha","216733","A","Official value",""
"QCL","Crops and livestock products","152","Chile","5412","Yield","0111","Wheat","2023","2023","kg/ha","5951","A","Official value",""
"QCL","Crops and livestock products","152","Chile","5510","Production","0111","Wheat","2023","2023","t","1289773.79","A","Official value",""
"QCL","Crops and livestock products","152","Chile","5312","Area harvested","0111","Wheat","2024","2024","ha","198067","A","Official value",""
"QCL","Crops and livestock products","152","Chile","5412","Yield","0111","Wheat","2024","2024","kg/ha","6001.9","A","Official value",""
"QCL","Crops and livestock products","152","Chile","5510","Production","0111","Wheat","2024","2024","t","1188784.86","A","Official value",""
"QCL","Crops and livestock products","344","China, Hong Kong SAR","5312","Area harvested","0111","Wheat","2015","2015","","","","",""
"QCL","Crops and livestock products","344","China, Hong Kong SAR","5412","Yield","0111","Wheat","2015","2015","","","","",""
"QCL","Crops and livestock products","344","China, Hong Kong SAR","5510","Production","0111","Wheat","2015","2015","","","","",""
"QCL","Crops and livestock products","344","China, Hong Kong SAR","5312","Area harvested","0111","Wheat","2016","2016","","","","",""
"QCL","Crops and livestock products","344","China, Hong Kong SAR","5412","Yield","0111","Wheat","2016","2016","","","","",""
"QCL","Crops and livestock products","344","China, Hong Kong SAR","5510","Production","0111","Wheat","2016","2016","","","","",""
"QCL","Crops and livestock products","344","China, Hong Kong SAR","5312","Area harvested","0111","Wheat","2017","2017","","","","",""
"QCL","Crops and livestock products","344","China, Hong Kong SAR","5412","Yield","0111","Wheat","2017","2017","","","","",""
"QCL","Crops and livestock products","344","China, Hong Kong SAR","5510","Production","0111","Wheat","2017","2017","","","","",""
"QCL","Crops and livestock products","344","China, Hong Kong SAR","5312","Area harvested","0111","Wheat","2018","2018","","","","",""
"QCL","Crops and livestock products","344","China, Hong Kong SAR","5412","Yield","0111","Wheat","2018","2018","","","","",""
"QCL","Crops and livestock products","344","China, Hong Kong SAR","5510","Production","0111","Wheat","2018","2018","","","","",""
"QCL","Crops and livestock products","344","China, Hong Kong SAR","5312","Area harvested","0111","Wheat","2019","2019","","","","",""
"QCL","Crops and livestock products","344","China, Hong Kong SAR","5412","Yield","0111","Wheat","2019","2019","","","","",""
"QCL","Crops and livestock products","344","China, Hong Kong SAR","5510","Production","0111","Wheat","2019","2019","","","","",""
"QCL","Crops and livestock products","344","China, Hong Kong SAR","5312","Area harvested","0111","Wheat","2020","2020","","","","",""
"QCL","Crops and livestock products","344","China, Hong Kong SAR","5412","Yield","0111","Wheat","2020","2020","","","","",""
"QCL","Crops and livestock products","344","China, Hong Kong SAR","5510","Production","0111","Wheat","2020","2020","","","","",""
"QCL","Crops and livestock products","344","China, Hong Kong SAR","5312","Area harvested","0111","Wheat","2021","2021","","","","",""
"QCL","Crops and livestock products","344","China, Hong Kong SAR","5412","Yield","0111","Wheat","2021","2021","","","","",""
"QCL","Crops and livestock products","344","China, Hong Kong SAR","5510","Production","0111","Wheat","2021","2021","","","","",""
"QCL","Crops and livestock products","344","China, Hong Kong SAR","5312","Area harvested","0111","Wheat","2022","2022","","","","",""
"QCL","Crops and livestock products","344","China, Hong Kong SAR","5412","Yield","0111","Wheat","2022","2022","","","","",""
"QCL","Crops and livestock products","344","China, Hong Kong SAR","5510","Production","0111","Wheat","2022","2022","","","","",""
"QCL","Crops and livestock products","344","China, Hong Kong SAR","5312","Area harvested","0111","Wheat","2023","2023","","","","",""
"QCL","Crops and livestock products","344","China, Hong Kong SAR","5412","Yield","0111","Wheat","2023","2023","","","","",""
"QCL","Crops and livestock products","344","China, Hong Kong SAR","5510","Production","0111","Wheat","2023","2023","","","","",""
"QCL","Crops and livestock products","344","China, Hong Kong SAR","5312","Area harvested","0111","Wheat","2024","2024","","","","",""
"QCL","Crops and livestock products","344","China, Hong Kong SAR","5412","Yield","0111","Wheat","2024","2024","","","","",""
"QCL","Crops and livestock products","344","China, Hong Kong SAR","5510","Production","0111","Wheat","2024","2024","","","","",""
"QCL","Crops and livestock products","446","China, Macao SAR","5312","Area harvested","0111","Wheat","2015","2015","","","","",""
"QCL","Crops and livestock products","446","China, Macao SAR","5412","Yield","0111","Wheat","2015","2015","","","","",""
"QCL","Crops and livestock products","446","China, Macao SAR","5510","Production","0111","Wheat","2015","2015","","","","",""
"QCL","Crops and livestock products","446","China, Macao SAR","5312","Area harvested","0111","Wheat","2016","2016","","","","",""
"QCL","Crops and livestock products","446","China, Macao SAR","5412","Yield","0111","Wheat","2016","2016","","","","",""
"QCL","Crops and livestock products","446","China, Macao SAR","5510","Production","0111","Wheat","2016","2016","","","","",""
"QCL","Crops and livestock products","446","China, Macao SAR","5312","Area harvested","0111","Wheat","2017","2017","","","","",""
"QCL","Crops and livestock products","446","China, Macao SAR","5412","Yield","0111","Wheat","2017","2017","","","","",""
"QCL","Crops and livestock products","446","China, Macao SAR","5510","Production","0111","Wheat","2017","2017","","","","",""
"QCL","Crops and livestock products","446","China, Macao SAR","5312","Area harvested","0111","Wheat","2018","2018","","","","",""
"QCL","Crops and livestock products","446","China, Macao SAR","5412","Yield","0111","Wheat","2018","2018","","","","",""
"QCL","Crops and livestock products","446","China, Macao SAR","5510","Production","0111","Wheat","2018","2018","","","","",""
"QCL","Crops and livestock products","446","China, Macao SAR","5312","Area harvested","0111","Wheat","2019","2019","","","","",""
"QCL","Crops and livestock products","446","China, Macao SAR","5412","Yield","0111","Wheat","2019","2019","","","","",""
"QCL","Crops and livestock products","446","China, Macao SAR","5510","Production","0111","Wheat","2019","2019","","","","",""
"QCL","Crops and livestock products","446","China, Macao SAR","5312","Area harvested","0111","Wheat","2020","2020","","","","",""
"QCL","Crops and livestock products","446","China, Macao SAR","5412","Yield","0111","Wheat","2020","2020","","","","",""
"QCL","Crops and livestock products","446","China, Macao SAR","5510","Production","0111","Wheat","2020","2020","","","","",""
"QCL","Crops and livestock products","446","China, Macao SAR","5312","Area harvested","0111","Wheat","2021","2021","","","","",""
"QCL","Crops and livestock products","446","China, Macao SAR","5412","Yield","0111","Wheat","2021","2021","","","","",""
"QCL","Crops and livestock products","446","China, Macao SAR","5510","Production","0111","Wheat","2021","2021","","","","",""
"QCL","Crops and livestock products","446","China, Macao SAR","5312","Area harvested","0111","Wheat","2022","2022","","","","",""
"QCL","Crops and livestock products","446","China, Macao SAR","5412","Yield","0111","Wheat","2022","2022","","","","",""
"QCL","Crops and livestock products","446","China, Macao SAR","5510","Production","0111","Wheat","2022","2022","","","","",""
"QCL","Crops and livestock products","446","China, Macao SAR","5312","Area harvested","0111","Wheat","2023","2023","","","","",""
"QCL","Crops and livestock products","446","China, Macao SAR","5412","Yield","0111","Wheat","2023","2023","","","","",""
"QCL","Crops and livestock products","446","China, Macao SAR","5510","Production","0111","Wheat","2023","2023","","","","",""
"QCL","Crops and livestock products","446","China, Macao SAR","5312","Area harvested","0111","Wheat","2024","2024","","","","",""
"QCL","Crops and livestock products","446","China, Macao SAR","5412","Yield","0111","Wheat","2024","2024","","","","",""
"QCL","Crops and livestock products","446","China, Macao SAR","5510","Production","0111","Wheat","2024","2024","","","","",""
"QCL","Crops and livestock products","156","China, mainland","5312","Area harvested","0111","Wheat","2015","2015","ha","24596000","A","Official value",""
"QCL","Crops and livestock products","156","China, mainland","5412","Yield","0111","Wheat","2015","2015","kg/ha","5392.7","A","Official value",""
"QCL","Crops and livestock products","156","China, mainland","5510","Production","0111","Wheat","2015","2015","t","132639000","A","Official value",""
"QCL","Crops and livestock products","156","China, mainland","5312","Area harvested","0111","Wheat","2016","2016","ha","24696000","A","Official value",""
"QCL","Crops and livestock products","156","China, mainland","5412","Yield","0111","Wheat","2016","2016","kg/ha","5396.5","A","Official value",""
"QCL","Crops and livestock products","156","China, mainland","5510","Production","0111","Wheat","2016","2016","t","133271000","A","Official value",""
"QCL","Crops and livestock products","156","China, mainland","5312","Area harvested","0111","Wheat","2017","2017","ha","24478150","A","Official value",""
"QCL","Crops and livestock products","156","China, mainland","5412","Yield","0111","Wheat","2017","2017","kg/ha","5484.1","A","Official value",""
"QCL","Crops and livestock products","156","China, mainland","5510","Production","0111","Wheat","2017","2017","t","134241300","A","Official value",""
"QCL","Crops and livestock products","156","China, mainland","5312","Area harvested","0111","Wheat","2018","2018","ha","24266190","A","Official value",""
"QCL","Crops and livestock products","156","China, mainland","5412","Yield","0111","Wheat","2018","2018","kg/ha","5416.6","A","Official value",""
"QCL","Crops and livestock products","156","China, mainland","5510","Production","0111","Wheat","2018","2018","t","131440500","A","Official value",""
"QCL","Crops and livestock products","156","China, mainland","5312","Area harvested","0111","Wheat","2019","2019","ha","23730000","A","Official value",""
"QCL","Crops and livestock products","156","China, mainland","5412","Yield","0111","Wheat","2019","2019","kg/ha","5629.8","A","Official value",""
"QCL","Crops and livestock products","156","China, mainland","5510","Production","0111","Wheat","2019","2019","t","133596300","A","Official value",""
"QCL","Crops and livestock products","156","China, mainland","5312","Area harvested","0111","Wheat","2020","2020","ha","23380000","A","Official value",""
"QCL","Crops and livestock products","156","China, mainland","5412","Yield","0111","Wheat","2020","2020","kg/ha","5742.1","A","Official value",""
"QCL","Crops and livestock products","156","China, mainland","5510","Production","0111","Wheat","2020","2020","t","134250000","A","Official value",""
"QCL","Crops and livestock products","156","China, mainland","5312","Area harvested","0111","Wheat","2021","2021","ha","23568400","A","Official value",""
"QCL","Crops and livestock products","156","China, mainland","5412","Yield","0111","Wheat","2021","2021","kg/ha","5810.6","A","Official value",""
"QCL","Crops and livestock products","156","China, mainland","5510","Production","0111","Wheat","2021","2021","t","136946000","A","Official value",""
"QCL","Crops and livestock products","156","China, mainland","5312","Area harvested","0111","Wheat","2022","2022","ha","23520000","A","Official value",""
"QCL","Crops and livestock products","156","China, mainland","5412","Yield","0111","Wheat","2022","2022","kg/ha","5855.4","A","Official value",""
"QCL","Crops and livestock products","156","China, mainland","5510","Production","0111","Wheat","2022","2022","t","137720000","A","Official value",""
"QCL","Crops and livestock products","156","China, mainland","5312","Area harvested","0111","Wheat","2023","2023","ha","23627200","A","Official value",""
"QCL","Crops and livestock products","156","China, mainland","5412","Yield","0111","Wheat","2023","2023","kg/ha","5781.1","A","Official value",""
"QCL","Crops and livestock products","156","China, mainland","5510","Production","0111","Wheat","2023","2023","t","136590100","A","Official value",""
"QCL","Crops and livestock products","156","China, mainland","5312","Area harvested","0111","Wheat","2024","2024","ha","23587400","A","Official value",""
"QCL","Crops and livestock products","156","China, mainland","5412","Yield","0111","Wheat","2024","2024","kg/ha","5939.6","A","Official value",""
"QCL","Crops and livestock products","156","China, mainland","5510","Production","0111","Wheat","2024","2024","t","140100000","A","Official value",""
"QCL","Crops and livestock products","158","China, Taiwan Province of","5312","Area harvested","0111","Wheat","2015","2015","ha","3116","A","Official value",""
"QCL","Crops and livestock products","158","China, Taiwan Province of","5412","Yield","0111","Wheat","2015","2015","kg/ha","2354","A","Official value",""
"QCL","Crops and livestock products","158","China, Taiwan Province of","5510","Production","0111","Wheat","2015","2015","t","7335","A","Official value",""
"QCL","Crops and livestock products","158","China, Taiwan Province of","5312","Area harvested","0111","Wheat","2016","2016","ha","2345","A","Official value",""
"QCL","Crops and livestock products","158","China, Taiwan Province of","5412","Yield","0111","Wheat","2016","2016","kg/ha","1551.4","A","Official value",""
"QCL","Crops and livestock products","158","China, Taiwan Province of","5510","Production","0111","Wheat","2016","2016","t","3638","A","Official value",""
"QCL","Crops and livestock products","158","China, Taiwan Province of","5312","Area harvested","0111","Wheat","2017","2017","ha","2392","A","Official value",""
"QCL","Crops and livestock products","158","China, Taiwan Province of","5412","Yield","0111","Wheat","2017","2017","kg/ha","2248.7","A","Official value",""
"QCL","Crops and livestock products","158","China, Taiwan Province of","5510","Production","0111","Wheat","2017","2017","t","5379","A","Official value",""
"QCL","Crops and livestock products","158","China, Taiwan Province of","5312","Area harvested","0111","Wheat","2018","2018","ha","2531","A","Official value",""
"QCL","Crops and livestock products","158","China, Taiwan Province of","5412","Yield","0111","Wheat","2018","2018","kg/ha","2408.5","A","Official value",""
"QCL","Crops and livestock products","158","China, Taiwan Province of","5510","Production","0111","Wheat","2018","2018","t","6096","A","Official value",""
"QCL","Crops and livestock products","158","China, Taiwan Province of","5312","Area harvested","0111","Wheat","2019","2019","ha","2560","A","Official value",""
"QCL","Crops and livestock products","158","China, Taiwan Province of","5412","Yield","0111","Wheat","2019","2019","kg/ha","1887.1","A","Official value",""
"QCL","Crops and livestock products","158","China, Taiwan Province of","5510","Production","0111","Wheat","2019","2019","t","4831","A","Official value",""
"QCL","Crops and livestock products","158","China, Taiwan Province of","5312","Area harvested","0111","Wheat","2020","2020","ha","3000","X","Value from external organization","Unofficial figure"
"QCL","Crops and livestock products","158","China, Taiwan Province of","5412","Yield","0111","Wheat","2020","2020","kg/ha","2000","X","Value from external organization",""
"QCL","Crops and livestock products","158","China, Taiwan Province of","5510","Production","0111","Wheat","2020","2020","t","6000","X","Value from external organization","Unofficial figure"
"QCL","Crops and livestock products","158","China, Taiwan Province of","5312","Area harvested","0111","Wheat","2021","2021","ha","2000","X","Value from external organization","Unofficial figure"
"QCL","Crops and livestock products","158","China, Taiwan Province of","5412","Yield","0111","Wheat","2021","2021","kg/ha","1500","X","Value from external organization",""
"QCL","Crops and livestock products","158","China, Taiwan Province of","5510","Production","0111","Wheat","2021","2021","t","3000","X","Value from external organization","Unofficial figure"
"QCL","Crops and livestock products","158","China, Taiwan Province of","5312","Area harvested","0111","Wheat","2022","2022","ha","2000","X","Value from external organization","Unofficial figure"
"QCL","Crops and livestock products","158","China, Taiwan Province of","5412","Yield","0111","Wheat","2022","2022","kg/ha","3000","X","Value from external organization",""
"QCL","Crops and livestock products","158","China, Taiwan Province of","5510","Production","0111","Wheat","2022","2022","t","6000","X","Value from external organization","Unofficial figure"
"QCL","Crops and livestock products","158","China, Taiwan Province of","5312","Area harvested","0111","Wheat","2023","2023","ha","2000","X","Value from external organization","Unofficial figure"
"QCL","Crops and livestock products","158","China, Taiwan Province of","5412","Yield","0111","Wheat","2023","2023","kg/ha","2000","X","Value from external organization",""
"QCL","Crops and livestock products","158","China, Taiwan Province of","5510","Production","0111","Wheat","2023","2023","t","4000","X","Value from external organization","Unofficial figure"
"QCL","Crops and livestock products","158","China, Taiwan Province of","5312","Area harvested","0111","Wheat","2024","2024","ha","2000","X","Value from external organization","Unofficial figure"
"QCL","Crops and livestock products","158","China, Taiwan Province of","5412","Yield","0111","Wheat","2024","2024","kg/ha","2500","X","Value from external organization",""
"QCL","Crops and livestock products","158","China, Taiwan Province of","5510","Production","0111","Wheat","2024","2024","t","5000","X","Value from external organization","Unofficial figure"
"QCL","Crops and livestock products","170","Colombia","5312","Area harvested","0111","Wheat","2015","2015","ha","5335","A","Official value",""
"QCL","Crops and livestock products","170","Colombia","5412","Yield","0111","Wheat","2015","2015","kg/ha","1853.9","A","Official value",""
"QCL","Crops and livestock products","170","Colombia","5510","Production","0111","Wheat","2015","2015","t","9890.5","A","Official value",""
"QCL","Crops and livestock products","170","Colombia","5312","Area harvested","0111","Wheat","2016","2016","ha","8500","E","Estimated value",""
"QCL","Crops and livestock products","170","Colombia","5412","Yield","0111","Wheat","2016","2016","kg/ha","1594.1","E","Estimated value",""
"QCL","Crops and livestock products","170","Colombia","5510","Production","0111","Wheat","2016","2016","t","13550.27","A","Official value",""
"QCL","Crops and livestock products","170","Colombia","5312","Area harvested","0111","Wheat","2017","2017","ha","2616","A","Official value",""
"QCL","Crops and livestock products","170","Colombia","5412","Yield","0111","Wheat","2017","2017","kg/ha","2094.1","A","Official value",""
"QCL","Crops and livestock products","170","Colombia","5510","Production","0111","Wheat","2017","2017","t","5478.61","A","Official value",""
"QCL","Crops and livestock products","170","Colombia","5312","Area harvested","0111","Wheat","2018","2018","ha","3388","A","Official value",""
"QCL","Crops and livestock products","170","Colombia","5412","Yield","0111","Wheat","2018","2018","kg/ha","1888.7","A","Official value",""
"QCL","Crops and livestock products","170","Colombia","5510","Production","0111","Wheat","2018","2018","t","6399.28","A","Official value",""
"QCL","Crops and livestock products","170","Colombia","5312","Area harvested","0111","Wheat","2019","2019","ha","2733","A","Official value",""
"QCL","Crops and livestock products","170","Colombia","5412","Yield","0111","Wheat","2019","2019","kg/ha","2079.4","A","Official value",""
"QCL","Crops and livestock products","170","Colombia","5510","Production","0111","Wheat","2019","2019","t","5684.02","A","Official value",""
"QCL","Crops and livestock products","170","Colombia","5312","Area harvested","0111","Wheat","2020","2020","ha","2535","A","Official value",""
"QCL","Crops and livestock products","170","Colombia","5412","Yield","0111","Wheat","2020","2020","kg/ha","2483.2","A","Official value",""
"QCL","Crops and livestock products","170","Colombia","5510","Production","0111","Wheat","2020","2020","t","6295","A","Official value",""
"QCL","Crops and livestock products","170","Colombia","5312","Area harvested","0111","Wheat","2021","2021","ha","2600","A","Official value",""
"QCL","Crops and livestock products","170","Colombia","5412","Yield","0111","Wheat","2021","2021","kg/ha","2678.8","A","Official value",""
"QCL","Crops and livestock products","170","Colombia","5510","Production","0111","Wheat","2021","2021","t","6965","A","Official value",""
"QCL","Crops and livestock products","170","Colombia","5312","Area harvested","0111","Wheat","2022","2022","ha","4583","A","Official value",""
"QCL","Crops and livestock products","170","Colombia","5412","Yield","0111","Wheat","2022","2022","kg/ha","2821.3","A","Official value",""
"QCL","Crops and livestock products","170","Colombia","5510","Production","0111","Wheat","2022","2022","t","12930","A","Official value",""
"QCL","Crops and livestock products","170","Colombia","5312","Area harvested","0111","Wheat","2023","2023","ha","2910","A","Official value",""
"QCL","Crops and livestock products","170","Colombia","5412","Yield","0111","Wheat","2023","2023","kg/ha","2859.8","A","Official value",""
"QCL","Crops and livestock products","170","Colombia","5510","Production","0111","Wheat","2023","2023","t","8322","A","Official value",""
"QCL","Crops and livestock products","170","Colombia","5312","Area harvested","0111","Wheat","2024","2024","ha","1490","A","Official value",""
"QCL","Crops and livestock products","170","Colombia","5412","Yield","0111","Wheat","2024","2024","kg/ha","3111.4","A","Official value",""
"QCL","Crops and livestock products","170","Colombia","5510","Production","0111","Wheat","2024","2024","t","4636","A","Official value",""
"QCL","Crops and livestock products","174","Comoros","5312","Area harvested","0111","Wheat","2015","2015","","","","",""
"QCL","Crops and livestock products","174","Comoros","5412","Yield","0111","Wheat","2015","2015","","","","",""
"QCL","Crops and livestock products","174","Comoros","5510","Production","0111","Wheat","2015","2015","","","","",""
"QCL","Crops and livestock products","174","Comoros","5312","Area harvested","0111","Wheat","2016","2016","","","","",""
"QCL","Crops and livestock products","174","Comoros","5412","Yield","0111","Wheat","2016","2016","","","","",""
"QCL","Crops and livestock products","174","Comoros","5510","Production","0111","Wheat","2016","2016","","","","",""
"QCL","Crops and livestock products","174","Comoros","5312","Area harvested","0111","Wheat","2017","2017","","","","",""
"QCL","Crops and livestock products","174","Comoros","5412","Yield","0111","Wheat","2017","2017","","","","",""
"QCL","Crops and livestock products","174","Comoros","5510","Production","0111","Wheat","2017","2017","","","","",""
"QCL","Crops and livestock products","174","Comoros","5312","Area harvested","0111","Wheat","2018","2018","","","","",""
"QCL","Crops and livestock products","174","Comoros","5412","Yield","0111","Wheat","2018","2018","","","","",""
"QCL","Crops and livestock products","174","Comoros","5510","Production","0111","Wheat","2018","2018","","","","",""
"QCL","Crops and livestock products","174","Comoros","5312","Area harvested","0111","Wheat","2019","2019","","","","",""
"QCL","Crops and livestock products","174","Comoros","5412","Yield","0111","Wheat","2019","2019","","","","",""
"QCL","Crops and livestock products","174","Comoros","5510","Production","0111","Wheat","2019","2019","","","","",""
"QCL","Crops and livestock products","174","Comoros","5312","Area harvested","0111","Wheat","2020","2020","","","","",""
"QCL","Crops and livestock products","174","Comoros","5412","Yield","0111","Wheat","2020","2020","","","","",""
"QCL","Crops and livestock products","174","Comoros","5510","Production","0111","Wheat","2020","2020","","","","",""
"QCL","Crops and livestock products","174","Comoros","5312","Area harvested","0111","Wheat","2021","2021","","","","",""
"QCL","Crops and livestock products","174","Comoros","5412","Yield","0111","Wheat","2021","2021","","","","",""
"QCL","Crops and livestock products","174","Comoros","5510","Production","0111","Wheat","2021","2021","","","","",""
"QCL","Crops and livestock products","174","Comoros","5312","Area harvested","0111","Wheat","2022","2022","","","","",""
"QCL","Crops and livestock products","174","Comoros","5412","Yield","0111","Wheat","2022","2022","","","","",""
"QCL","Crops and livestock products","174","Comoros","5510","Production","0111","Wheat","2022","2022","","","","",""
"QCL","Crops and livestock products","174","Comoros","5312","Area harvested","0111","Wheat","2023","2023","","","","",""
"QCL","Crops and livestock products","174","Comoros","5412","Yield","0111","Wheat","2023","2023","","","","",""
"QCL","Crops and livestock products","174","Comoros","5510","Production","0111","Wheat","2023","2023","","","","",""
"QCL","Crops and livestock products","174","Comoros","5312","Area harvested","0111","Wheat","2024","2024","","","","",""
"QCL","Crops and livestock products","174","Comoros","5412","Yield","0111","Wheat","2024","2024","","","","",""
"QCL","Crops and livestock products","174","Comoros","5510","Production","0111","Wheat","2024","2024","","","","",""
"QCL","Crops and livestock products","178","Congo","5312","Area harvested","0111","Wheat","2015","2015","","","","",""
"QCL","Crops and livestock products","178","Congo","5412","Yield","0111","Wheat","2015","2015","","","","",""
"QCL","Crops and livestock products","178","Congo","5510","Production","0111","Wheat","2015","2015","","","","",""
"QCL","Crops and livestock products","178","Congo","5312","Area harvested","0111","Wheat","2016","2016","","","","",""
"QCL","Crops and livestock products","178","Congo","5412","Yield","0111","Wheat","2016","2016","","","","",""
"QCL","Crops and livestock products","178","Congo","5510","Production","0111","Wheat","2016","2016","","","","",""
"QCL","Crops and livestock products","178","Congo","5312","Area harvested","0111","Wheat","2017","2017","","","","",""
"QCL","Crops and livestock products","178","Congo","5412","Yield","0111","Wheat","2017","2017","","","","",""
"QCL","Crops and livestock products","178","Congo","5510","Production","0111","Wheat","2017","2017","","","","",""
"QCL","Crops and livestock products","178","Congo","5312","Area harvested","0111","Wheat","2018","2018","","","","",""
"QCL","Crops and livestock products","178","Congo","5412","Yield","0111","Wheat","2018","2018","","","","",""
"QCL","Crops and livestock products","178","Congo","5510","Production","0111","Wheat","2018","2018","","","","",""
"QCL","Crops and livestock products","178","Congo","5312","Area harvested","0111","Wheat","2019","2019","","","","",""
"QCL","Crops and livestock products","178","Congo","5412","Yield","0111","Wheat","2019","2019","","","","",""
"QCL","Crops and livestock products","178","Congo","5510","Production","0111","Wheat","2019","2019","","","","",""
"QCL","Crops and livestock products","178","Congo","5312","Area harvested","0111","Wheat","2020","2020","","","","",""
"QCL","Crops and livestock products","178","Congo","5412","Yield","0111","Wheat","2020","2020","","","","",""
"QCL","Crops and livestock products","178","Congo","5510","Production","0111","Wheat","2020","2020","","","","",""
"QCL","Crops and livestock products","178","Congo","5312","Area harvested","0111","Wheat","2021","2021","","","","",""
"QCL","Crops and livestock products","178","Congo","5412","Yield","0111","Wheat","2021","2021","","","","",""
"QCL","Crops and livestock products","178","Congo","5510","Production","0111","Wheat","2021","2021","","","","",""
"QCL","Crops and livestock products","178","Congo","5312","Area harvested","0111","Wheat","2022","2022","","","","",""
"QCL","Crops and livestock products","178","Congo","5412","Yield","0111","Wheat","2022","2022","","","","",""
"QCL","Crops and livestock products","178","Congo","5510","Production","0111","Wheat","2022","2022","","","","",""
"QCL","Crops and livestock products","178","Congo","5312","Area harvested","0111","Wheat","2023","2023","","","","",""
"QCL","Crops and livestock products","178","Congo","5412","Yield","0111","Wheat","2023","2023","","","","",""
"QCL","Crops and livestock products","178","Congo","5510","Production","0111","Wheat","2023","2023","","","","",""
"QCL","Crops and livestock products","178","Congo","5312","Area harvested","0111","Wheat","2024","2024","","","","",""
"QCL","Crops and livestock products","178","Congo","5412","Yield","0111","Wheat","2024","2024","","","","",""
"QCL","Crops and livestock products","178","Congo","5510","Production","0111","Wheat","2024","2024","","","","",""
"QCL","Crops and livestock products","184","Cook Islands","5312","Area harvested","0111","Wheat","2015","2015","","","","",""
"QCL","Crops and livestock products","184","Cook Islands","5412","Yield","0111","Wheat","2015","2015","","","","",""
"QCL","Crops and livestock products","184","Cook Islands","5510","Production","0111","Wheat","2015","2015","","","","",""
"QCL","Crops and livestock products","184","Cook Islands","5312","Area harvested","0111","Wheat","2016","2016","","","","",""
"QCL","Crops and livestock products","184","Cook Islands","5412","Yield","0111","Wheat","2016","2016","","","","",""
"QCL","Crops and livestock products","184","Cook Islands","5510","Production","0111","Wheat","2016","2016","","","","",""
"QCL","Crops and livestock products","184","Cook Islands","5312","Area harvested","0111","Wheat","2017","2017","","","","",""
"QCL","Crops and livestock products","184","Cook Islands","5412","Yield","0111","Wheat","2017","2017","","","","",""
"QCL","Crops and livestock products","184","Cook Islands","5510","Production","0111","Wheat","2017","2017","","","","",""
"QCL","Crops and livestock products","184","Cook Islands","5312","Area harvested","0111","Wheat","2018","2018","","","","",""
"QCL","Crops and livestock products","184","Cook Islands","5412","Yield","0111","Wheat","2018","2018","","","","",""
"QCL","Crops and livestock products","184","Cook Islands","5510","Production","0111","Wheat","2018","2018","","","","",""
"QCL","Crops and livestock products","184","Cook Islands","5312","Area harvested","0111","Wheat","2019","2019","","","","",""
"QCL","Crops and livestock products","184","Cook Islands","5412","Yield","0111","Wheat","2019","2019","","","","",""
"QCL","Crops and livestock products","184","Cook Islands","5510","Production","0111","Wheat","2019","2019","","","","",""
"QCL","Crops and livestock products","184","Cook Islands","5312","Area harvested","0111","Wheat","2020","2020","","","","",""
"QCL","Crops and livestock products","184","Cook Islands","5412","Yield","0111","Wheat","2020","2020","","","","",""
"QCL","Crops and livestock products","184","Cook Islands","5510","Production","0111","Wheat","2020","2020","","","","",""
"QCL","Crops and livestock products","184","Cook Islands","5312","Area harvested","0111","Wheat","2021","2021","","","","",""
"QCL","Crops and livestock products","184","Cook Islands","5412","Yield","0111","Wheat","2021","2021","","","","",""
"QCL","Crops and livestock products","184","Cook Islands","5510","Production","0111","Wheat","2021","2021","","","","",""
"QCL","Crops and livestock products","184","Cook Islands","5312","Area harvested","0111","Wheat","2022","2022","","","","",""
"QCL","Crops and livestock products","184","Cook Islands","5412","Yield","0111","Wheat","2022","2022","","","","",""
"QCL","Crops and livestock products","184","Cook Islands","5510","Production","0111","Wheat","2022","2022","","","","",""
"QCL","Crops and livestock products","184","Cook Islands","5312","Area harvested","0111","Wheat","2023","2023","","","","",""
"QCL","Crops and livestock products","184","Cook Islands","5412","Yield","0111","Wheat","2023","2023","","","","",""
"QCL","Crops and livestock products","184","Cook Islands","5510","Production","0111","Wheat","2023","2023","","","","",""
"QCL","Crops and livestock products","184","Cook Islands","5312","Area harvested","0111","Wheat","2024","2024","","","","",""
"QCL","Crops and livestock products","184","Cook Islands","5412","Yield","0111","Wheat","2024","2024","","","","",""
"QCL","Crops and livestock products","184","Cook Islands","5510","Production","0111","Wheat","2024","2024","","","","",""
"QCL","Crops and livestock products","188","Costa Rica","5312","Area harvested","0111","Wheat","2015","2015","","","","",""
"QCL","Crops and livestock products","188","Costa Rica","5412","Yield","0111","Wheat","2015","2015","","","","",""
"QCL","Crops and livestock products","188","Costa Rica","5510","Production","0111","Wheat","2015","2015","","","","",""
"QCL","Crops and livestock products","188","Costa Rica","5312","Area harvested","0111","Wheat","2016","2016","","","","",""
"QCL","Crops and livestock products","188","Costa Rica","5412","Yield","0111","Wheat","2016","2016","","","","",""
"QCL","Crops and livestock products","188","Costa Rica","5510","Production","0111","Wheat","2016","2016","","","","",""
"QCL","Crops and livestock products","188","Costa Rica","5312","Area harvested","0111","Wheat","2017","2017","","","","",""
"QCL","Crops and livestock products","188","Costa Rica","5412","Yield","0111","Wheat","2017","2017","","","","",""
"QCL","Crops and livestock products","188","Costa Rica","5510","Production","0111","Wheat","2017","2017","","","","",""
"QCL","Crops and livestock products","188","Costa Rica","5312","Area harvested","0111","Wheat","2018","2018","","","","",""
"QCL","Crops and livestock products","188","Costa Rica","5412","Yield","0111","Wheat","2018","2018","","","","",""
"QCL","Crops and livestock products","188","Costa Rica","5510","Production","0111","Wheat","2018","2018","","","","",""
"QCL","Crops and livestock products","188","Costa Rica","5312","Area harvested","0111","Wheat","2019","2019","","","","",""
"QCL","Crops and livestock products","188","Costa Rica","5412","Yield","0111","Wheat","2019","2019","","","","",""
"QCL","Crops and livestock products","188","Costa Rica","5510","Production","0111","Wheat","2019","2019","","","","",""
"QCL","Crops and livestock products","188","Costa Rica","5312","Area harvested","0111","Wheat","2020","2020","","","","",""
"QCL","Crops and livestock products","188","Costa Rica","5412","Yield","0111","Wheat","2020","2020","","","","",""
"QCL","Crops and livestock products","188","Costa Rica","5510","Production","0111","Wheat","2020","2020","","","","",""
"QCL","Crops and livestock products","188","Costa Rica","5312","Area harvested","0111","Wheat","2021","2021","","","","",""
"QCL","Crops and livestock products","188","Costa Rica","5412","Yield","0111","Wheat","2021","2021","","","","",""
"QCL","Crops and livestock products","188","Costa Rica","5510","Production","0111","Wheat","2021","2021","","","","",""
"QCL","Crops and livestock products","188","Costa Rica","5312","Area harvested","0111","Wheat","2022","2022","","","","",""
"QCL","Crops and livestock products","188","Costa Rica","5412","Yield","0111","Wheat","2022","2022","","","","",""
"QCL","Crops and livestock products","188","Costa Rica","5510","Production","0111","Wheat","2022","2022","","","","",""
"QCL","Crops and livestock products","188","Costa Rica","5312","Area harvested","0111","Wheat","2023","2023","","","","",""
"QCL","Crops and livestock products","188","Costa Rica","5412","Yield","0111","Wheat","2023","2023","","","","",""
"QCL","Crops and livestock products","188","Costa Rica","5510","Production","0111","Wheat","2023","2023","","","","",""
"QCL","Crops and livestock products","188","Costa Rica","5312","Area harvested","0111","Wheat","2024","2024","","","","",""
"QCL","Crops and livestock products","188","Costa Rica","5412","Yield","0111","Wheat","2024","2024","","","","",""
"QCL","Crops and livestock products","188","Costa Rica","5510","Production","0111","Wheat","2024","2024","","","","",""
"QCL","Crops and livestock products","384","Côte d'Ivoire","5312","Area harvested","0111","Wheat","2015","2015","","","","",""
"QCL","Crops and livestock products","384","Côte d'Ivoire","5412","Yield","0111","Wheat","2015","2015","","","","",""
"QCL","Crops and livestock products","384","Côte d'Ivoire","5510","Production","0111","Wheat","2015","2015","","","","",""
"QCL","Crops and livestock products","384","Côte d'Ivoire","5312","Area harvested","0111","Wheat","2016","2016","","","","",""
"QCL","Crops and livestock products","384","Côte d'Ivoire","5412","Yield","0111","Wheat","2016","2016","","","","",""
"QCL","Crops and livestock products","384","Côte d'Ivoire","5510","Production","0111","Wheat","2016","2016","","","","",""
"QCL","Crops and livestock products","384","Côte d'Ivoire","5312","Area harvested","0111","Wheat","2017","2017","","","","",""
"QCL","Crops and livestock products","384","Côte d'Ivoire","5412","Yield","0111","Wheat","2017","2017","","","","",""
"QCL","Crops and livestock products","384","Côte d'Ivoire","5510","Production","0111","Wheat","2017","2017","","","","",""
"QCL","Crops and livestock products","384","Côte d'Ivoire","5312","Area harvested","0111","Wheat","2018","2018","","","","",""
"QCL","Crops and livestock products","384","Côte d'Ivoire","5412","Yield","0111","Wheat","2018","2018","","","","",""
"QCL","Crops and livestock products","384","Côte d'Ivoire","5510","Production","0111","Wheat","2018","2018","","","","",""
"QCL","Crops and livestock products","384","Côte d'Ivoire","5312","Area harvested","0111","Wheat","2019","2019","","","","",""
"QCL","Crops and livestock products","384","Côte d'Ivoire","5412","Yield","0111","Wheat","2019","2019","","","","",""
"QCL","Crops and livestock products","384","Côte d'Ivoire","5510","Production","0111","Wheat","2019","2019","","","","",""
"QCL","Crops and livestock products","384","Côte d'Ivoire","5312","Area harvested","0111","Wheat","2020","2020","","","","",""
"QCL","Crops and livestock products","384","Côte d'Ivoire","5412","Yield","0111","Wheat","2020","2020","","","","",""
"QCL","Crops and livestock products","384","Côte d'Ivoire","5510","Production","0111","Wheat","2020","2020","","","","",""
"QCL","Crops and livestock products","384","Côte d'Ivoire","5312","Area harvested","0111","Wheat","2021","2021","","","","",""
"QCL","Crops and livestock products","384","Côte d'Ivoire","5412","Yield","0111","Wheat","2021","2021","","","","",""
"QCL","Crops and livestock products","384","Côte d'Ivoire","5510","Production","0111","Wheat","2021","2021","","","","",""
"QCL","Crops and livestock products","384","Côte d'Ivoire","5312","Area harvested","0111","Wheat","2022","2022","","","","",""
"QCL","Crops and livestock products","384","Côte d'Ivoire","5412","Yield","0111","Wheat","2022","2022","","","","",""
"QCL","Crops and livestock products","384","Côte d'Ivoire","5510","Production","0111","Wheat","2022","2022","","","","",""
"QCL","Crops and livestock products","384","Côte d'Ivoire","5312","Area harvested","0111","Wheat","2023","2023","","","","",""
"QCL","Crops and livestock products","384","Côte d'Ivoire","5412","Yield","0111","Wheat","2023","2023","","","","",""
"QCL","Crops and livestock products","384","Côte d'Ivoire","5510","Production","0111","Wheat","2023","2023","","","","",""
"QCL","Crops and livestock products","384","Côte d'Ivoire","5312","Area harvested","0111","Wheat","2024","2024","","","","",""
"QCL","Crops and livestock products","384","Côte d'Ivoire","5412","Yield","0111","Wheat","2024","2024","","","","",""
"QCL","Crops and livestock products","384","Côte d'Ivoire","5510","Production","0111","Wheat","2024","2024","","","","",""
"QCL","Crops and livestock products","191","Croatia","5312","Area harvested","0111","Wheat","2015","2015","ha","140986","A","Official value",""
"QCL","Crops and livestock products","191","Croatia","5412","Yield","0111","Wheat","2015","2015","kg/ha","5380.9","A","Official value",""
"QCL","Crops and livestock products","191","Croatia","5510","Production","0111","Wheat","2015","2015","t","758638","A","Official value",""
"QCL","Crops and livestock products","191","Croatia","5312","Area harvested","0111","Wheat","2016","2016","ha","171400","A","Official value",""
"QCL","Crops and livestock products","191","Croatia","5412","Yield","0111","Wheat","2016","2016","kg/ha","5653.7","A","Official value",""
"QCL","Crops and livestock products","191","Croatia","5510","Production","0111","Wheat","2016","2016","t","969050","A","Official value",""
"QCL","Crops and livestock products","191","Croatia","5312","Area harvested","0111","Wheat","2017","2017","ha","118380","A","Official value",""
"QCL","Crops and livestock products","191","Croatia","5412","Yield","0111","Wheat","2017","2017","kg/ha","5808.4","A","Official value",""
"QCL","Crops and livestock products","191","Croatia","5510","Production","0111","Wheat","2017","2017","t","687595","A","Official value",""
"QCL","Crops and livestock products","191","Croatia","5312","Area harvested","0111","Wheat","2018","2018","ha","138460","A","Official value",""
"QCL","Crops and livestock products","191","Croatia","5412","Yield","0111","Wheat","2018","2018","kg/ha","5438.8","A","Official value",""
"QCL","Crops and livestock products","191","Croatia","5510","Production","0111","Wheat","2018","2018","t","753060","A","Official value",""
"QCL","Crops and livestock products","191","Croatia","5312","Area harvested","0111","Wheat","2019","2019","ha","143150","A","Official value",""
"QCL","Crops and livestock products","191","Croatia","5412","Yield","0111","Wheat","2019","2019","kg/ha","5611.4","A","Official value",""
"QCL","Crops and livestock products","191","Croatia","5510","Production","0111","Wheat","2019","2019","t","803270","A","Official value",""
"QCL","Crops and livestock products","191","Croatia","5312","Area harvested","0111","Wheat","2020","2020","ha","147840","A","Official value",""
"QCL","Crops and livestock products","191","Croatia","5412","Yield","0111","Wheat","2020","2020","kg/ha","5868","A","Official value",""
"QCL","Crops and livestock products","191","Croatia","5510","Production","0111","Wheat","2020","2020","t","867530","A","Official value",""
"QCL","Crops and livestock products","191","Croatia","5312","Area harvested","0111","Wheat","2021","2021","ha","147390","A","Official value",""
"QCL","Crops and livestock products","191","Croatia","5412","Yield","0111","Wheat","2021","2021","kg/ha","6696","A","Official value",""
"QCL","Crops and livestock products","191","Croatia","5510","Production","0111","Wheat","2021","2021","t","986930","A","Official value",""
"QCL","Crops and livestock products","191","Croatia","5312","Area harvested","0111","Wheat","2022","2022","ha","161830","A","Official value",""
"QCL","Crops and livestock products","191","Croatia","5412","Yield","0111","Wheat","2022","2022","kg/ha","6003","A","Official value",""
"QCL","Crops and livestock products","191","Croatia","5510","Production","0111","Wheat","2022","2022","t","971470","A","Official value",""
"QCL","Crops and livestock products","191","Croatia","5312","Area harvested","0111","Wheat","2023","2023","ha","172850","A","Official value",""
"QCL","Crops and livestock products","191","Croatia","5412","Yield","0111","Wheat","2023","2023","kg/ha","4826.3","A","Official value",""
"QCL","Crops and livestock products","191","Croatia","5510","Production","0111","Wheat","2023","2023","t","834230","A","Official value",""
"QCL","Crops and livestock products","191","Croatia","5312","Area harvested","0111","Wheat","2024","2024","ha","140800","A","Official value",""
"QCL","Crops and livestock products","191","Croatia","5412","Yield","0111","Wheat","2024","2024","kg/ha","5882.1","A","Official value",""
"QCL","Crops and livestock products","191","Croatia","5510","Production","0111","Wheat","2024","2024","t","828200","A","Official value",""
"QCL","Crops and livestock products","192","Cuba","5312","Area harvested","0111","Wheat","2015","2015","","","","",""
"QCL","Crops and livestock products","192","Cuba","5412","Yield","0111","Wheat","2015","2015","","","","",""
"QCL","Crops and livestock products","192","Cuba","5510","Production","0111","Wheat","2015","2015","","","","",""
"QCL","Crops and livestock products","192","Cuba","5312","Area harvested","0111","Wheat","2016","2016","","","","",""
"QCL","Crops and livestock products","192","Cuba","5412","Yield","0111","Wheat","2016","2016","","","","",""
"QCL","Crops and livestock products","192","Cuba","5510","Production","0111","Wheat","2016","2016","","","","",""
"QCL","Crops and livestock products","192","Cuba","5312","Area harvested","0111","Wheat","2017","2017","","","","",""
"QCL","Crops and livestock products","192","Cuba","5412","Yield","0111","Wheat","2017","2017","","","","",""
"QCL","Crops and livestock products","192","Cuba","5510","Production","0111","Wheat","2017","2017","","","","",""
"QCL","Crops and livestock products","192","Cuba","5312","Area harvested","0111","Wheat","2018","2018","","","","",""
"QCL","Crops and livestock products","192","Cuba","5412","Yield","0111","Wheat","2018","2018","","","","",""
"QCL","Crops and livestock products","192","Cuba","5510","Production","0111","Wheat","2018","2018","","","","",""
"QCL","Crops and livestock products","192","Cuba","5312","Area harvested","0111","Wheat","2019","2019","","","","",""
"QCL","Crops and livestock products","192","Cuba","5412","Yield","0111","Wheat","2019","2019","","","","",""
"QCL","Crops and livestock products","192","Cuba","5510","Production","0111","Wheat","2019","2019","","","","",""
"QCL","Crops and livestock products","192","Cuba","5312","Area harvested","0111","Wheat","2020","2020","","","","",""
"QCL","Crops and livestock products","192","Cuba","5412","Yield","0111","Wheat","2020","2020","","","","",""
"QCL","Crops and livestock products","192","Cuba","5510","Production","0111","Wheat","2020","2020","","","","",""
"QCL","Crops and livestock products","192","Cuba","5312","Area harvested","0111","Wheat","2021","2021","","","","",""
"QCL","Crops and livestock products","192","Cuba","5412","Yield","0111","Wheat","2021","2021","","","","",""
"QCL","Crops and livestock products","192","Cuba","5510","Production","0111","Wheat","2021","2021","","","","",""
"QCL","Crops and livestock products","192","Cuba","5312","Area harvested","0111","Wheat","2022","2022","","","","",""
"QCL","Crops and livestock products","192","Cuba","5412","Yield","0111","Wheat","2022","2022","","","","",""
"QCL","Crops and livestock products","192","Cuba","5510","Production","0111","Wheat","2022","2022","","","","",""
"QCL","Crops and livestock products","192","Cuba","5312","Area harvested","0111","Wheat","2023","2023","","","","",""
"QCL","Crops and livestock products","192","Cuba","5412","Yield","0111","Wheat","2023","2023","","","","",""
"QCL","Crops and livestock products","192","Cuba","5510","Production","0111","Wheat","2023","2023","","","","",""
"QCL","Crops and livestock products","192","Cuba","5312","Area harvested","0111","Wheat","2024","2024","","","","",""
"QCL","Crops and livestock products","192","Cuba","5412","Yield","0111","Wheat","2024","2024","","","","",""
"QCL","Crops and livestock products","192","Cuba","5510","Production","0111","Wheat","2024","2024","","","","",""
"QCL","Crops and livestock products","196","Cyprus","5312","Area harvested","0111","Wheat","2015","2015","ha","11969","A","Official value",""
"QCL","Crops and livestock products","196","Cyprus","5412","Yield","0111","Wheat","2015","2015","kg/ha","2954","A","Official value",""
"QCL","Crops and livestock products","196","Cyprus","5510","Production","0111","Wheat","2015","2015","t","35356","A","Official value",""
"QCL","Crops and livestock products","196","Cyprus","5312","Area harvested","0111","Wheat","2016","2016","ha","8386","A","Official value",""
"QCL","Crops and livestock products","196","Cyprus","5412","Yield","0111","Wheat","2016","2016","kg/ha","823","A","Official value",""
"QCL","Crops and livestock products","196","Cyprus","5510","Production","0111","Wheat","2016","2016","t","6902","A","Official value",""
"QCL","Crops and livestock products","196","Cyprus","5312","Area harvested","0111","Wheat","2017","2017","ha","8678","A","Official value",""
"QCL","Crops and livestock products","196","Cyprus","5412","Yield","0111","Wheat","2017","2017","kg/ha","1912","A","Official value",""
"QCL","Crops and livestock products","196","Cyprus","5510","Production","0111","Wheat","2017","2017","t","16592","A","Official value",""
"QCL","Crops and livestock products","196","Cyprus","5312","Area harvested","0111","Wheat","2018","2018","ha","10200","A","Official value",""
"QCL","Crops and livestock products","196","Cyprus","5412","Yield","0111","Wheat","2018","2018","kg/ha","1502.9","A","Official value",""
"QCL","Crops and livestock products","196","Cyprus","5510","Production","0111","Wheat","2018","2018","t","15330","A","Official value",""
"QCL","Crops and livestock products","196","Cyprus","5312","Area harvested","0111","Wheat","2019","2019","ha","10590","A","Official value",""
"QCL","Crops and livestock products","196","Cyprus","5412","Yield","0111","Wheat","2019","2019","kg/ha","2782.8","A","Official value",""
"QCL","Crops and livestock products","196","Cyprus","5510","Production","0111","Wheat","2019","2019","t","29470","A","Official value",""
"QCL","Crops and livestock products","196","Cyprus","5312","Area harvested","0111","Wheat","2020","2020","ha","12970","A","Official value",""
"QCL","Crops and livestock products","196","Cyprus","5412","Yield","0111","Wheat","2020","2020","kg/ha","2671.5","A","Official value",""
"QCL","Crops and livestock products","196","Cyprus","5510","Production","0111","Wheat","2020","2020","t","34650","A","Official value",""
"QCL","Crops and livestock products","196","Cyprus","5312","Area harvested","0111","Wheat","2021","2021","ha","12320","A","Official value",""
"QCL","Crops and livestock products","196","Cyprus","5412","Yield","0111","Wheat","2021","2021","kg/ha","2104.7","A","Official value",""
"QCL","Crops and livestock products","196","Cyprus","5510","Production","0111","Wheat","2021","2021","t","25930","A","Official value",""
"QCL","Crops and livestock products","196","Cyprus","5312","Area harvested","0111","Wheat","2022","2022","ha","13310","A","Official value",""
"QCL","Crops and livestock products","196","Cyprus","5412","Yield","0111","Wheat","2022","2022","kg/ha","2336.6","A","Official value",""
"QCL","Crops and livestock products","196","Cyprus","5510","Production","0111","Wheat","2022","2022","t","31100","A","Official value",""
"QCL","Crops and livestock products","196","Cyprus","5312","Area harvested","0111","Wheat","2023","2023","ha","14130","A","Official value",""
"QCL","Crops and livestock products","196","Cyprus","5412","Yield","0111","Wheat","2023","2023","kg/ha","1999.3","A","Official value",""
"QCL","Crops and livestock products","196","Cyprus","5510","Production","0111","Wheat","2023","2023","t","28250","A","Official value",""
"QCL","Crops and livestock products","196","Cyprus","5312","Area harvested","0111","Wheat","2024","2024","ha","12480","A","Official value",""
"QCL","Crops and livestock products","196","Cyprus","5412","Yield","0111","Wheat","2024","2024","kg/ha","1686.7","A","Official value",""
"QCL","Crops and livestock products","196","Cyprus","5510","Production","0111","Wheat","2024","2024","t","21050","A","Official value",""
"QCL","Crops and livestock products","203","Czechia","5312","Area harvested","0111","Wheat","2015","2015","ha","829820","A","Official value",""
"QCL","Crops and livestock products","203","Czechia","5412","Yield","0111","Wheat","2015","2015","kg/ha","6355.9","A","Official value",""
"QCL","Crops and livestock products","203","Czechia","5510","Production","0111","Wheat","2015","2015","t","5274272","A","Official value",""
"QCL","Crops and livestock products","203","Czechia","5312","Area harvested","0111","Wheat","2016","2016","ha","839710","A","Official value",""
"QCL","Crops and livestock products","203","Czechia","5412","Yield","0111","Wheat","2016","2016","kg/ha","6495.9","A","Official value",""
"QCL","Crops and livestock products","203","Czechia","5510","Production","0111","Wheat","2016","2016","t","5454663","A","Official value",""
"QCL","Crops and livestock products","203","Czechia","5312","Area harvested","0111","Wheat","2017","2017","ha","832062","A","Official value",""
"QCL","Crops and livestock products","203","Czechia","5412","Yield","0111","Wheat","2017","2017","kg/ha","5670.5","A","Official value",""
"QCL","Crops and livestock products","203","Czechia","5510","Production","0111","Wheat","2017","2017","t","4718205.16","A","Official value",""
"QCL","Crops and livestock products","203","Czechia","5312","Area harvested","0111","Wheat","2018","2018","ha","819690","A","Official value",""
"QCL","Crops and livestock products","203","Czechia","5412","Yield","0111","Wheat","2018","2018","kg/ha","5389.6","A","Official value",""
"QCL","Crops and livestock products","203","Czechia","5510","Production","0111","Wheat","2018","2018","t","4417840","A","Official value",""
"QCL","Crops and livestock products","203","Czechia","5312","Area harvested","0111","Wheat","2019","2019","ha","839450","A","Official value",""
"QCL","Crops and livestock products","203","Czechia","5412","Yield","0111","Wheat","2019","2019","kg/ha","5732.5","A","Official value",""
"QCL","Crops and livestock products","203","Czechia","5510","Production","0111","Wheat","2019","2019","t","4812160","A","Official value",""
"QCL","Crops and livestock products","203","Czechia","5312","Area harvested","0111","Wheat","2020","2020","ha","798580","A","Official value",""
"QCL","Crops and livestock products","203","Czechia","5412","Yield","0111","Wheat","2020","2020","kg/ha","6138.9","A","Official value",""
"QCL","Crops and livestock products","203","Czechia","5510","Production","0111","Wheat","2020","2020","t","4902410","A","Official value",""
"QCL","Crops and livestock products","203","Czechia","5312","Area harvested","0111","Wheat","2021","2021","ha","784780","A","Official value",""
"QCL","Crops and livestock products","203","Czechia","5412","Yield","0111","Wheat","2021","2021","kg/ha","6321.4","A","Official value",""
"QCL","Crops and livestock products","203","Czechia","5510","Production","0111","Wheat","2021","2021","t","4960930","A","Official value",""
"QCL","Crops and livestock products","203","Czechia","5312","Area harvested","0111","Wheat","2022","2022","ha","854430","A","Official value",""
"QCL","Crops and livestock products","203","Czechia","5412","Yield","0111","Wheat","2022","2022","kg/ha","6072.7","A","Official value",""
"QCL","Crops and livestock products","203","Czechia","5510","Production","0111","Wheat","2022","2022","t","5188690","A","Official value",""
"QCL","Crops and livestock products","203","Czechia","5312","Area harvested","0111","Wheat","2023","2023","ha","817760","A","Official value",""
"QCL","Crops and livestock products","203","Czechia","5412","Yield","0111","Wheat","2023","2023","kg/ha","6435.1","A","Official value",""
"QCL","Crops and livestock products","203","Czechia","5510","Production","0111","Wheat","2023","2023","t","5262360","A","Official value",""
"QCL","Crops and livestock products","203","Czechia","5312","Area harvested","0111","Wheat","2024","2024","ha","776500","A","Official value",""
"QCL","Crops and livestock products","203","Czechia","5412","Yield","0111","Wheat","2024","2024","kg/ha","5956.7","A","Official value",""
"QCL","Crops and livestock products","203","Czechia","5510","Production","0111","Wheat","2024","2024","t","4625370","A","Official value",""
"QCL","Crops and livestock products","200","Czechoslovakia","5312","Area harvested","0111","Wheat","2015","2015","","","","",""
"QCL","Crops and livestock products","200","Czechoslovakia","5412","Yield","0111","Wheat","2015","2015","","","","",""
"QCL","Crops and livestock products","200","Czechoslovakia","5510","Production","0111","Wheat","2015","2015","","","","",""
"QCL","Crops and livestock products","200","Czechoslovakia","5312","Area harvested","0111","Wheat","2016","2016","","","","",""
"QCL","Crops and livestock products","200","Czechoslovakia","5412","Yield","0111","Wheat","2016","2016","","","","",""
"QCL","Crops and livestock products","200","Czechoslovakia","5510","Production","0111","Wheat","2016","2016","","","","",""
"QCL","Crops and livestock products","200","Czechoslovakia","5312","Area harvested","0111","Wheat","2017","2017","","","","",""
"QCL","Crops and livestock products","200","Czechoslovakia","5412","Yield","0111","Wheat","2017","2017","","","","",""
"QCL","Crops and livestock products","200","Czechoslovakia","5510","Production","0111","Wheat","2017","2017","","","","",""
"QCL","Crops and livestock products","200","Czechoslovakia","5312","Area harvested","0111","Wheat","2018","2018","","","","",""
"QCL","Crops and livestock products","200","Czechoslovakia","5412","Yield","0111","Wheat","2018","2018","","","","",""
"QCL","Crops and livestock products","200","Czechoslovakia","5510","Production","0111","Wheat","2018","2018","","","","",""
"QCL","Crops and livestock products","200","Czechoslovakia","5312","Area harvested","0111","Wheat","2019","2019","","","","",""
"QCL","Crops and livestock products","200","Czechoslovakia","5412","Yield","0111","Wheat","2019","2019","","","","",""
"QCL","Crops and livestock products","200","Czechoslovakia","5510","Production","0111","Wheat","2019","2019","","","","",""
"QCL","Crops and livestock products","200","Czechoslovakia","5312","Area harvested","0111","Wheat","2020","2020","","","","",""
"QCL","Crops and livestock products","200","Czechoslovakia","5412","Yield","0111","Wheat","2020","2020","","","","",""
"QCL","Crops and livestock products","200","Czechoslovakia","5510","Production","0111","Wheat","2020","2020","","","","",""
"QCL","Crops and livestock products","200","Czechoslovakia","5312","Area harvested","0111","Wheat","2021","2021","","","","",""
"QCL","Crops and livestock products","200","Czechoslovakia","5412","Yield","0111","Wheat","2021","2021","","","","",""
"QCL","Crops and livestock products","200","Czechoslovakia","5510","Production","0111","Wheat","2021","2021","","","","",""
"QCL","Crops and livestock products","200","Czechoslovakia","5312","Area harvested","0111","Wheat","2022","2022","","","","",""
"QCL","Crops and livestock products","200","Czechoslovakia","5412","Yield","0111","Wheat","2022","2022","","","","",""
"QCL","Crops and livestock products","200","Czechoslovakia","5510","Production","0111","Wheat","2022","2022","","","","",""
"QCL","Crops and livestock products","200","Czechoslovakia","5312","Area harvested","0111","Wheat","2023","2023","","","","",""
"QCL","Crops and livestock products","200","Czechoslovakia","5412","Yield","0111","Wheat","2023","2023","","","","",""
"QCL","Crops and livestock products","200","Czechoslovakia","5510","Production","0111","Wheat","2023","2023","","","","",""
"QCL","Crops and livestock products","200","Czechoslovakia","5312","Area harvested","0111","Wheat","2024","2024","","","","",""
"QCL","Crops and livestock products","200","Czechoslovakia","5412","Yield","0111","Wheat","2024","2024","","","","",""
"QCL","Crops and livestock products","200","Czechoslovakia","5510","Production","0111","Wheat","2024","2024","","","","",""
"QCL","Crops and livestock products","408","Democratic People's Republic of Korea","5312","Area harvested","0111","Wheat","2015","2015","ha","40000","X","Value from external organization","Unofficial figure"
"QCL","Crops and livestock products","408","Democratic People's Republic of Korea","5412","Yield","0111","Wheat","2015","2015","kg/ha","1375","X","Value from external organization",""
"QCL","Crops and livestock products","408","Democratic People's Republic of Korea","5510","Production","0111","Wheat","2015","2015","t","55000","X","Value from external organization","Unofficial figure"
"QCL","Crops and livestock products","408","Democratic People's Republic of Korea","5312","Area harvested","0111","Wheat","2016","2016","ha","31500","X","Value from external organization","Unofficial figure"
"QCL","Crops and livestock products","408","Democratic People's Republic of Korea","5412","Yield","0111","Wheat","2016","2016","kg/ha","1238.1","X","Value from external organization",""
"QCL","Crops and livestock products","408","Democratic People's Republic of Korea","5510","Production","0111","Wheat","2016","2016","t","39000","X","Value from external organization","Unofficial figure"
"QCL","Crops and livestock products","408","Democratic People's Republic of Korea","5312","Area harvested","0111","Wheat","2017","2017","ha","36385","E","Estimated value",""
"QCL","Crops and livestock products","408","Democratic People's Republic of Korea","5412","Yield","0111","Wheat","2017","2017","kg/ha","1203.8","E","Estimated value",""
"QCL","Crops and livestock products","408","Democratic People's Republic of Korea","5510","Production","0111","Wheat","2017","2017","t","43800","E","Estimated value",""
"QCL","Crops and livestock products","408","Democratic People's Republic of Korea","5312","Area harvested","0111","Wheat","2018","2018","ha","40700","E","Estimated value",""
"QCL","Crops and livestock products","408","Democratic People's Republic of Korea","5412","Yield","0111","Wheat","2018","2018","kg/ha","1250.6","E","Estimated value",""
"QCL","Crops and livestock products","408","Democratic People's Republic of Korea","5510","Production","0111","Wheat","2018","2018","t","50900","E","Estimated value",""
"QCL","Crops and livestock products","408","Democratic People's Republic of Korea","5312","Area harvested","0111","Wheat","2019","2019","ha","71345","I","Value imputed by a receiving agency",""
"QCL","Crops and livestock products","408","Democratic People's Republic of Korea","5412","Yield","0111","Wheat","2019","2019","kg/ha","1226.4","E","Estimated value",""
"QCL","Crops and livestock products","408","Democratic People's Republic of Korea","5510","Production","0111","Wheat","2019","2019","t","87500","E","Estimated value",""
"QCL","Crops and livestock products","408","Democratic People's Republic of Korea","5312","Area harvested","0111","Wheat","2020","2020","ha","71307","I","Value imputed by a receiving agency",""
"QCL","Crops and livestock products","408","Democratic People's Republic of Korea","5412","Yield","0111","Wheat","2020","2020","kg/ha","1248.1","E","Estimated value",""
"QCL","Crops and livestock products","408","Democratic People's Republic of Korea","5510","Production","0111","Wheat","2020","2020","t","89000","E","Estimated value",""
"QCL","Crops and livestock products","408","Democratic People's Republic of Korea","5312","Area harvested","0111","Wheat","2021","2021","ha","71800","E","Estimated value",""
"QCL","Crops and livestock products","408","Democratic People's Republic of Korea","5412","Yield","0111","Wheat","2021","2021","kg/ha","1229.1","E","Estimated value",""
"QCL","Crops and livestock products","408","Democratic People's Republic of Korea","5510","Production","0111","Wheat","2021","2021","t","88250","E","Estimated value",""
"QCL","Crops and livestock products","408","Democratic People's Republic of Korea","5312","Area harvested","0111","Wheat","2022","2022","ha","72000","E","Estimated value",""
"QCL","Crops and livestock products","408","Democratic People's Republic of Korea","5412","Yield","0111","Wheat","2022","2022","kg/ha","1230.6","E","Estimated value",""
"QCL","Crops and livestock products","408","Democratic People's Republic of Korea","5510","Production","0111","Wheat","2022","2022","t","88600","E","Estimated value",""
"QCL","Crops and livestock products","408","Democratic People's Republic of Korea","5312","Area harvested","0111","Wheat","2023","2023","ha","71900","E","Estimated value",""
"QCL","Crops and livestock products","408","Democratic People's Republic of Korea","5412","Yield","0111","Wheat","2023","2023","kg/ha","1229.5","E","Estimated value",""
"QCL","Crops and livestock products","408","Democratic People's Republic of Korea","5510","Production","0111","Wheat","2023","2023","t","88400","E","Estimated value",""
"QCL","Crops and livestock products","408","Democratic People's Republic of Korea","5312","Area harvested","0111","Wheat","2024","2024","ha","75001","I","Value imputed by a receiving agency",""
"QCL","Crops and livestock products","408","Democratic People's Republic of Korea","5412","Yield","0111","Wheat","2024","2024","kg/ha","1201","E","Estimated value",""
"QCL","Crops and livestock products","408","Democratic People's Republic of Korea","5510","Production","0111","Wheat","2024","2024","t","90073.24","I","Value imputed by a receiving agency",""
"QCL","Crops and livestock products","180","Democratic Republic of the Congo","5312","Area harvested","0111","Wheat","2015","2015","ha","7257","I","Value imputed by a receiving agency",""
"QCL","Crops and livestock products","180","Democratic Republic of the Congo","5412","Yield","0111","Wheat","2015","2015","kg/ha","1309.1","E","Estimated value",""
"QCL","Crops and livestock products","180","Democratic Republic of the Congo","5510","Production","0111","Wheat","2015","2015","t","9500","E","Estimated value",""
"QCL","Crops and livestock products","180","Democratic Republic of the Congo","5312","Area harvested","0111","Wheat","2016","2016","ha","8540","I","Value imputed by a receiving agency",""
"QCL","Crops and livestock products","180","Democratic Republic of the Congo","5412","Yield","0111","Wheat","2016","2016","kg/ha","1288","E","Estimated value",""
"QCL","Crops and livestock products","180","Democratic Republic of the Congo","5510","Production","0111","Wheat","2016","2016","t","11000","E","Estimated value",""
"QCL","Crops and livestock products","180","Democratic Republic of the Congo","5312","Area harvested","0111","Wheat","2017","2017","ha","7944","I","Value imputed by a receiving agency",""
"QCL","Crops and livestock products","180","Democratic Republic of the Congo","5412","Yield","0111","Wheat","2017","2017","kg/ha","1258.8","E","Estimated value",""
"QCL","Crops and livestock products","180","Democratic Republic of the Congo","5510","Production","0111","Wheat","2017","2017","t","10000","E","Estimated value",""
"QCL","Crops and livestock products","180","Democratic Republic of the Congo","5312","Area harvested","0111","Wheat","2018","2018","ha","9382","I","Value imputed by a receiving agency",""
"QCL","Crops and livestock products","180","Democratic Republic of the Congo","5412","Yield","0111","Wheat","2018","2018","kg/ha","1225.8","E","Estimated value",""
"QCL","Crops and livestock products","180","Democratic Republic of the Congo","5510","Production","0111","Wheat","2018","2018","t","11500","E","Estimated value",""
"QCL","Crops and livestock products","180","Democratic Republic of the Congo","5312","Area harvested","0111","Wheat","2019","2019","ha","8443","I","Value imputed by a receiving agency",""
"QCL","Crops and livestock products","180","Democratic Republic of the Congo","5412","Yield","0111","Wheat","2019","2019","kg/ha","1189.4","E","Estimated value",""
"QCL","Crops and livestock products","180","Democratic Republic of the Congo","5510","Production","0111","Wheat","2019","2019","t","10042.21","I","Value imputed by a receiving agency",""
"QCL","Crops and livestock products","180","Democratic Republic of the Congo","5312","Area harvested","0111","Wheat","2020","2020","ha","8000","X","Value from external organization","Unofficial figure"
"QCL","Crops and livestock products","180","Democratic Republic of the Congo","5412","Yield","0111","Wheat","2020","2020","kg/ha","1125","X","Value from external organization",""
"QCL","Crops and livestock products","180","Democratic Republic of the Congo","5510","Production","0111","Wheat","2020","2020","t","9000","X","Value from external organization","Unofficial figure"
"QCL","Crops and livestock products","180","Democratic Republic of the Congo","5312","Area harvested","0111","Wheat","2021","2021","ha","8000","X","Value from external organization","Unofficial figure"
"QCL","Crops and livestock products","180","Democratic Republic of the Congo","5412","Yield","0111","Wheat","2021","2021","kg/ha","1125","X","Value from external organization",""
"QCL","Crops and livestock products","180","Democratic Republic of the Congo","5510","Production","0111","Wheat","2021","2021","t","9000","X","Value from external organization","Unofficial figure"
"QCL","Crops and livestock products","180","Democratic Republic of the Congo","5312","Area harvested","0111","Wheat","2022","2022","ha","8000","X","Value from external organization","Unofficial figure"
"QCL","Crops and livestock products","180","Democratic Republic of the Congo","5412","Yield","0111","Wheat","2022","2022","kg/ha","1125","X","Value from external organization",""
"QCL","Crops and livestock products","180","Democratic Republic of the Congo","5510","Production","0111","Wheat","2022","2022","t","9000","X","Value from external organization","Unofficial figure"
"QCL","Crops and livestock products","180","Democratic Republic of the Congo","5312","Area harvested","0111","Wheat","2023","2023","ha","8000","X","Value from external organization","Unofficial figure"
"QCL","Crops and livestock products","180","Democratic Republic of the Congo","5412","Yield","0111","Wheat","2023","2023","kg/ha","1125","X","Value from external organization",""
"QCL","Crops and livestock products","180","Democratic Republic of the Congo","5510","Production","0111","Wheat","2023","2023","t","9000","X","Value from external organization","Unofficial figure"
"QCL","Crops and livestock products","180","Democratic Republic of the Congo","5312","Area harvested","0111","Wheat","2024","2024","ha","8000","X","Value from external organization","Unofficial figure"
"QCL","Crops and livestock products","180","Democratic Republic of the Congo","5412","Yield","0111","Wheat","2024","2024","kg/ha","1125","X","Value from external organization",""
"QCL","Crops and livestock products","180","Democratic Republic of the Congo","5510","Production","0111","Wheat","2024","2024","t","9000","X","Value from external organization","Unofficial figure"
"QCL","Crops and livestock products","208","Denmark","5312","Area harvested","0111","Wheat","2015","2015","ha","632400","A","Official value",""
"QCL","Crops and livestock products","208","Denmark","5412","Yield","0111","Wheat","2015","2015","kg/ha","7952.7","A","Official value",""
"QCL","Crops and livestock products","208","Denmark","5510","Production","0111","Wheat","2015","2015","t","5029300","A","Official value",""
"QCL","Crops and livestock products","208","Denmark","5312","Area harvested","0111","Wheat","2016","2016","ha","583000","A","Official value",""
"QCL","Crops and livestock products","208","Denmark","5412","Yield","0111","Wheat","2016","2016","kg/ha","7206.7","A","Official value",""
"QCL","Crops and livestock products","208","Denmark","5510","Production","0111","Wheat","2016","2016","t","4201500","A","Official value",""
"QCL","Crops and livestock products","208","Denmark","5312","Area harvested","0111","Wheat","2017","2017","ha","586600","A","Official value",""
"QCL","Crops and livestock products","208","Denmark","5412","Yield","0111","Wheat","2017","2017","kg/ha","8240.9","A","Official value",""
"QCL","Crops and livestock products","208","Denmark","5510","Production","0111","Wheat","2017","2017","t","4834100","A","Official value",""
"QCL","Crops and livestock products","208","Denmark","5312","Area harvested","0111","Wheat","2018","2018","ha","425800","A","Official value",""
"QCL","Crops and livestock products","208","Denmark","5412","Yield","0111","Wheat","2018","2018","kg/ha","6162.4","A","Official value",""
"QCL","Crops and livestock products","208","Denmark","5510","Production","0111","Wheat","2018","2018","t","2623930","A","Official value",""
"QCL","Crops and livestock products","208","Denmark","5312","Area harvested","0111","Wheat","2019","2019","ha","573400","A","Official value",""
"QCL","Crops and livestock products","208","Denmark","5412","Yield","0111","Wheat","2019","2019","kg/ha","8095.7","A","Official value",""
"QCL","Crops and livestock products","208","Denmark","5510","Production","0111","Wheat","2019","2019","t","4642090","A","Official value",""
"QCL","Crops and livestock products","208","Denmark","5312","Area harvested","0111","Wheat","2020","2020","ha","502600","A","Official value",""
"QCL","Crops and livestock products","208","Denmark","5412","Yield","0111","Wheat","2020","2020","kg/ha","8098.7","A","Official value",""
"QCL","Crops and livestock products","208","Denmark","5510","Production","0111","Wheat","2020","2020","t","4070410","A","Official value",""
"QCL","Crops and livestock products","208","Denmark","5312","Area harvested","0111","Wheat","2021","2021","ha","537700","A","Official value",""
"QCL","Crops and livestock products","208","Denmark","5412","Yield","0111","Wheat","2021","2021","kg/ha","7526.7","A","Official value",""
"QCL","Crops and livestock products","208","Denmark","5510","Production","0111","Wheat","2021","2021","t","4047090","A","Official value",""
"QCL","Crops and livestock products","208","Denmark","5312","Area harvested","0111","Wheat","2022","2022","ha","497300","A","Official value",""
"QCL","Crops and livestock products","208","Denmark","5412","Yield","0111","Wheat","2022","2022","kg/ha","8376","A","Official value",""
"QCL","Crops and livestock products","208","Denmark","5510","Production","0111","Wheat","2022","2022","t","4165400","A","Official value",""
"QCL","Crops and livestock products","208","Denmark","5312","Area harvested","0111","Wheat","2023","2023","ha","489000","A","Official value",""
"QCL","Crops and livestock products","208","Denmark","5412","Yield","0111","Wheat","2023","2023","kg/ha","7272.5","A","Official value",""
"QCL","Crops and livestock products","208","Denmark","5510","Production","0111","Wheat","2023","2023","t","3556260","A","Official value",""
"QCL","Crops and livestock products","208","Denmark","5312","Area harvested","0111","Wheat","2024","2024","ha","475600","A","Official value",""
"QCL","Crops and livestock products","208","Denmark","5412","Yield","0111","Wheat","2024","2024","kg/ha","7039.6","A","Official value",""
"QCL","Crops and livestock products","208","Denmark","5510","Production","0111","Wheat","2024","2024","t","3348010","A","Official value",""
"QCL","Crops and livestock products","262","Djibouti","5312","Area harvested","0111","Wheat","2015","2015","","","","",""
"QCL","Crops and livestock products","262","Djibouti","5412","Yield","0111","Wheat","2015","2015","","","","",""
"QCL","Crops and livestock products","262","Djibouti","5510","Production","0111","Wheat","2015","2015","","","","",""
"QCL","Crops and livestock products","262","Djibouti","5312","Area harvested","0111","Wheat","2016","2016","","","","",""
"QCL","Crops and livestock products","262","Djibouti","5412","Yield","0111","Wheat","2016","2016","","","","",""
"QCL","Crops and livestock products","262","Djibouti","5510","Production","0111","Wheat","2016","2016","","","","",""
"QCL","Crops and livestock products","262","Djibouti","5312","Area harvested","0111","Wheat","2017","2017","","","","",""
"QCL","Crops and livestock products","262","Djibouti","5412","Yield","0111","Wheat","2017","2017","","","","",""
"QCL","Crops and livestock products","262","Djibouti","5510","Production","0111","Wheat","2017","2017","","","","",""
"QCL","Crops and livestock products","262","Djibouti","5312","Area harvested","0111","Wheat","2018","2018","","","","",""
"QCL","Crops and livestock products","262","Djibouti","5412","Yield","0111","Wheat","2018","2018","","","","",""
"QCL","Crops and livestock products","262","Djibouti","5510","Production","0111","Wheat","2018","2018","","","","",""
"QCL","Crops and livestock products","262","Djibouti","5312","Area harvested","0111","Wheat","2019","2019","","","","",""
"QCL","Crops and livestock products","262","Djibouti","5412","Yield","0111","Wheat","2019","2019","","","","",""
"QCL","Crops and livestock products","262","Djibouti","5510","Production","0111","Wheat","2019","2019","","","","",""
"QCL","Crops and livestock products","262","Djibouti","5312","Area harvested","0111","Wheat","2020","2020","","","","",""
"QCL","Crops and livestock products","262","Djibouti","5412","Yield","0111","Wheat","2020","2020","","","","",""
"QCL","Crops and livestock products","262","Djibouti","5510","Production","0111","Wheat","2020","2020","","","","",""
"QCL","Crops and livestock products","262","Djibouti","5312","Area harvested","0111","Wheat","2021","2021","","","","",""
"QCL","Crops and livestock products","262","Djibouti","5412","Yield","0111","Wheat","2021","2021","","","","",""
"QCL","Crops and livestock products","262","Djibouti","5510","Production","0111","Wheat","2021","2021","","","","",""
"QCL","Crops and livestock products","262","Djibouti","5312","Area harvested","0111","Wheat","2022","2022","","","","",""
"QCL","Crops and livestock products","262","Djibouti","5412","Yield","0111","Wheat","2022","2022","","","","",""
"QCL","Crops and livestock products","262","Djibouti","5510","Production","0111","Wheat","2022","2022","","","","",""
"QCL","Crops and livestock products","262","Djibouti","5312","Area harvested","0111","Wheat","2023","2023","","","","",""
"QCL","Crops and livestock products","262","Djibouti","5412","Yield","0111","Wheat","2023","2023","","","","",""
"QCL","Crops and livestock products","262","Djibouti","5510","Production","0111","Wheat","2023","2023","","","","",""
"QCL","Crops and livestock products","262","Djibouti","5312","Area harvested","0111","Wheat","2024","2024","","","","",""
"QCL","Crops and livestock products","262","Djibouti","5412","Yield","0111","Wheat","2024","2024","","","","",""
"QCL","Crops and livestock products","262","Djibouti","5510","Production","0111","Wheat","2024","2024","","","","",""
"QCL","Crops and livestock products","212","Dominica","5312","Area harvested","0111","Wheat","2015","2015","","","","",""
"QCL","Crops and livestock products","212","Dominica","5412","Yield","0111","Wheat","2015","2015","","","","",""
"QCL","Crops and livestock products","212","Dominica","5510","Production","0111","Wheat","2015","2015","","","","",""
"QCL","Crops and livestock products","212","Dominica","5312","Area harvested","0111","Wheat","2016","2016","","","","",""
"QCL","Crops and livestock products","212","Dominica","5412","Yield","0111","Wheat","2016","2016","","","","",""
"QCL","Crops and livestock products","212","Dominica","5510","Production","0111","Wheat","2016","2016","","","","",""
"QCL","Crops and livestock products","212","Dominica","5312","Area harvested","0111","Wheat","2017","2017","","","","",""
"QCL","Crops and livestock products","212","Dominica","5412","Yield","0111","Wheat","2017","2017","","","","",""
"QCL","Crops and livestock products","212","Dominica","5510","Production","0111","Wheat","2017","2017","","","","",""
"QCL","Crops and livestock products","212","Dominica","5312","Area harvested","0111","Wheat","2018","2018","","","","",""
"QCL","Crops and livestock products","212","Dominica","5412","Yield","0111","Wheat","2018","2018","","","","",""
"QCL","Crops and livestock products","212","Dominica","5510","Production","0111","Wheat","2018","2018","","","","",""
"QCL","Crops and livestock products","212","Dominica","5312","Area harvested","0111","Wheat","2019","2019","","","","",""
"QCL","Crops and livestock products","212","Dominica","5412","Yield","0111","Wheat","2019","2019","","","","",""
"QCL","Crops and livestock products","212","Dominica","5510","Production","0111","Wheat","2019","2019","","","","",""
"QCL","Crops and livestock products","212","Dominica","5312","Area harvested","0111","Wheat","2020","2020","","","","",""
"QCL","Crops and livestock products","212","Dominica","5412","Yield","0111","Wheat","2020","2020","","","","",""
"QCL","Crops and livestock products","212","Dominica","5510","Production","0111","Wheat","2020","2020","","","","",""
"QCL","Crops and livestock products","212","Dominica","5312","Area harvested","0111","Wheat","2021","2021","","","","",""
"QCL","Crops and livestock products","212","Dominica","5412","Yield","0111","Wheat","2021","2021","","","","",""
"QCL","Crops and livestock products","212","Dominica","5510","Production","0111","Wheat","2021","2021","","","","",""
"QCL","Crops and livestock products","212","Dominica","5312","Area harvested","0111","Wheat","2022","2022","","","","",""
"QCL","Crops and livestock products","212","Dominica","5412","Yield","0111","Wheat","2022","2022","","","","",""
"QCL","Crops and livestock products","212","Dominica","5510","Production","0111","Wheat","2022","2022","","","","",""
"QCL","Crops and livestock products","212","Dominica","5312","Area harvested","0111","Wheat","2023","2023","","","","",""
"QCL","Crops and livestock products","212","Dominica","5412","Yield","0111","Wheat","2023","2023","","","","",""
"QCL","Crops and livestock products","212","Dominica","5510","Production","0111","Wheat","2023","2023","","","","",""
"QCL","Crops and livestock products","212","Dominica","5312","Area harvested","0111","Wheat","2024","2024","","","","",""
"QCL","Crops and livestock products","212","Dominica","5412","Yield","0111","Wheat","2024","2024","","","","",""
"QCL","Crops and livestock products","212","Dominica","5510","Production","0111","Wheat","2024","2024","","","","",""
"QCL","Crops and livestock products","214","Dominican Republic","5312","Area harvested","0111","Wheat","2015","2015","","","","",""
"QCL","Crops and livestock products","214","Dominican Republic","5412","Yield","0111","Wheat","2015","2015","","","","",""
"QCL","Crops and livestock products","214","Dominican Republic","5510","Production","0111","Wheat","2015","2015","","","","",""
"QCL","Crops and livestock products","214","Dominican Republic","5312","Area harvested","0111","Wheat","2016","2016","","","","",""
"QCL","Crops and livestock products","214","Dominican Republic","5412","Yield","0111","Wheat","2016","2016","","","","",""
"QCL","Crops and livestock products","214","Dominican Republic","5510","Production","0111","Wheat","2016","2016","","","","",""
"QCL","Crops and livestock products","214","Dominican Republic","5312","Area harvested","0111","Wheat","2017","2017","","","","",""
"QCL","Crops and livestock products","214","Dominican Republic","5412","Yield","0111","Wheat","2017","2017","","","","",""
"QCL","Crops and livestock products","214","Dominican Republic","5510","Production","0111","Wheat","2017","2017","","","","",""
"QCL","Crops and livestock products","214","Dominican Republic","5312","Area harvested","0111","Wheat","2018","2018","","","","",""
"QCL","Crops and livestock products","214","Dominican Republic","5412","Yield","0111","Wheat","2018","2018","","","","",""
"QCL","Crops and livestock products","214","Dominican Republic","5510","Production","0111","Wheat","2018","2018","","","","",""
"QCL","Crops and livestock products","214","Dominican Republic","5312","Area harvested","0111","Wheat","2019","2019","","","","",""
"QCL","Crops and livestock products","214","Dominican Republic","5412","Yield","0111","Wheat","2019","2019","","","","",""
"QCL","Crops and livestock products","214","Dominican Republic","5510","Production","0111","Wheat","2019","2019","","","","",""
"QCL","Crops and livestock products","214","Dominican Republic","5312","Area harvested","0111","Wheat","2020","2020","","","","",""
"QCL","Crops and livestock products","214","Dominican Republic","5412","Yield","0111","Wheat","2020","2020","","","","",""
"QCL","Crops and livestock products","214","Dominican Republic","5510","Production","0111","Wheat","2020","2020","","","","",""
"QCL","Crops and livestock products","214","Dominican Republic","5312","Area harvested","0111","Wheat","2021","2021","","","","",""
"QCL","Crops and livestock products","214","Dominican Republic","5412","Yield","0111","Wheat","2021","2021","","","","",""
"QCL","Crops and livestock products","214","Dominican Republic","5510","Production","0111","Wheat","2021","2021","","","","",""
"QCL","Crops and livestock products","214","Dominican Republic","5312","Area harvested","0111","Wheat","2022","2022","","","","",""
"QCL","Crops and livestock products","214","Dominican Republic","5412","Yield","0111","Wheat","2022","2022","","","","",""
"QCL","Crops and livestock products","214","Dominican Republic","5510","Production","0111","Wheat","2022","2022","","","","",""
"QCL","Crops and livestock products","214","Dominican Republic","5312","Area harvested","0111","Wheat","2023","2023","","","","",""
"QCL","Crops and livestock products","214","Dominican Republic","5412","Yield","0111","Wheat","2023","2023","","","","",""
"QCL","Crops and livestock products","214","Dominican Republic","5510","Production","0111","Wheat","2023","2023","","","","",""
"QCL","Crops and livestock products","214","Dominican Republic","5312","Area harvested","0111","Wheat","2024","2024","","","","",""
"QCL","Crops and livestock products","214","Dominican Republic","5412","Yield","0111","Wheat","2024","2024","","","","",""
"QCL","Crops and livestock products","214","Dominican Republic","5510","Production","0111","Wheat","2024","2024","","","","",""
"QCL","Crops and livestock products","218","Ecuador","5312","Area harvested","0111","Wheat","2015","2015","ha","2865","A","Official value",""
"QCL","Crops and livestock products","218","Ecuador","5412","Yield","0111","Wheat","2015","2015","kg/ha","716.5","A","Official value",""
"QCL","Crops and livestock products","218","Ecuador","5510","Production","0111","Wheat","2015","2015","t","2052.72","A","Official value",""
"QCL","Crops and livestock products","218","Ecuador","5312","Area harvested","0111","Wheat","2016","2016","ha","4423","A","Official value",""
"QCL","Crops and livestock products","218","Ecuador","5412","Yield","0111","Wheat","2016","2016","kg/ha","1525","A","Official value",""
"QCL","Crops and livestock products","218","Ecuador","5510","Production","0111","Wheat","2016","2016","t","6745.77","A","Official value",""
"QCL","Crops and livestock products","218","Ecuador","5312","Area harvested","0111","Wheat","2017","2017","ha","4490","A","Official value",""
"QCL","Crops and livestock products","218","Ecuador","5412","Yield","0111","Wheat","2017","2017","kg/ha","1292.4","A","Official value",""
"QCL","Crops and livestock products","218","Ecuador","5510","Production","0111","Wheat","2017","2017","t","5803","A","Official value",""
"QCL","Crops and livestock products","218","Ecuador","5312","Area harvested","0111","Wheat","2018","2018","ha","3149","A","Official value",""
"QCL","Crops and livestock products","218","Ecuador","5412","Yield","0111","Wheat","2018","2018","kg/ha","1714.2","A","Official value",""
"QCL","Crops and livestock products","218","Ecuador","5510","Production","0111","Wheat","2018","2018","t","5398","A","Official value",""
"QCL","Crops and livestock products","218","Ecuador","5312","Area harvested","0111","Wheat","2019","2019","ha","3085","A","Official value",""
"QCL","Crops and livestock products","218","Ecuador","5412","Yield","0111","Wheat","2019","2019","kg/ha","1644.6","A","Official value",""
"QCL","Crops and livestock products","218","Ecuador","5510","Production","0111","Wheat","2019","2019","t","5073.39","A","Official value",""
"QCL","Crops and livestock products","218","Ecuador","5312","Area harvested","0111","Wheat","2020","2020","ha","6698","A","Official value",""
"QCL","Crops and livestock products","218","Ecuador","5412","Yield","0111","Wheat","2020","2020","kg/ha","2186.8","A","Official value",""
"QCL","Crops and livestock products","218","Ecuador","5510","Production","0111","Wheat","2020","2020","t","14647","A","Official value",""
"QCL","Crops and livestock products","218","Ecuador","5312","Area harvested","0111","Wheat","2021","2021","ha","6038","A","Official value",""
"QCL","Crops and livestock products","218","Ecuador","5412","Yield","0111","Wheat","2021","2021","kg/ha","1805.1","A","Official value",""
"QCL","Crops and livestock products","218","Ecuador","5510","Production","0111","Wheat","2021","2021","t","10898.38","A","Official value",""
"QCL","Crops and livestock products","218","Ecuador","5312","Area harvested","0111","Wheat","2022","2022","ha","4395","A","Official value",""
"QCL","Crops and livestock products","218","Ecuador","5412","Yield","0111","Wheat","2022","2022","kg/ha","1690.8","A","Official value",""
"QCL","Crops and livestock products","218","Ecuador","5510","Production","0111","Wheat","2022","2022","t","7431","A","Official value",""
"QCL","Crops and livestock products","218","Ecuador","5312","Area harvested","0111","Wheat","2023","2023","ha","4035","A","Official value",""
"QCL","Crops and livestock products","218","Ecuador","5412","Yield","0111","Wheat","2023","2023","kg/ha","985.4","A","Official value",""
"QCL","Crops and livestock products","218","Ecuador","5510","Production","0111","Wheat","2023","2023","t","3976.02","A","Official value",""
"QCL","Crops and livestock products","218","Ecuador","5312","Area harvested","0111","Wheat","2024","2024","ha","3057","A","Official value",""
"QCL","Crops and livestock products","218","Ecuador","5412","Yield","0111","Wheat","2024","2024","kg/ha","2395.5","A","Official value",""
"QCL","Crops and livestock products","218","Ecuador","5510","Production","0111","Wheat","2024","2024","t","7323.1","A","Official value",""
"QCL","Crops and livestock products","818","Egypt","5312","Area harvested","0111","Wheat","2015","2015","ha","1457506","A","Official value",""
"QCL","Crops and livestock products","818","Egypt","5412","Yield","0111","Wheat","2015","2015","kg/ha","6591.9","A","Official value",""
"QCL","Crops and livestock products","818","Egypt","5510","Production","0111","Wheat","2015","2015","t","9607736","A","Official value",""
"QCL","Crops and livestock products","818","Egypt","5312","Area harvested","0111","Wheat","2016","2016","ha","1408887","A","Official value",""
"QCL","Crops and livestock products","818","Egypt","5412","Yield","0111","Wheat","2016","2016","kg/ha","6631.1","A","Official value",""
"QCL","Crops and livestock products","818","Egypt","5510","Production","0111","Wheat","2016","2016","t","9342538","A","Official value",""
"QCL","Crops and livestock products","818","Egypt","5312","Area harvested","0111","Wheat","2017","2017","ha","1227611","A","Official value",""
"QCL","Crops and livestock products","818","Egypt","5412","Yield","0111","Wheat","2017","2017","kg/ha","6859.7","A","Official value",""
"QCL","Crops and livestock products","818","Egypt","5510","Production","0111","Wheat","2017","2017","t","8421071","A","Official value",""
"QCL","Crops and livestock products","818","Egypt","5312","Area harvested","0111","Wheat","2018","2018","ha","1326401","A","Official value",""
"QCL","Crops and livestock products","818","Egypt","5412","Yield","0111","Wheat","2018","2018","kg/ha","6294.2","A","Official value",""
"QCL","Crops and livestock products","818","Egypt","5510","Production","0111","Wheat","2018","2018","t","8348629","A","Official value",""
"QCL","Crops and livestock products","818","Egypt","5312","Area harvested","0111","Wheat","2019","2019","ha","1316678","A","Official value",""
"QCL","Crops and livestock products","818","Egypt","5412","Yield","0111","Wheat","2019","2019","kg/ha","6500.3","A","Official value",""
"QCL","Crops and livestock products","818","Egypt","5510","Production","0111","Wheat","2019","2019","t","8558807","A","Official value",""
"QCL","Crops and livestock products","818","Egypt","5312","Area harvested","0111","Wheat","2020","2020","ha","1429684","A","Official value",""
"QCL","Crops and livestock products","818","Egypt","5412","Yield","0111","Wheat","2020","2020","kg/ha","6366.3","A","Official value",""
"QCL","Crops and livestock products","818","Egypt","5510","Production","0111","Wheat","2020","2020","t","9101785","A","Official value",""
"QCL","Crops and livestock products","818","Egypt","5312","Area harvested","0111","Wheat","2021","2021","ha","1436738","A","Official value",""
"QCL","Crops and livestock products","818","Egypt","5412","Yield","0111","Wheat","2021","2021","kg/ha","6850.5","A","Official value",""
"QCL","Crops and livestock products","818","Egypt","5510","Production","0111","Wheat","2021","2021","t","9842410.95","A","Official value",""
"QCL","Crops and livestock products","818","Egypt","5312","Area harvested","0111","Wheat","2022","2022","ha","1436510","A","Official value",""
"QCL","Crops and livestock products","818","Egypt","5412","Yield","0111","Wheat","2022","2022","kg/ha","6698.9","A","Official value",""
"QCL","Crops and livestock products","818","Egypt","5510","Production","0111","Wheat","2022","2022","t","9622993","A","Official value",""
"QCL","Crops and livestock products","818","Egypt","5312","Area harvested","0111","Wheat","2023","2023","ha","1337698","A","Official value",""
"QCL","Crops and livestock products","818","Egypt","5412","Yield","0111","Wheat","2023","2023","kg/ha","6776.9","A","Official value",""
"QCL","Crops and livestock products","818","Egypt","5510","Production","0111","Wheat","2023","2023","t","9065380","A","Official value",""
"QCL","Crops and livestock products","818","Egypt","5312","Area harvested","0111","Wheat","2024","2024","ha","1386892","I","Value imputed by a receiving agency",""
"QCL","Crops and livestock products","818","Egypt","5412","Yield","0111","Wheat","2024","2024","kg/ha","6777.7","E","Estimated value",""
"QCL","Crops and livestock products","818","Egypt","5510","Production","0111","Wheat","2024","2024","t","9400000","X","Value from external organization","Unofficial figure"
"QCL","Crops and livestock products","222","El Salvador","5312","Area harvested","0111","Wheat","2015","2015","","","","",""
"QCL","Crops and livestock products","222","El Salvador","5412","Yield","0111","Wheat","2015","2015","","","","",""
"QCL","Crops and livestock products","222","El Salvador","5510","Production","0111","Wheat","2015","2015","","","","",""
"QCL","Crops and livestock products","222","El Salvador","5312","Area harvested","0111","Wheat","2016","2016","","","","",""
"QCL","Crops and livestock products","222","El Salvador","5412","Yield","0111","Wheat","2016","2016","","","","",""
"QCL","Crops and livestock products","222","El Salvador","5510","Production","0111","Wheat","2016","2016","","","","",""
"QCL","Crops and livestock products","222","El Salvador","5312","Area harvested","0111","Wheat","2017","2017","","","","",""
"QCL","Crops and livestock products","222","El Salvador","5412","Yield","0111","Wheat","2017","2017","","","","",""
"QCL","Crops and livestock products","222","El Salvador","5510","Production","0111","Wheat","2017","2017","","","","",""
"QCL","Crops and livestock products","222","El Salvador","5312","Area harvested","0111","Wheat","2018","2018","","","","",""
"QCL","Crops and livestock products","222","El Salvador","5412","Yield","0111","Wheat","2018","2018","","","","",""
"QCL","Crops and livestock products","222","El Salvador","5510","Production","0111","Wheat","2018","2018","","","","",""
"QCL","Crops and livestock products","222","El Salvador","5312","Area harvested","0111","Wheat","2019","2019","","","","",""
"QCL","Crops and livestock products","222","El Salvador","5412","Yield","0111","Wheat","2019","2019","","","","",""
"QCL","Crops and livestock products","222","El Salvador","5510","Production","0111","Wheat","2019","2019","","","","",""
"QCL","Crops and livestock products","222","El Salvador","5312","Area harvested","0111","Wheat","2020","2020","","","","",""
"QCL","Crops and livestock products","222","El Salvador","5412","Yield","0111","Wheat","2020","2020","","","","",""
"QCL","Crops and livestock products","222","El Salvador","5510","Production","0111","Wheat","2020","2020","","","","",""
"QCL","Crops and livestock products","222","El Salvador","5312","Area harvested","0111","Wheat","2021","2021","","","","",""
"QCL","Crops and livestock products","222","El Salvador","5412","Yield","0111","Wheat","2021","2021","","","","",""
"QCL","Crops and livestock products","222","El Salvador","5510","Production","0111","Wheat","2021","2021","","","","",""
"QCL","Crops and livestock products","222","El Salvador","5312","Area harvested","0111","Wheat","2022","2022","","","","",""
"QCL","Crops and livestock products","222","El Salvador","5412","Yield","0111","Wheat","2022","2022","","","","",""
"QCL","Crops and livestock products","222","El Salvador","5510","Production","0111","Wheat","2022","2022","","","","",""
"QCL","Crops and livestock products","222","El Salvador","5312","Area harvested","0111","Wheat","2023","2023","","","","",""
"QCL","Crops and livestock products","222","El Salvador","5412","Yield","0111","Wheat","2023","2023","","","","",""
"QCL","Crops and livestock products","222","El Salvador","5510","Production","0111","Wheat","2023","2023","","","","",""
"QCL","Crops and livestock products","222","El Salvador","5312","Area harvested","0111","Wheat","2024","2024","","","","",""
"QCL","Crops and livestock products","222","El Salvador","5412","Yield","0111","Wheat","2024","2024","","","","",""
"QCL","Crops and livestock products","222","El Salvador","5510","Production","0111","Wheat","2024","2024","","","","",""
"QCL","Crops and livestock products","226","Equatorial Guinea","5312","Area harvested","0111","Wheat","2015","2015","","","","",""
"QCL","Crops and livestock products","226","Equatorial Guinea","5412","Yield","0111","Wheat","2015","2015","","","","",""
"QCL","Crops and livestock products","226","Equatorial Guinea","5510","Production","0111","Wheat","2015","2015","","","","",""
"QCL","Crops and livestock products","226","Equatorial Guinea","5312","Area harvested","0111","Wheat","2016","2016","","","","",""
"QCL","Crops and livestock products","226","Equatorial Guinea","5412","Yield","0111","Wheat","2016","2016","","","","",""
"QCL","Crops and livestock products","226","Equatorial Guinea","5510","Production","0111","Wheat","2016","2016","","","","",""
"QCL","Crops and livestock products","226","Equatorial Guinea","5312","Area harvested","0111","Wheat","2017","2017","","","","",""
"QCL","Crops and livestock products","226","Equatorial Guinea","5412","Yield","0111","Wheat","2017","2017","","","","",""
"QCL","Crops and livestock products","226","Equatorial Guinea","5510","Production","0111","Wheat","2017","2017","","","","",""
"QCL","Crops and livestock products","226","Equatorial Guinea","5312","Area harvested","0111","Wheat","2018","2018","","","","",""
"QCL","Crops and livestock products","226","Equatorial Guinea","5412","Yield","0111","Wheat","2018","2018","","","","",""
"QCL","Crops and livestock products","226","Equatorial Guinea","5510","Production","0111","Wheat","2018","2018","","","","",""
"QCL","Crops and livestock products","226","Equatorial Guinea","5312","Area harvested","0111","Wheat","2019","2019","","","","",""
"QCL","Crops and livestock products","226","Equatorial Guinea","5412","Yield","0111","Wheat","2019","2019","","","","",""
"QCL","Crops and livestock products","226","Equatorial Guinea","5510","Production","0111","Wheat","2019","2019","","","","",""
"QCL","Crops and livestock products","226","Equatorial Guinea","5312","Area harvested","0111","Wheat","2020","2020","","","","",""
"QCL","Crops and livestock products","226","Equatorial Guinea","5412","Yield","0111","Wheat","2020","2020","","","","",""
"QCL","Crops and livestock products","226","Equatorial Guinea","5510","Production","0111","Wheat","2020","2020","","","","",""
"QCL","Crops and livestock products","226","Equatorial Guinea","5312","Area harvested","0111","Wheat","2021","2021","","","","",""
"QCL","Crops and livestock products","226","Equatorial Guinea","5412","Yield","0111","Wheat","2021","2021","","","","",""
"QCL","Crops and livestock products","226","Equatorial Guinea","5510","Production","0111","Wheat","2021","2021","","","","",""
"QCL","Crops and livestock products","226","Equatorial Guinea","5312","Area harvested","0111","Wheat","2022","2022","","","","",""
"QCL","Crops and livestock products","226","Equatorial Guinea","5412","Yield","0111","Wheat","2022","2022","","","","",""
"QCL","Crops and livestock products","226","Equatorial Guinea","5510","Production","0111","Wheat","2022","2022","","","","",""
"QCL","Crops and livestock products","226","Equatorial Guinea","5312","Area harvested","0111","Wheat","2023","2023","","","","",""
"QCL","Crops and livestock products","226","Equatorial Guinea","5412","Yield","0111","Wheat","2023","2023","","","","",""
"QCL","Crops and livestock products","226","Equatorial Guinea","5510","Production","0111","Wheat","2023","2023","","","","",""
"QCL","Crops and livestock products","226","Equatorial Guinea","5312","Area harvested","0111","Wheat","2024","2024","","","","",""
"QCL","Crops and livestock products","226","Equatorial Guinea","5412","Yield","0111","Wheat","2024","2024","","","","",""
"QCL","Crops and livestock products","226","Equatorial Guinea","5510","Production","0111","Wheat","2024","2024","","","","",""
"QCL","Crops and livestock products","232","Eritrea","5312","Area harvested","0111","Wheat","2015","2015","ha","25000","X","Value from external organization","Unofficial figure"
"QCL","Crops and livestock products","232","Eritrea","5412","Yield","0111","Wheat","2015","2015","kg/ha","1000","X","Value from external organization",""
"QCL","Crops and livestock products","232","Eritrea","5510","Production","0111","Wheat","2015","2015","t","25000","X","Value from external organization","Unofficial figure"
"QCL","Crops and livestock products","232","Eritrea","5312","Area harvested","0111","Wheat","2016","2016","ha","25000","X","Value from external organization","Unofficial figure"
"QCL","Crops and livestock products","232","Eritrea","5412","Yield","0111","Wheat","2016","2016","kg/ha","1000","X","Value from external organization",""
"QCL","Crops and livestock products","232","Eritrea","5510","Production","0111","Wheat","2016","2016","t","25000","X","Value from external organization","Unofficial figure"
"QCL","Crops and livestock products","232","Eritrea","5312","Area harvested","0111","Wheat","2017","2017","ha","25000","X","Value from external organization","Unofficial figure"
"QCL","Crops and livestock products","232","Eritrea","5412","Yield","0111","Wheat","2017","2017","kg/ha","1000","X","Value from external organization",""
"QCL","Crops and livestock products","232","Eritrea","5510","Production","0111","Wheat","2017","2017","t","25000","X","Value from external organization","Unofficial figure"
"QCL","Crops and livestock products","232","Eritrea","5312","Area harvested","0111","Wheat","2018","2018","ha","25000","X","Value from external organization","Unofficial figure"
"QCL","Crops and livestock products","232","Eritrea","5412","Yield","0111","Wheat","2018","2018","kg/ha","1000","X","Value from external organization",""
"QCL","Crops and livestock products","232","Eritrea","5510","Production","0111","Wheat","2018","2018","t","25000","X","Value from external organization","Unofficial figure"
"QCL","Crops and livestock products","232","Eritrea","5312","Area harvested","0111","Wheat","2019","2019","ha","25000","X","Value from external organization","Unofficial figure"
"QCL","Crops and livestock products","232","Eritrea","5412","Yield","0111","Wheat","2019","2019","kg/ha","1000","X","Value from external organization",""
"QCL","Crops and livestock products","232","Eritrea","5510","Production","0111","Wheat","2019","2019","t","25000","X","Value from external organization","Unofficial figure"
"QCL","Crops and livestock products","232","Eritrea","5312","Area harvested","0111","Wheat","2020","2020","ha","25000","X","Value from external organization","Unofficial figure"
"QCL","Crops and livestock products","232","Eritrea","5412","Yield","0111","Wheat","2020","2020","kg/ha","1000","X","Value from external organization",""
"QCL","Crops and livestock products","232","Eritrea","5510","Production","0111","Wheat","2020","2020","t","25000","X","Value from external organization","Unofficial figure"
"QCL","Crops and livestock products","232","Eritrea","5312","Area harvested","0111","Wheat","2021","2021","ha","25000","X","Value from external organization","Unofficial figure"
"QCL","Crops and livestock products","232","Eritrea","5412","Yield","0111","Wheat","2021","2021","kg/ha","1000","X","Value from external organization",""
"QCL","Crops and livestock products","232","Eritrea","5510","Production","0111","Wheat","2021","2021","t","25000","X","Value from external organization","Unofficial figure"
"QCL","Crops and livestock products","232","Eritrea","5312","Area harvested","0111","Wheat","2022","2022","ha","25000","X","Value from external organization","Unofficial figure"
"QCL","Crops and livestock products","232","Eritrea","5412","Yield","0111","Wheat","2022","2022","kg/ha","1000","X","Value from external organization",""
"QCL","Crops and livestock products","232","Eritrea","5510","Production","0111","Wheat","2022","2022","t","25000","X","Value from external organization","Unofficial figure"
"QCL","Crops and livestock products","232","Eritrea","5312","Area harvested","0111","Wheat","2023","2023","ha","25000","X","Value from external organization","Unofficial figure"
"QCL","Crops and livestock products","232","Eritrea","5412","Yield","0111","Wheat","2023","2023","kg/ha","1000","X","Value from external organization",""
"QCL","Crops and livestock products","232","Eritrea","5510","Production","0111","Wheat","2023","2023","t","25000","X","Value from external organization","Unofficial figure"
"QCL","Crops and livestock products","232","Eritrea","5312","Area harvested","0111","Wheat","2024","2024","ha","25000","X","Value from external organization","Unofficial figure"
"QCL","Crops and livestock products","232","Eritrea","5412","Yield","0111","Wheat","2024","2024","kg/ha","1000","X","Value from external organization",""
"QCL","Crops and livestock products","232","Eritrea","5510","Production","0111","Wheat","2024","2024","t","25000","X","Value from external organization","Unofficial figure"
"QCL","Crops and livestock products","233","Estonia","5312","Area harvested","0111","Wheat","2015","2015","ha","169700","A","Official value",""
"QCL","Crops and livestock products","233","Estonia","5412","Yield","0111","Wheat","2015","2015","kg/ha","4788.5","A","Official value",""
"QCL","Crops and livestock products","233","Estonia","5510","Production","0111","Wheat","2015","2015","t","812600","A","Official value",""
"QCL","Crops and livestock products","233","Estonia","5312","Area harvested","0111","Wheat","2016","2016","ha","164544","A","Official value",""
"QCL","Crops and livestock products","233","Estonia","5412","Yield","0111","Wheat","2016","2016","kg/ha","2768.5","A","Official value",""
"QCL","Crops and livestock products","233","Estonia","5510","Production","0111","Wheat","2016","2016","t","455543","A","Official value",""
"QCL","Crops and livestock products","233","Estonia","5312","Area harvested","0111","Wheat","2017","2017","ha","169753","A","Official value",""
"QCL","Crops and livestock products","233","Estonia","5412","Yield","0111","Wheat","2017","2017","kg/ha","4201.8","A","Official value",""
"QCL","Crops and livestock products","233","Estonia","5510","Production","0111","Wheat","2017","2017","t","713263","A","Official value",""
"QCL","Crops and livestock products","233","Estonia","5312","Area harvested","0111","Wheat","2018","2018","ha","154580","A","Official value",""
"QCL","Crops and livestock products","233","Estonia","5412","Yield","0111","Wheat","2018","2018","kg/ha","2912.9","A","Official value",""
"QCL","Crops and livestock products","233","Estonia","5510","Production","0111","Wheat","2018","2018","t","450270","A","Official value",""
"QCL","Crops and livestock products","233","Estonia","5312","Area harvested","0111","Wheat","2019","2019","ha","166980","A","Official value",""
"QCL","Crops and livestock products","233","Estonia","5412","Yield","0111","Wheat","2019","2019","kg/ha","5069.9","A","Official value",""
"QCL","Crops and livestock products","233","Estonia","5510","Production","0111","Wheat","2019","2019","t","846580","A","Official value",""
"QCL","Crops and livestock products","233","Estonia","5312","Area harvested","0111","Wheat","2020","2020","ha","168040","A","Official value",""
"QCL","Crops and livestock products","233","Estonia","5412","Yield","0111","Wheat","2020","2020","kg/ha","5001.9","A","Official value",""
"QCL","Crops and livestock products","233","Estonia","5510","Production","0111","Wheat","2020","2020","t","840520","A","Official value",""
"QCL","Crops and livestock products","233","Estonia","5312","Area harvested","0111","Wheat","2021","2021","ha","180000","A","Official value",""
"QCL","Crops and livestock products","233","Estonia","5412","Yield","0111","Wheat","2021","2021","kg/ha","4090.4","A","Official value",""
"QCL","Crops and livestock products","233","Estonia","5510","Production","0111","Wheat","2021","2021","t","736270","A","Official value",""
"QCL","Crops and livestock products","233","Estonia","5312","Area harvested","0111","Wheat","2022","2022","ha","180970","A","Official value",""
"QCL","Crops and livestock products","233","Estonia","5412","Yield","0111","Wheat","2022","2022","kg/ha","4719.7","A","Official value",""
"QCL","Crops and livestock products","233","Estonia","5510","Production","0111","Wheat","2022","2022","t","854120","A","Official value",""
"QCL","Crops and livestock products","233","Estonia","5312","Area harvested","0111","Wheat","2023","2023","ha","173570","A","Official value",""
"QCL","Crops and livestock products","233","Estonia","5412","Yield","0111","Wheat","2023","2023","kg/ha","3999.1","A","Official value",""
"QCL","Crops and livestock products","233","Estonia","5510","Production","0111","Wheat","2023","2023","t","694120","A","Official value",""
"QCL","Crops and livestock products","233","Estonia","5312","Area harvested","0111","Wheat","2024","2024","ha","173320","A","Official value",""
"QCL","Crops and livestock products","233","Estonia","5412","Yield","0111","Wheat","2024","2024","kg/ha","4297","A","Official value",""
"QCL","Crops and livestock products","233","Estonia","5510","Production","0111","Wheat","2024","2024","t","744750","A","Official value",""
"QCL","Crops and livestock products","748","Eswatini","5312","Area harvested","0111","Wheat","2015","2015","ha","392","I","Value imputed by a receiving agency",""
"QCL","Crops and livestock products","748","Eswatini","5412","Yield","0111","Wheat","2015","2015","kg/ha","1750.7","E","Estimated value",""
"QCL","Crops and livestock products","748","Eswatini","5510","Production","0111","Wheat","2015","2015","t","686.7","I","Value imputed by a receiving agency",""
"QCL","Crops and livestock products","748","Eswatini","5312","Area harvested","0111","Wheat","2016","2016","ha","373","E","Estimated value",""
"QCL","Crops and livestock products","748","Eswatini","5412","Yield","0111","Wheat","2016","2016","kg/ha","1832.5","E","Estimated value",""
"QCL","Crops and livestock products","748","Eswatini","5510","Production","0111","Wheat","2016","2016","t","683.13","I","Value imputed by a receiving agency",""
"QCL","Crops and livestock products","748","Eswatini","5312","Area harvested","0111","Wheat","2017","2017","ha","372","I","Value imputed by a receiving agency",""
"QCL","Crops and livestock products","748","Eswatini","5412","Yield","0111","Wheat","2017","2017","kg/ha","1855","E","Estimated value",""
"QCL","Crops and livestock products","748","Eswatini","5510","Production","0111","Wheat","2017","2017","t","689.52","I","Value imputed by a receiving agency",""
"QCL","Crops and livestock products","748","Eswatini","5312","Area harvested","0111","Wheat","2018","2018","ha","377","I","Value imputed by a receiving agency",""
"QCL","Crops and livestock products","748","Eswatini","5412","Yield","0111","Wheat","2018","2018","kg/ha","1858.7","E","Estimated value",""
"QCL","Crops and livestock products","748","Eswatini","5510","Production","0111","Wheat","2018","2018","t","701.5","I","Value imputed by a receiving agency",""
"QCL","Crops and livestock products","748","Eswatini","5312","Area harvested","0111","Wheat","2019","2019","ha","382","I","Value imputed by a receiving agency",""
"QCL","Crops and livestock products","748","Eswatini","5412","Yield","0111","Wheat","2019","2019","kg/ha","1869.8","E","Estimated value",""
"QCL","Crops and livestock products","748","Eswatini","5510","Production","0111","Wheat","2019","2019","t","714.65","I","Value imputed by a receiving agency",""
"QCL","Crops and livestock products","748","Eswatini","5312","Area harvested","0111","Wheat","2020","2020","ha","384","I","Value imputed by a receiving agency",""
"QCL","Crops and livestock products","748","Eswatini","5412","Yield","0111","Wheat","2020","2020","kg/ha","1873.2","E","Estimated value",""
"QCL","Crops and livestock products","748","Eswatini","5510","Production","0111","Wheat","2020","2020","t","719.99","I","Value imputed by a receiving agency",""
"QCL","Crops and livestock products","748","Eswatini","5312","Area harvested","0111","Wheat","2021","2021","ha","386","I","Value imputed by a receiving agency",""
"QCL","Crops and livestock products","748","Eswatini","5412","Yield","0111","Wheat","2021","2021","kg/ha","1875.7","E","Estimated value",""
"QCL","Crops and livestock products","748","Eswatini","5510","Production","0111","Wheat","2021","2021","t","724.34","I","Value imputed by a receiving agency",""
"QCL","Crops and livestock products","748","Eswatini","5312","Area harvested","0111","Wheat","2022","2022","ha","387","I","Value imputed by a receiving agency",""
"QCL","Crops and livestock products","748","Eswatini","5412","Yield","0111","Wheat","2022","2022","kg/ha","1859.3","E","Estimated value",""
"QCL","Crops and livestock products","748","Eswatini","5510","Production","0111","Wheat","2022","2022","t","719.66","E","Estimated value",""
"QCL","Crops and livestock products","748","Eswatini","5312","Area harvested","0111","Wheat","2023","2023","ha","388","I","Value imputed by a receiving agency",""
"QCL","Crops and livestock products","748","Eswatini","5412","Yield","0111","Wheat","2023","2023","kg/ha","1858.1","E","Estimated value",""
"QCL","Crops and livestock products","748","Eswatini","5510","Production","0111","Wheat","2023","2023","t","721.33","E","Estimated value",""
"QCL","Crops and livestock products","748","Eswatini","5312","Area harvested","0111","Wheat","2024","2024","ha","389","I","Value imputed by a receiving agency",""
"QCL","Crops and livestock products","748","Eswatini","5412","Yield","0111","Wheat","2024","2024","kg/ha","1853.9","E","Estimated value",""
"QCL","Crops and livestock products","748","Eswatini","5510","Production","0111","Wheat","2024","2024","t","721.77","E","Estimated value",""
"QCL","Crops and livestock products","231","Ethiopia","5312","Area harvested","0111","Wheat","2015","2015","ha","1664565","A","Official value",""
"QCL","Crops and livestock products","231","Ethiopia","5412","Yield","0111","Wheat","2015","2015","kg/ha","2794.1","A","Official value",""
"QCL","Crops and livestock products","231","Ethiopia","5510","Production","0111","Wheat","2015","2015","t","4650933.63","A","Official value",""
"QCL","Crops and livestock products","231","Ethiopia","5312","Area harvested","0111","Wheat","2016","2016","ha","1821924","A","Official value",""
"QCL","Crops and livestock products","231","Ethiopia","5412","Yield","0111","Wheat","2016","2016","kg/ha","2497.1","A","Official value",""
"QCL","Crops and livestock products","231","Ethiopia","5510","Production","0111","Wheat","2016","2016","t","4549571","A","Official value",""
"QCL","Crops and livestock products","231","Ethiopia","5312","Area harvested","0111","Wheat","2017","2017","ha","1832390","A","Official value",""
"QCL","Crops and livestock products","231","Ethiopia","5412","Yield","0111","Wheat","2017","2017","kg/ha","2668.1","A","Official value",""
"QCL","Crops and livestock products","231","Ethiopia","5510","Production","0111","Wheat","2017","2017","t","4888946","A","Official value",""
"QCL","Crops and livestock products","231","Ethiopia","5312","Area harvested","0111","Wheat","2018","2018","ha","1951423","A","Official value",""
"QCL","Crops and livestock products","231","Ethiopia","5412","Yield","0111","Wheat","2018","2018","kg/ha","2708.8","A","Official value",""
"QCL","Crops and livestock products","231","Ethiopia","5510","Production","0111","Wheat","2018","2018","t","5285945","A","Official value",""
"QCL","Crops and livestock products","231","Ethiopia","5312","Area harvested","0111","Wheat","2019","2019","ha","1954610","E","Estimated value",""
"QCL","Crops and livestock products","231","Ethiopia","5412","Yield","0111","Wheat","2019","2019","kg/ha","2821.6","E","Estimated value",""
"QCL","Crops and livestock products","231","Ethiopia","5510","Production","0111","Wheat","2019","2019","t","5515070","E","Estimated value",""
"QCL","Crops and livestock products","231","Ethiopia","5312","Area harvested","0111","Wheat","2020","2020","ha","2001130","E","Estimated value",""
"QCL","Crops and livestock products","231","Ethiopia","5412","Yield","0111","Wheat","2020","2020","kg/ha","2903.6","E","Estimated value",""
"QCL","Crops and livestock products","231","Ethiopia","5510","Production","0111","Wheat","2020","2020","t","5810450","E","Estimated value",""
"QCL","Crops and livestock products","231","Ethiopia","5312","Area harvested","0111","Wheat","2021","2021","ha","2132922","A","Official value",""
"QCL","Crops and livestock products","231","Ethiopia","5412","Yield","0111","Wheat","2021","2021","kg/ha","2922.3","A","Official value",""
"QCL","Crops and livestock products","231","Ethiopia","5510","Production","0111","Wheat","2021","2021","t","6232978.27","A","Official value",""
"QCL","Crops and livestock products","231","Ethiopia","5312","Area harvested","0111","Wheat","2022","2022","ha","2091694","A","Official value",""
"QCL","Crops and livestock products","231","Ethiopia","5412","Yield","0111","Wheat","2022","2022","kg/ha","2979.1","A","Official value",""
"QCL","Crops and livestock products","231","Ethiopia","5510","Production","0111","Wheat","2022","2022","t","6231427.18","A","Official value",""
"QCL","Crops and livestock products","231","Ethiopia","5312","Area harvested","0111","Wheat","2023","2023","ha","2165239","I","Value imputed by a receiving agency",""
"QCL","Crops and livestock products","231","Ethiopia","5412","Yield","0111","Wheat","2023","2023","kg/ha","2813.4","E","Estimated value",""
"QCL","Crops and livestock products","231","Ethiopia","5510","Production","0111","Wheat","2023","2023","t","6091618.48","E","Estimated value",""
"QCL","Crops and livestock products","231","Ethiopia","5312","Area harvested","0111","Wheat","2024","2024","ha","2129952","E","Estimated value",""
"QCL","Crops and livestock products","231","Ethiopia","5412","Yield","0111","Wheat","2024","2024","kg/ha","2904","E","Estimated value",""
"QCL","Crops and livestock products","231","Ethiopia","5510","Production","0111","Wheat","2024","2024","t","6185341.31","E","Estimated value",""
"QCL","Crops and livestock products","230","Ethiopia PDR","5312","Area harvested","0111","Wheat","2015","2015","","","","",""
"QCL","Crops and livestock products","230","Ethiopia PDR","5412","Yield","0111","Wheat","2015","2015","","","","",""
"QCL","Crops and livestock products","230","Ethiopia PDR","5510","Production","0111","Wheat","2015","2015","","","","",""
"QCL","Crops and livestock products","230","Ethiopia PDR","5312","Area harvested","0111","Wheat","2016","2016","","","","",""
"QCL","Crops and livestock products","230","Ethiopia PDR","5412","Yield","0111","Wheat","2016","2016","","","","",""
"QCL","Crops and livestock products","230","Ethiopia PDR","5510","Production","0111","Wheat","2016","2016","","","","",""
"QCL","Crops and livestock products","230","Ethiopia PDR","5312","Area harvested","0111","Wheat","2017","2017","","","","",""
"QCL","Crops and livestock products","230","Ethiopia PDR","5412","Yield","0111","Wheat","2017","2017","","","","",""
"QCL","Crops and livestock products","230","Ethiopia PDR","5510","Production","0111","Wheat","2017","2017","","","","",""
"QCL","Crops and livestock products","230","Ethiopia PDR","5312","Area harvested","0111","Wheat","2018","2018","","","","",""
"QCL","Crops and livestock products","230","Ethiopia PDR","5412","Yield","0111","Wheat","2018","2018","","","","",""
"QCL","Crops and livestock products","230","Ethiopia PDR","5510","Production","0111","Wheat","2018","2018","","","","",""
"QCL","Crops and livestock products","230","Ethiopia PDR","5312","Area harvested","0111","Wheat","2019","2019","","","","",""
"QCL","Crops and livestock products","230","Ethiopia PDR","5412","Yield","0111","Wheat","2019","2019","","","","",""
"QCL","Crops and livestock products","230","Ethiopia PDR","5510","Production","0111","Wheat","2019","2019","","","","",""
"QCL","Crops and livestock products","230","Ethiopia PDR","5312","Area harvested","0111","Wheat","2020","2020","","","","",""
"QCL","Crops and livestock products","230","Ethiopia PDR","5412","Yield","0111","Wheat","2020","2020","","","","",""
"QCL","Crops and livestock products","230","Ethiopia PDR","5510","Production","0111","Wheat","2020","2020","","","","",""
"QCL","Crops and livestock products","230","Ethiopia PDR","5312","Area harvested","0111","Wheat","2021","2021","","","","",""
"QCL","Crops and livestock products","230","Ethiopia PDR","5412","Yield","0111","Wheat","2021","2021","","","","",""
"QCL","Crops and livestock products","230","Ethiopia PDR","5510","Production","0111","Wheat","2021","2021","","","","",""
"QCL","Crops and livestock products","230","Ethiopia PDR","5312","Area harvested","0111","Wheat","2022","2022","","","","",""
"QCL","Crops and livestock products","230","Ethiopia PDR","5412","Yield","0111","Wheat","2022","2022","","","","",""
"QCL","Crops and livestock products","230","Ethiopia PDR","5510","Production","0111","Wheat","2022","2022","","","","",""
"QCL","Crops and livestock products","230","Ethiopia PDR","5312","Area harvested","0111","Wheat","2023","2023","","","","",""
"QCL","Crops and livestock products","230","Ethiopia PDR","5412","Yield","0111","Wheat","2023","2023","","","","",""
"QCL","Crops and livestock products","230","Ethiopia PDR","5510","Production","0111","Wheat","2023","2023","","","","",""
"QCL","Crops and livestock products","230","Ethiopia PDR","5312","Area harvested","0111","Wheat","2024","2024","","","","",""
"QCL","Crops and livestock products","230","Ethiopia PDR","5412","Yield","0111","Wheat","2024","2024","","","","",""
"QCL","Crops and livestock products","230","Ethiopia PDR","5510","Production","0111","Wheat","2024","2024","","","","",""
"QCL","Crops and livestock products","234","Faroe Islands","5312","Area harvested","0111","Wheat","2015","2015","","","","",""
"QCL","Crops and livestock products","234","Faroe Islands","5412","Yield","0111","Wheat","2015","2015","","","","",""
"QCL","Crops and livestock products","234","Faroe Islands","5510","Production","0111","Wheat","2015","2015","","","","",""
"QCL","Crops and livestock products","234","Faroe Islands","5312","Area harvested","0111","Wheat","2016","2016","","","","",""
"QCL","Crops and livestock products","234","Faroe Islands","5412","Yield","0111","Wheat","2016","2016","","","","",""
"QCL","Crops and livestock products","234","Faroe Islands","5510","Production","0111","Wheat","2016","2016","","","","",""
"QCL","Crops and livestock products","234","Faroe Islands","5312","Area harvested","0111","Wheat","2017","2017","","","","",""
"QCL","Crops and livestock products","234","Faroe Islands","5412","Yield","0111","Wheat","2017","2017","","","","",""
"QCL","Crops and livestock products","234","Faroe Islands","5510","Production","0111","Wheat","2017","2017","","","","",""
"QCL","Crops and livestock products","234","Faroe Islands","5312","Area harvested","0111","Wheat","2018","2018","","","","",""
"QCL","Crops and livestock products","234","Faroe Islands","5412","Yield","0111","Wheat","2018","2018","","","","",""
"QCL","Crops and livestock products","234","Faroe Islands","5510","Production","0111","Wheat","2018","2018","","","","",""
"QCL","Crops and livestock products","234","Faroe Islands","5312","Area harvested","0111","Wheat","2019","2019","","","","",""
"QCL","Crops and livestock products","234","Faroe Islands","5412","Yield","0111","Wheat","2019","2019","","","","",""
"QCL","Crops and livestock products","234","Faroe Islands","5510","Production","0111","Wheat","2019","2019","","","","",""
"QCL","Crops and livestock products","234","Faroe Islands","5312","Area harvested","0111","Wheat","2020","2020","","","","",""
"QCL","Crops and livestock products","234","Faroe Islands","5412","Yield","0111","Wheat","2020","2020","","","","",""
"QCL","Crops and livestock products","234","Faroe Islands","5510","Production","0111","Wheat","2020","2020","","","","",""
"QCL","Crops and livestock products","234","Faroe Islands","5312","Area harvested","0111","Wheat","2021","2021","","","","",""
"QCL","Crops and livestock products","234","Faroe Islands","5412","Yield","0111","Wheat","2021","2021","","","","",""
"QCL","Crops and livestock products","234","Faroe Islands","5510","Production","0111","Wheat","2021","2021","","","","",""
"QCL","Crops and livestock products","234","Faroe Islands","5312","Area harvested","0111","Wheat","2022","2022","","","","",""
"QCL","Crops and livestock products","234","Faroe Islands","5412","Yield","0111","Wheat","2022","2022","","","","",""
"QCL","Crops and livestock products","234","Faroe Islands","5510","Production","0111","Wheat","2022","2022","","","","",""
"QCL","Crops and livestock products","234","Faroe Islands","5312","Area harvested","0111","Wheat","2023","2023","","","","",""
"QCL","Crops and livestock products","234","Faroe Islands","5412","Yield","0111","Wheat","2023","2023","","","","",""
"QCL","Crops and livestock products","234","Faroe Islands","5510","Production","0111","Wheat","2023","2023","","","","",""
"QCL","Crops and livestock products","234","Faroe Islands","5312","Area harvested","0111","Wheat","2024","2024","","","","",""
"QCL","Crops and livestock products","234","Faroe Islands","5412","Yield","0111","Wheat","2024","2024","","","","",""
"QCL","Crops and livestock products","234","Faroe Islands","5510","Production","0111","Wheat","2024","2024","","","","",""
"QCL","Crops and livestock products","242","Fiji","5312","Area harvested","0111","Wheat","2015","2015","","","","",""
"QCL","Crops and livestock products","242","Fiji","5412","Yield","0111","Wheat","2015","2015","","","","",""
"QCL","Crops and livestock products","242","Fiji","5510","Production","0111","Wheat","2015","2015","","","","",""
"QCL","Crops and livestock products","242","Fiji","5312","Area harvested","0111","Wheat","2016","2016","","","","",""
"QCL","Crops and livestock products","242","Fiji","5412","Yield","0111","Wheat","2016","2016","","","","",""
"QCL","Crops and livestock products","242","Fiji","5510","Production","0111","Wheat","2016","2016","","","","",""
"QCL","Crops and livestock products","242","Fiji","5312","Area harvested","0111","Wheat","2017","2017","","","","",""
"QCL","Crops and livestock products","242","Fiji","5412","Yield","0111","Wheat","2017","2017","","","","",""
"QCL","Crops and livestock products","242","Fiji","5510","Production","0111","Wheat","2017","2017","","","","",""
"QCL","Crops and livestock products","242","Fiji","5312","Area harvested","0111","Wheat","2018","2018","","","","",""
"QCL","Crops and livestock products","242","Fiji","5412","Yield","0111","Wheat","2018","2018","","","","",""
"QCL","Crops and livestock products","242","Fiji","5510","Production","0111","Wheat","2018","2018","","","","",""
"QCL","Crops and livestock products","242","Fiji","5312","Area harvested","0111","Wheat","2019","2019","","","","",""
"QCL","Crops and livestock products","242","Fiji","5412","Yield","0111","Wheat","2019","2019","","","","",""
"QCL","Crops and livestock products","242","Fiji","5510","Production","0111","Wheat","2019","2019","","","","",""
"QCL","Crops and livestock products","242","Fiji","5312","Area harvested","0111","Wheat","2020","2020","","","","",""
"QCL","Crops and livestock products","242","Fiji","5412","Yield","0111","Wheat","2020","2020","","","","",""
"QCL","Crops and livestock products","242","Fiji","5510","Production","0111","Wheat","2020","2020","","","","",""
"QCL","Crops and livestock products","242","Fiji","5312","Area harvested","0111","Wheat","2021","2021","","","","",""
"QCL","Crops and livestock products","242","Fiji","5412","Yield","0111","Wheat","2021","2021","","","","",""
"QCL","Crops and livestock products","242","Fiji","5510","Production","0111","Wheat","2021","2021","","","","",""
"QCL","Crops and livestock products","242","Fiji","5312","Area harvested","0111","Wheat","2022","2022","","","","",""
"QCL","Crops and livestock products","242","Fiji","5412","Yield","0111","Wheat","2022","2022","","","","",""
"QCL","Crops and livestock products","242","Fiji","5510","Production","0111","Wheat","2022","2022","","","","",""
"QCL","Crops and livestock products","242","Fiji","5312","Area harvested","0111","Wheat","2023","2023","","","","",""
"QCL","Crops and livestock products","242","Fiji","5412","Yield","0111","Wheat","2023","2023","","","","",""
"QCL","Crops and livestock products","242","Fiji","5510","Production","0111","Wheat","2023","2023","","","","",""
"QCL","Crops and livestock products","242","Fiji","5312","Area harvested","0111","Wheat","2024","2024","","","","",""
"QCL","Crops and livestock products","242","Fiji","5412","Yield","0111","Wheat","2024","2024","","","","",""
"QCL","Crops and livestock products","242","Fiji","5510","Production","0111","Wheat","2024","2024","","","","",""
"QCL","Crops and livestock products","246","Finland","5312","Area harvested","0111","Wheat","2015","2015","ha","241800","A","Official value",""
"QCL","Crops and livestock products","246","Finland","5412","Yield","0111","Wheat","2015","2015","kg/ha","4103","A","Official value",""
"QCL","Crops and livestock products","246","Finland","5510","Production","0111","Wheat","2015","2015","t","992100","A","Official value",""
"QCL","Crops and livestock products","246","Finland","5312","Area harvested","0111","Wheat","2016","2016","ha","215100","A","Official value",""
"QCL","Crops and livestock products","246","Finland","5412","Yield","0111","Wheat","2016","2016","kg/ha","3830.3","A","Official value",""
"QCL","Crops and livestock products","246","Finland","5510","Production","0111","Wheat","2016","2016","t","823900","A","Official value",""
"QCL","Crops and livestock products","246","Finland","5312","Area harvested","0111","Wheat","2017","2017","ha","194300","A","Official value",""
"QCL","Crops and livestock products","246","Finland","5412","Yield","0111","Wheat","2017","2017","kg/ha","4127.6","A","Official value",""
"QCL","Crops and livestock products","246","Finland","5510","Production","0111","Wheat","2017","2017","t","802000","A","Official value",""
"QCL","Crops and livestock products","246","Finland","5312","Area harvested","0111","Wheat","2018","2018","ha","177800","A","Official value",""
"QCL","Crops and livestock products","246","Finland","5412","Yield","0111","Wheat","2018","2018","kg/ha","2821.1","A","Official value",""
"QCL","Crops and livestock products","246","Finland","5510","Production","0111","Wheat","2018","2018","t","501600","A","Official value",""
"QCL","Crops and livestock products","246","Finland","5312","Area harvested","0111","Wheat","2019","2019","ha","197600","A","Official value",""
"QCL","Crops and livestock products","246","Finland","5412","Yield","0111","Wheat","2019","2019","kg/ha","4626.4","A","Official value",""
"QCL","Crops and livestock products","246","Finland","5510","Production","0111","Wheat","2019","2019","t","914180","A","Official value",""
"QCL","Crops and livestock products","246","Finland","5312","Area harvested","0111","Wheat","2020","2020","ha","198800","A","Official value",""
"QCL","Crops and livestock products","246","Finland","5412","Yield","0111","Wheat","2020","2020","kg/ha","3453.8","A","Official value",""
"QCL","Crops and livestock products","246","Finland","5510","Production","0111","Wheat","2020","2020","t","686620","A","Official value",""
"QCL","Crops and livestock products","246","Finland","5312","Area harvested","0111","Wheat","2021","2021","ha","212400","A","Official value",""
"QCL","Crops and livestock products","246","Finland","5412","Yield","0111","Wheat","2021","2021","kg/ha","3235.2","A","Official value",""
"QCL","Crops and livestock products","246","Finland","5510","Production","0111","Wheat","2021","2021","t","687160","A","Official value",""
"QCL","Crops and livestock products","246","Finland","5312","Area harvested","0111","Wheat","2022","2022","ha","219640","A","Official value",""
"QCL","Crops and livestock products","246","Finland","5412","Yield","0111","Wheat","2022","2022","kg/ha","3843.7","A","Official value",""
"QCL","Crops and livestock products","246","Finland","5510","Production","0111","Wheat","2022","2022","t","844240","A","Official value",""
"QCL","Crops and livestock products","246","Finland","5312","Area harvested","0111","Wheat","2023","2023","ha","229160","A","Official value",""
"QCL","Crops and livestock products","246","Finland","5412","Yield","0111","Wheat","2023","2023","kg/ha","3268.6","A","Official value",""
"QCL","Crops and livestock products","246","Finland","5510","Production","0111","Wheat","2023","2023","t","749030","A","Official value",""
"QCL","Crops and livestock products","246","Finland","5312","Area harvested","0111","Wheat","2024","2024","ha","214750","A","Official value",""
"QCL","Crops and livestock products","246","Finland","5412","Yield","0111","Wheat","2024","2024","kg/ha","3536.1","A","Official value",""
"QCL","Crops and livestock products","246","Finland","5510","Production","0111","Wheat","2024","2024","t","759380","A","Official value",""
"QCL","Crops and livestock products","250","France","5312","Area harvested","0111","Wheat","2015","2015","ha","5480208","A","Official value",""
"QCL","Crops and livestock products","250","France","5412","Yield","0111","Wheat","2015","2015","kg/ha","7800.8","A","Official value",""
"QCL","Crops and livestock products","250","France","5510","Production","0111","Wheat","2015","2015","t","42750027.4","A","Official value",""
"QCL","Crops and livestock products","250","France","5312","Area harvested","0111","Wheat","2016","2016","ha","5542247","A","Official value",""
"QCL","Crops and livestock products","250","France","5412","Yield","0111","Wheat","2016","2016","kg/ha","5289.6","A","Official value",""
"QCL","Crops and livestock products","250","France","5510","Production","0111","Wheat","2016","2016","t","29316331","A","Official value",""
"QCL","Crops and livestock products","250","France","5312","Area harvested","0111","Wheat","2017","2017","ha","5332084","A","Official value",""
"QCL","Crops and livestock products","250","France","5412","Yield","0111","Wheat","2017","2017","kg/ha","7253.8","A","Official value",""
"QCL","Crops and livestock products","250","France","5510","Production","0111","Wheat","2017","2017","t","38677896","A","Official value",""
"QCL","Crops and livestock products","250","France","5312","Area harvested","0111","Wheat","2018","2018","ha","5234090","A","Official value",""
"QCL","Crops and livestock products","250","France","5412","Yield","0111","Wheat","2018","2018","kg/ha","6768","A","Official value",""
"QCL","Crops and livestock products","250","France","5510","Production","0111","Wheat","2018","2018","t","35424140","A","Official value",""
"QCL","Crops and livestock products","250","France","5312","Area harvested","0111","Wheat","2019","2019","ha","5244250","A","Official value",""
"QCL","Crops and livestock products","250","France","5412","Yield","0111","Wheat","2019","2019","kg/ha","7742.8","A","Official value",""
"QCL","Crops and livestock products","250","France","5510","Production","0111","Wheat","2019","2019","t","40604960","A","Official value",""
"QCL","Crops and livestock products","250","France","5312","Area harvested","0111","Wheat","2020","2020","ha","4519780","A","Official value",""
"QCL","Crops and livestock products","250","France","5412","Yield","0111","Wheat","2020","2020","kg/ha","6677.6","A","Official value",""
"QCL","Crops and livestock products","250","France","5510","Production","0111","Wheat","2020","2020","t","30181140","A","Official value",""
"QCL","Crops and livestock products","250","France","5312","Area harvested","0111","Wheat","2021","2021","ha","5276730","A","Official value",""
"QCL","Crops and livestock products","250","France","5412","Yield","0111","Wheat","2021","2021","kg/ha","6928.4","A","Official value",""
"QCL","Crops and livestock products","250","France","5510","Production","0111","Wheat","2021","2021","t","36559450","A","Official value",""
"QCL","Crops and livestock products","250","France","5312","Area harvested","0111","Wheat","2022","2022","ha","4949840","A","Official value",""
"QCL","Crops and livestock products","250","France","5412","Yield","0111","Wheat","2022","2022","kg/ha","6996.7","A","Official value",""
"QCL","Crops and livestock products","250","France","5510","Production","0111","Wheat","2022","2022","t","34632380","A","Official value",""
"QCL","Crops and livestock products","250","France","5312","Area harvested","0111","Wheat","2023","2023","ha","4998280","A","Official value",""
"QCL","Crops and livestock products","250","France","5412","Yield","0111","Wheat","2023","2023","kg/ha","7201.6","A","Official value",""
"QCL","Crops and livestock products","250","France","5510","Production","0111","Wheat","2023","2023","t","35995570","A","Official value",""
"QCL","Crops and livestock products","250","France","5312","Area harvested","0111","Wheat","2024","2024","ha","4454180","A","Official value",""
"QCL","Crops and livestock products","250","France","5412","Yield","0111","Wheat","2024","2024","kg/ha","5973.5","A","Official value",""
"QCL","Crops and livestock products","250","France","5510","Production","0111","Wheat","2024","2024","t","26606940","A","Official value",""
"QCL","Crops and livestock products","254","French Guiana","5312","Area harvested","0111","Wheat","2015","2015","","","","",""
"QCL","Crops and livestock products","254","French Guiana","5412","Yield","0111","Wheat","2015","2015","","","","",""
"QCL","Crops and livestock products","254","French Guiana","5510","Production","0111","Wheat","2015","2015","","","","",""
"QCL","Crops and livestock products","254","French Guiana","5312","Area harvested","0111","Wheat","2016","2016","","","","",""
"QCL","Crops and livestock products","254","French Guiana","5412","Yield","0111","Wheat","2016","2016","","","","",""
"QCL","Crops and livestock products","254","French Guiana","5510","Production","0111","Wheat","2016","2016","","","","",""
"QCL","Crops and livestock products","254","French Guiana","5312","Area harvested","0111","Wheat","2017","2017","","","","",""
"QCL","Crops and livestock products","254","French Guiana","5412","Yield","0111","Wheat","2017","2017","","","","",""
"QCL","Crops and livestock products","254","French Guiana","5510","Production","0111","Wheat","2017","2017","","","","",""
"QCL","Crops and livestock products","254","French Guiana","5312","Area harvested","0111","Wheat","2018","2018","","","","",""
"QCL","Crops and livestock products","254","French Guiana","5412","Yield","0111","Wheat","2018","2018","","","","",""
"QCL","Crops and livestock products","254","French Guiana","5510","Production","0111","Wheat","2018","2018","","","","",""
"QCL","Crops and livestock products","254","French Guiana","5312","Area harvested","0111","Wheat","2019","2019","","","","",""
"QCL","Crops and livestock products","254","French Guiana","5412","Yield","0111","Wheat","2019","2019","","","","",""
"QCL","Crops and livestock products","254","French Guiana","5510","Production","0111","Wheat","2019","2019","","","","",""
"QCL","Crops and livestock products","254","French Guiana","5312","Area harvested","0111","Wheat","2020","2020","","","","",""
"QCL","Crops and livestock products","254","French Guiana","5412","Yield","0111","Wheat","2020","2020","","","","",""
"QCL","Crops and livestock products","254","French Guiana","5510","Production","0111","Wheat","2020","2020","","","","",""
"QCL","Crops and livestock products","254","French Guiana","5312","Area harvested","0111","Wheat","2021","2021","","","","",""
"QCL","Crops and livestock products","254","French Guiana","5412","Yield","0111","Wheat","2021","2021","","","","",""
"QCL","Crops and livestock products","254","French Guiana","5510","Production","0111","Wheat","2021","2021","","","","",""
"QCL","Crops and livestock products","254","French Guiana","5312","Area harvested","0111","Wheat","2022","2022","","","","",""
"QCL","Crops and livestock products","254","French Guiana","5412","Yield","0111","Wheat","2022","2022","","","","",""
"QCL","Crops and livestock products","254","French Guiana","5510","Production","0111","Wheat","2022","2022","","","","",""
"QCL","Crops and livestock products","254","French Guiana","5312","Area harvested","0111","Wheat","2023","2023","","","","",""
"QCL","Crops and livestock products","254","French Guiana","5412","Yield","0111","Wheat","2023","2023","","","","",""
"QCL","Crops and livestock products","254","French Guiana","5510","Production","0111","Wheat","2023","2023","","","","",""
"QCL","Crops and livestock products","254","French Guiana","5312","Area harvested","0111","Wheat","2024","2024","","","","",""
"QCL","Crops and livestock products","254","French Guiana","5412","Yield","0111","Wheat","2024","2024","","","","",""
"QCL","Crops and livestock products","254","French Guiana","5510","Production","0111","Wheat","2024","2024","","","","",""
"QCL","Crops and livestock products","258","French Polynesia","5312","Area harvested","0111","Wheat","2015","2015","","","","",""
"QCL","Crops and livestock products","258","French Polynesia","5412","Yield","0111","Wheat","2015","2015","","","","",""
"QCL","Crops and livestock products","258","French Polynesia","5510","Production","0111","Wheat","2015","2015","","","","",""
"QCL","Crops and livestock products","258","French Polynesia","5312","Area harvested","0111","Wheat","2016","2016","","","","",""
"QCL","Crops and livestock products","258","French Polynesia","5412","Yield","0111","Wheat","2016","2016","","","","",""
"QCL","Crops and livestock products","258","French Polynesia","5510","Production","0111","Wheat","2016","2016","","","","",""
"QCL","Crops and livestock products","258","French Polynesia","5312","Area harvested","0111","Wheat","2017","2017","","","","",""
"QCL","Crops and livestock products","258","French Polynesia","5412","Yield","0111","Wheat","2017","2017","","","","",""
"QCL","Crops and livestock products","258","French Polynesia","5510","Production","0111","Wheat","2017","2017","","","","",""
"QCL","Crops and livestock products","258","French Polynesia","5312","Area harvested","0111","Wheat","2018","2018","","","","",""
"QCL","Crops and livestock products","258","French Polynesia","5412","Yield","0111","Wheat","2018","2018","","","","",""
"QCL","Crops and livestock products","258","French Polynesia","5510","Production","0111","Wheat","2018","2018","","","","",""
"QCL","Crops and livestock products","258","French Polynesia","5312","Area harvested","0111","Wheat","2019","2019","","","","",""
"QCL","Crops and livestock products","258","French Polynesia","5412","Yield","0111","Wheat","2019","2019","","","","",""
"QCL","Crops and livestock products","258","French Polynesia","5510","Production","0111","Wheat","2019","2019","","","","",""
"QCL","Crops and livestock products","258","French Polynesia","5312","Area harvested","0111","Wheat","2020","2020","","","","",""
"QCL","Crops and livestock products","258","French Polynesia","5412","Yield","0111","Wheat","2020","2020","","","","",""
"QCL","Crops and livestock products","258","French Polynesia","5510","Production","0111","Wheat","2020","2020","","","","",""
"QCL","Crops and livestock products","258","French Polynesia","5312","Area harvested","0111","Wheat","2021","2021","","","","",""
"QCL","Crops and livestock products","258","French Polynesia","5412","Yield","0111","Wheat","2021","2021","","","","",""
"QCL","Crops and livestock products","258","French Polynesia","5510","Production","0111","Wheat","2021","2021","","","","",""
"QCL","Crops and livestock products","258","French Polynesia","5312","Area harvested","0111","Wheat","2022","2022","","","","",""
"QCL","Crops and livestock products","258","French Polynesia","5412","Yield","0111","Wheat","2022","2022","","","","",""
"QCL","Crops and livestock products","258","French Polynesia","5510","Production","0111","Wheat","2022","2022","","","","",""
"QCL","Crops and livestock products","258","French Polynesia","5312","Area harvested","0111","Wheat","2023","2023","","","","",""
"QCL","Crops and livestock products","258","French Polynesia","5412","Yield","0111","Wheat","2023","2023","","","","",""
"QCL","Crops and livestock products","258","French Polynesia","5510","Production","0111","Wheat","2023","2023","","","","",""
"QCL","Crops and livestock products","258","French Polynesia","5312","Area harvested","0111","Wheat","2024","2024","","","","",""
"QCL","Crops and livestock products","258","French Polynesia","5412","Yield","0111","Wheat","2024","2024","","","","",""
"QCL","Crops and livestock products","258","French Polynesia","5510","Production","0111","Wheat","2024","2024","","","","",""
"QCL","Crops and livestock products","266","Gabon","5312","Area harvested","0111","Wheat","2015","2015","","","","",""
"QCL","Crops and livestock products","266","Gabon","5412","Yield","0111","Wheat","2015","2015","","","","",""
"QCL","Crops and livestock products","266","Gabon","5510","Production","0111","Wheat","2015","2015","","","","",""
"QCL","Crops and livestock products","266","Gabon","5312","Area harvested","0111","Wheat","2016","2016","","","","",""
"QCL","Crops and livestock products","266","Gabon","5412","Yield","0111","Wheat","2016","2016","","","","",""
"QCL","Crops and livestock products","266","Gabon","5510","Production","0111","Wheat","2016","2016","","","","",""
"QCL","Crops and livestock products","266","Gabon","5312","Area harvested","0111","Wheat","2017","2017","","","","",""
"QCL","Crops and livestock products","266","Gabon","5412","Yield","0111","Wheat","2017","2017","","","","",""
"QCL","Crops and livestock products","266","Gabon","5510","Production","0111","Wheat","2017","2017","","","","",""
"QCL","Crops and livestock products","266","Gabon","5312","Area harvested","0111","Wheat","2018","2018","","","","",""
"QCL","Crops and livestock products","266","Gabon","5412","Yield","0111","Wheat","2018","2018","","","","",""
"QCL","Crops and livestock products","266","Gabon","5510","Production","0111","Wheat","2018","2018","","","","",""
"QCL","Crops and livestock products","266","Gabon","5312","Area harvested","0111","Wheat","2019","2019","","","","",""
"QCL","Crops and livestock products","266","Gabon","5412","Yield","0111","Wheat","2019","2019","","","","",""
"QCL","Crops and livestock products","266","Gabon","5510","Production","0111","Wheat","2019","2019","","","","",""
"QCL","Crops and livestock products","266","Gabon","5312","Area harvested","0111","Wheat","2020","2020","","","","",""
"QCL","Crops and livestock products","266","Gabon","5412","Yield","0111","Wheat","2020","2020","","","","",""
"QCL","Crops and livestock products","266","Gabon","5510","Production","0111","Wheat","2020","2020","","","","",""
"QCL","Crops and livestock products","266","Gabon","5312","Area harvested","0111","Wheat","2021","2021","","","","",""
"QCL","Crops and livestock products","266","Gabon","5412","Yield","0111","Wheat","2021","2021","","","","",""
"QCL","Crops and livestock products","266","Gabon","5510","Production","0111","Wheat","2021","2021","","","","",""
"QCL","Crops and livestock products","266","Gabon","5312","Area harvested","0111","Wheat","2022","2022","","","","",""
"QCL","Crops and livestock products","266","Gabon","5412","Yield","0111","Wheat","2022","2022","","","","",""
"QCL","Crops and livestock products","266","Gabon","5510","Production","0111","Wheat","2022","2022","","","","",""
"QCL","Crops and livestock products","266","Gabon","5312","Area harvested","0111","Wheat","2023","2023","","","","",""
"QCL","Crops and livestock products","266","Gabon","5412","Yield","0111","Wheat","2023","2023","","","","",""
"QCL","Crops and livestock products","266","Gabon","5510","Production","0111","Wheat","2023","2023","","","","",""
"QCL","Crops and livestock products","266","Gabon","5312","Area harvested","0111","Wheat","2024","2024","","","","",""
"QCL","Crops and livestock products","266","Gabon","5412","Yield","0111","Wheat","2024","2024","","","","",""
"QCL","Crops and livestock products","266","Gabon","5510","Production","0111","Wheat","2024","2024","","","","",""
"QCL","Crops and livestock products","270","Gambia","5312","Area harvested","0111","Wheat","2015","2015","","","","",""
"QCL","Crops and livestock products","270","Gambia","5412","Yield","0111","Wheat","2015","2015","","","","",""
"QCL","Crops and livestock products","270","Gambia","5510","Production","0111","Wheat","2015","2015","","","","",""
"QCL","Crops and livestock products","270","Gambia","5312","Area harvested","0111","Wheat","2016","2016","","","","",""
"QCL","Crops and livestock products","270","Gambia","5412","Yield","0111","Wheat","2016","2016","","","","",""
"QCL","Crops and livestock products","270","Gambia","5510","Production","0111","Wheat","2016","2016","","","","",""
"QCL","Crops and livestock products","270","Gambia","5312","Area harvested","0111","Wheat","2017","2017","","","","",""
"QCL","Crops and livestock products","270","Gambia","5412","Yield","0111","Wheat","2017","2017","","","","",""
"QCL","Crops and livestock products","270","Gambia","5510","Production","0111","Wheat","2017","2017","","","","",""
"QCL","Crops and livestock products","270","Gambia","5312","Area harvested","0111","Wheat","2018","2018","","","","",""
"QCL","Crops and livestock products","270","Gambia","5412","Yield","0111","Wheat","2018","2018","","","","",""
"QCL","Crops and livestock products","270","Gambia","5510","Production","0111","Wheat","2018","2018","","","","",""
"QCL","Crops and livestock products","270","Gambia","5312","Area harvested","0111","Wheat","2019","2019","","","","",""
"QCL","Crops and livestock products","270","Gambia","5412","Yield","0111","Wheat","2019","2019","","","","",""
"QCL","Crops and livestock products","270","Gambia","5510","Production","0111","Wheat","2019","2019","","","","",""
"QCL","Crops and livestock products","270","Gambia","5312","Area harvested","0111","Wheat","2020","2020","","","","",""
"QCL","Crops and livestock products","270","Gambia","5412","Yield","0111","Wheat","2020","2020","","","","",""
"QCL","Crops and livestock products","270","Gambia","5510","Production","0111","Wheat","2020","2020","","","","",""
"QCL","Crops and livestock products","270","Gambia","5312","Area harvested","0111","Wheat","2021","2021","","","","",""
"QCL","Crops and livestock products","270","Gambia","5412","Yield","0111","Wheat","2021","2021","","","","",""
"QCL","Crops and livestock products","270","Gambia","5510","Production","0111","Wheat","2021","2021","","","","",""
"QCL","Crops and livestock products","270","Gambia","5312","Area harvested","0111","Wheat","2022","2022","","","","",""
"QCL","Crops and livestock products","270","Gambia","5412","Yield","0111","Wheat","2022","2022","","","","",""
"QCL","Crops and livestock products","270","Gambia","5510","Production","0111","Wheat","2022","2022","","","","",""
"QCL","Crops and livestock products","270","Gambia","5312","Area harvested","0111","Wheat","2023","2023","","","","",""
"QCL","Crops and livestock products","270","Gambia","5412","Yield","0111","Wheat","2023","2023","","","","",""
"QCL","Crops and livestock products","270","Gambia","5510","Production","0111","Wheat","2023","2023","","","","",""
"QCL","Crops and livestock products","270","Gambia","5312","Area harvested","0111","Wheat","2024","2024","","","","",""
"QCL","Crops and livestock products","270","Gambia","5412","Yield","0111","Wheat","2024","2024","","","","",""
"QCL","Crops and livestock products","270","Gambia","5510","Production","0111","Wheat","2024","2024","","","","",""
"QCL","Crops and livestock products","268","Georgia","5312","Area harvested","0111","Wheat","2015","2015","ha","48700","A","Official value",""
"QCL","Crops and livestock products","268","Georgia","5412","Yield","0111","Wheat","2015","2015","kg/ha","2579.1","A","Official value",""
"QCL","Crops and livestock products","268","Georgia","5510","Production","0111","Wheat","2015","2015","t","125600","A","Official value",""
"QCL","Crops and livestock products","268","Georgia","5312","Area harvested","0111","Wheat","2016","2016","ha","49200","A","Official value",""
"QCL","Crops and livestock products","268","Georgia","5412","Yield","0111","Wheat","2016","2016","kg/ha","2573.2","A","Official value",""
"QCL","Crops and livestock products","268","Georgia","5510","Production","0111","Wheat","2016","2016","t","126600","A","Official value",""
"QCL","Crops and livestock products","268","Georgia","5312","Area harvested","0111","Wheat","2017","2017","ha","44200","A","Official value",""
"QCL","Crops and livestock products","268","Georgia","5412","Yield","0111","Wheat","2017","2017","kg/ha","2214.9","A","Official value",""
"QCL","Crops and livestock products","268","Georgia","5510","Production","0111","Wheat","2017","2017","t","97900","A","Official value",""
"QCL","Crops and livestock products","268","Georgia","5312","Area harvested","0111","Wheat","2018","2018","ha","43300","A","Official value",""
"QCL","Crops and livestock products","268","Georgia","5412","Yield","0111","Wheat","2018","2018","kg/ha","2473.4","A","Official value",""
"QCL","Crops and livestock products","268","Georgia","5510","Production","0111","Wheat","2018","2018","t","107100","A","Official value",""
"QCL","Crops and livestock products","268","Georgia","5312","Area harvested","0111","Wheat","2019","2019","ha","43100","A","Official value",""
"QCL","Crops and livestock products","268","Georgia","5412","Yield","0111","Wheat","2019","2019","kg/ha","2334.1","A","Official value",""
"QCL","Crops and livestock products","268","Georgia","5510","Production","0111","Wheat","2019","2019","t","100600","A","Official value",""
"QCL","Crops and livestock products","268","Georgia","5312","Area harvested","0111","Wheat","2020","2020","ha","46500","A","Official value",""
"QCL","Crops and livestock products","268","Georgia","5412","Yield","0111","Wheat","2020","2020","kg/ha","2202.2","A","Official value",""
"QCL","Crops and livestock products","268","Georgia","5510","Production","0111","Wheat","2020","2020","t","102400","A","Official value",""
"QCL","Crops and livestock products","268","Georgia","5312","Area harvested","0111","Wheat","2021","2021","ha","50300","A","Official value",""
"QCL","Crops and livestock products","268","Georgia","5412","Yield","0111","Wheat","2021","2021","kg/ha","2701.8","A","Official value",""
"QCL","Crops and livestock products","268","Georgia","5510","Production","0111","Wheat","2021","2021","t","135900","A","Official value",""
"QCL","Crops and livestock products","268","Georgia","5312","Area harvested","0111","Wheat","2022","2022","ha","55000","A","Official value",""
"QCL","Crops and livestock products","268","Georgia","5412","Yield","0111","Wheat","2022","2022","kg/ha","2850.9","A","Official value",""
"QCL","Crops and livestock products","268","Georgia","5510","Production","0111","Wheat","2022","2022","t","156800","A","Official value",""
"QCL","Crops and livestock products","268","Georgia","5312","Area harvested","0111","Wheat","2023","2023","ha","55700","A","Official value",""
"QCL","Crops and livestock products","268","Georgia","5412","Yield","0111","Wheat","2023","2023","kg/ha","2639.1","A","Official value",""
"QCL","Crops and livestock products","268","Georgia","5510","Production","0111","Wheat","2023","2023","t","147000","A","Official value",""
"QCL","Crops and livestock products","268","Georgia","5312","Area harvested","0111","Wheat","2024","2024","ha","52300","A","Official value",""
"QCL","Crops and livestock products","268","Georgia","5412","Yield","0111","Wheat","2024","2024","kg/ha","2850.9","A","Official value",""
"QCL","Crops and livestock products","268","Georgia","5510","Production","0111","Wheat","2024","2024","t","149100","A","Official value",""
"QCL","Crops and livestock products","276","Germany","5312","Area harvested","0111","Wheat","2015","2015","ha","3282700","A","Official value",""
"QCL","Crops and livestock products","276","Germany","5412","Yield","0111","Wheat","2015","2015","kg/ha","8087.7","A","Official value",""
"QCL","Crops and livestock products","276","Germany","5510","Production","0111","Wheat","2015","2015","t","26549500","A","Official value",""
"QCL","Crops and livestock products","276","Germany","5312","Area harvested","0111","Wheat","2016","2016","ha","3201700","A","Official value",""
"QCL","Crops and livestock products","276","Germany","5412","Yield","0111","Wheat","2016","2016","kg/ha","7640.9","A","Official value",""
"QCL","Crops and livestock products","276","Germany","5510","Production","0111","Wheat","2016","2016","t","24463800","A","Official value",""
"QCL","Crops and livestock products","276","Germany","5312","Area harvested","0111","Wheat","2017","2017","ha","3202600","A","Official value",""
"QCL","Crops and livestock products","276","Germany","5412","Yield","0111","Wheat","2017","2017","kg/ha","7644.3","A","Official value",""
"QCL","Crops and livestock products","276","Germany","5510","Production","0111","Wheat","2017","2017","t","24481600","A","Official value",""
"QCL","Crops and livestock products","276","Germany","5312","Area harvested","0111","Wheat","2018","2018","ha","3036300","A","Official value",""
"QCL","Crops and livestock products","276","Germany","5412","Yield","0111","Wheat","2018","2018","kg/ha","6673.7","A","Official value",""
"QCL","Crops and livestock products","276","Germany","5510","Production","0111","Wheat","2018","2018","t","20263500","A","Official value",""
"QCL","Crops and livestock products","276","Germany","5312","Area harvested","0111","Wheat","2019","2019","ha","3118100","A","Official value",""
"QCL","Crops and livestock products","276","Germany","5412","Yield","0111","Wheat","2019","2019","kg/ha","7396.4","A","Official value",""
"QCL","Crops and livestock products","276","Germany","5510","Production","0111","Wheat","2019","2019","t","23062600","A","Official value",""
"QCL","Crops and livestock products","276","Germany","5312","Area harvested","0111","Wheat","2020","2020","ha","2835500","A","Official value",""
"QCL","Crops and livestock products","276","Germany","5412","Yield","0111","Wheat","2020","2020","kg/ha","7819.5","A","Official value",""
"QCL","Crops and livestock products","276","Germany","5510","Production","0111","Wheat","2020","2020","t","22172100","A","Official value",""
"QCL","Crops and livestock products","276","Germany","5312","Area harvested","0111","Wheat","2021","2021","ha","2939000","A","Official value",""
"QCL","Crops and livestock products","276","Germany","5412","Yield","0111","Wheat","2021","2021","kg/ha","7301.5","A","Official value",""
"QCL","Crops and livestock products","276","Germany","5510","Production","0111","Wheat","2021","2021","t","21459200","A","Official value",""
"QCL","Crops and livestock products","276","Germany","5312","Area harvested","0111","Wheat","2022","2022","ha","2980900","A","Official value",""
"QCL","Crops and livestock products","276","Germany","5412","Yield","0111","Wheat","2022","2022","kg/ha","7577.3","A","Official value",""
"QCL","Crops and livestock products","276","Germany","5510","Production","0111","Wheat","2022","2022","t","22587300","A","Official value",""
"QCL","Crops and livestock products","276","Germany","5312","Area harvested","0111","Wheat","2023","2023","ha","2897800","A","Official value",""
"QCL","Crops and livestock products","276","Germany","5412","Yield","0111","Wheat","2023","2023","kg/ha","7431.8","A","Official value",""
"QCL","Crops and livestock products","276","Germany","5510","Production","0111","Wheat","2023","2023","t","21535900","A","Official value",""
"QCL","Crops and livestock products","276","Germany","5312","Area harvested","0111","Wheat","2024","2024","ha","2615200","A","Official value",""
"QCL","Crops and livestock products","276","Germany","5412","Yield","0111","Wheat","2024","2024","kg/ha","7084.2","A","Official value",""
"QCL","Crops and livestock products","276","Germany","5510","Production","0111","Wheat","2024","2024","t","18526700","A","Official value",""
"QCL","Crops and livestock products","288","Ghana","5312","Area harvested","0111","Wheat","2015","2015","","","","",""
"QCL","Crops and livestock products","288","Ghana","5412","Yield","0111","Wheat","2015","2015","","","","",""
"QCL","Crops and livestock products","288","Ghana","5510","Production","0111","Wheat","2015","2015","","","","",""
"QCL","Crops and livestock products","288","Ghana","5312","Area harvested","0111","Wheat","2016","2016","","","","",""
"QCL","Crops and livestock products","288","Ghana","5412","Yield","0111","Wheat","2016","2016","","","","",""
"QCL","Crops and livestock products","288","Ghana","5510","Production","0111","Wheat","2016","2016","","","","",""
"QCL","Crops and livestock products","288","Ghana","5312","Area harvested","0111","Wheat","2017","2017","","","","",""
"QCL","Crops and livestock products","288","Ghana","5412","Yield","0111","Wheat","2017","2017","","","","",""
"QCL","Crops and livestock products","288","Ghana","5510","Production","0111","Wheat","2017","2017","","","","",""
"QCL","Crops and livestock products","288","Ghana","5312","Area harvested","0111","Wheat","2018","2018","","","","",""
"QCL","Crops and livestock products","288","Ghana","5412","Yield","0111","Wheat","2018","2018","","","","",""
"QCL","Crops and livestock products","288","Ghana","5510","Production","0111","Wheat","2018","2018","","","","",""
"QCL","Crops and livestock products","288","Ghana","5312","Area harvested","0111","Wheat","2019","2019","","","","",""
"QCL","Crops and livestock products","288","Ghana","5412","Yield","0111","Wheat","2019","2019","","","","",""
"QCL","Crops and livestock products","288","Ghana","5510","Production","0111","Wheat","2019","2019","","","","",""
"QCL","Crops and livestock products","288","Ghana","5312","Area harvested","0111","Wheat","2020","2020","","","","",""
"QCL","Crops and livestock products","288","Ghana","5412","Yield","0111","Wheat","2020","2020","","","","",""
"QCL","Crops and livestock products","288","Ghana","5510","Production","0111","Wheat","2020","2020","","","","",""
"QCL","Crops and livestock products","288","Ghana","5312","Area harvested","0111","Wheat","2021","2021","","","","",""
"QCL","Crops and livestock products","288","Ghana","5412","Yield","0111","Wheat","2021","2021","","","","",""
"QCL","Crops and livestock products","288","Ghana","5510","Production","0111","Wheat","2021","2021","","","","",""
"QCL","Crops and livestock products","288","Ghana","5312","Area harvested","0111","Wheat","2022","2022","","","","",""
"QCL","Crops and livestock products","288","Ghana","5412","Yield","0111","Wheat","2022","2022","","","","",""
"QCL","Crops and livestock products","288","Ghana","5510","Production","0111","Wheat","2022","2022","","","","",""
"QCL","Crops and livestock products","288","Ghana","5312","Area harvested","0111","Wheat","2023","2023","","","","",""
"QCL","Crops and livestock products","288","Ghana","5412","Yield","0111","Wheat","2023","2023","","","","",""
"QCL","Crops and livestock products","288","Ghana","5510","Production","0111","Wheat","2023","2023","","","","",""
"QCL","Crops and livestock products","288","Ghana","5312","Area harvested","0111","Wheat","2024","2024","","","","",""
"QCL","Crops and livestock products","288","Ghana","5412","Yield","0111","Wheat","2024","2024","","","","",""
"QCL","Crops and livestock products","288","Ghana","5510","Production","0111","Wheat","2024","2024","","","","",""
"QCL","Crops and livestock products","300","Greece","5312","Area harvested","0111","Wheat","2015","2015","ha","502141","A","Official value",""
"QCL","Crops and livestock products","300","Greece","5412","Yield","0111","Wheat","2015","2015","kg/ha","2905","A","Official value",""
"QCL","Crops and livestock products","300","Greece","5510","Production","0111","Wheat","2015","2015","t","1458705.46","A","Official value",""
"QCL","Crops and livestock products","300","Greece","5312","Area harvested","0111","Wheat","2016","2016","ha","539538","A","Official value",""
"QCL","Crops and livestock products","300","Greece","5412","Yield","0111","Wheat","2016","2016","kg/ha","2892.8","A","Official value",""
"QCL","Crops and livestock products","300","Greece","5510","Production","0111","Wheat","2016","2016","t","1560776.99","A","Official value",""
"QCL","Crops and livestock products","300","Greece","5312","Area harvested","0111","Wheat","2017","2017","ha","463311","A","Official value",""
"QCL","Crops and livestock products","300","Greece","5412","Yield","0111","Wheat","2017","2017","kg/ha","2928.4","A","Official value",""
"QCL","Crops and livestock products","300","Greece","5510","Production","0111","Wheat","2017","2017","t","1356772","A","Official value",""
"QCL","Crops and livestock products","300","Greece","5312","Area harvested","0111","Wheat","2018","2018","ha","404490","A","Official value",""
"QCL","Crops and livestock products","300","Greece","5412","Yield","0111","Wheat","2018","2018","kg/ha","2652.6","A","Official value",""
"QCL","Crops and livestock products","300","Greece","5510","Production","0111","Wheat","2018","2018","t","1072940","A","Official value",""
"QCL","Crops and livestock products","300","Greece","5312","Area harvested","0111","Wheat","2019","2019","ha","350490","A","Official value",""
"QCL","Crops and livestock products","300","Greece","5412","Yield","0111","Wheat","2019","2019","kg/ha","2793.9","A","Official value",""
"QCL","Crops and livestock products","300","Greece","5510","Production","0111","Wheat","2019","2019","t","979220","A","Official value",""
"QCL","Crops and livestock products","300","Greece","5312","Area harvested","0111","Wheat","2020","2020","ha","355880","A","Official value",""
"QCL","Crops and livestock products","300","Greece","5412","Yield","0111","Wheat","2020","2020","kg/ha","3077.3","A","Official value",""
"QCL","Crops and livestock products","300","Greece","5510","Production","0111","Wheat","2020","2020","t","1095150","A","Official value",""
"QCL","Crops and livestock products","300","Greece","5312","Area harvested","0111","Wheat","2021","2021","ha","411010","A","Official value",""
"QCL","Crops and livestock products","300","Greece","5412","Yield","0111","Wheat","2021","2021","kg/ha","2820.3","A","Official value",""
"QCL","Crops and livestock products","300","Greece","5510","Production","0111","Wheat","2021","2021","t","1159190","A","Official value",""
"QCL","Crops and livestock products","300","Greece","5312","Area harvested","0111","Wheat","2022","2022","ha","412490","A","Official value",""
"QCL","Crops and livestock products","300","Greece","5412","Yield","0111","Wheat","2022","2022","kg/ha","2917.1","A","Official value",""
"QCL","Crops and livestock products","300","Greece","5510","Production","0111","Wheat","2022","2022","t","1203260","A","Official value",""
"QCL","Crops and livestock products","300","Greece","5312","Area harvested","0111","Wheat","2023","2023","ha","448460","A","Official value",""
"QCL","Crops and livestock products","300","Greece","5412","Yield","0111","Wheat","2023","2023","kg/ha","2919.3","A","Official value",""
"QCL","Crops and livestock products","300","Greece","5510","Production","0111","Wheat","2023","2023","t","1309180","A","Official value",""
"QCL","Crops and livestock products","300","Greece","5312","Area harvested","0111","Wheat","2024","2024","ha","376950","A","Official value",""
"QCL","Crops and livestock products","300","Greece","5412","Yield","0111","Wheat","2024","2024","kg/ha","3208.1","A","Official value",""
"QCL","Crops and livestock products","300","Greece","5510","Production","0111","Wheat","2024","2024","t","1209310","A","Official value",""
"QCL","Crops and livestock products","308","Grenada","5312","Area harvested","0111","Wheat","2015","2015","","","","",""
"QCL","Crops and livestock products","308","Grenada","5412","Yield","0111","Wheat","2015","2015","","","","",""
"QCL","Crops and livestock products","308","Grenada","5510","Production","0111","Wheat","2015","2015","","","","",""
"QCL","Crops and livestock products","308","Grenada","5312","Area harvested","0111","Wheat","2016","2016","","","","",""
"QCL","Crops and livestock products","308","Grenada","5412","Yield","0111","Wheat","2016","2016","","","","",""
"QCL","Crops and livestock products","308","Grenada","5510","Production","0111","Wheat","2016","2016","","","","",""
"QCL","Crops and livestock products","308","Grenada","5312","Area harvested","0111","Wheat","2017","2017","","","","",""
"QCL","Crops and livestock products","308","Grenada","5412","Yield","0111","Wheat","2017","2017","","","","",""
"QCL","Crops and livestock products","308","Grenada","5510","Production","0111","Wheat","2017","2017","","","","",""
"QCL","Crops and livestock products","308","Grenada","5312","Area harvested","0111","Wheat","2018","2018","","","","",""
"QCL","Crops and livestock products","308","Grenada","5412","Yield","0111","Wheat","2018","2018","","","","",""
"QCL","Crops and livestock products","308","Grenada","5510","Production","0111","Wheat","2018","2018","","","","",""
"QCL","Crops and livestock products","308","Grenada","5312","Area harvested","0111","Wheat","2019","2019","","","","",""
"QCL","Crops and livestock products","308","Grenada","5412","Yield","0111","Wheat","2019","2019","","","","",""
"QCL","Crops and livestock products","308","Grenada","5510","Production","0111","Wheat","2019","2019","","","","",""
"QCL","Crops and livestock products","308","Grenada","5312","Area harvested","0111","Wheat","2020","2020","","","","",""
"QCL","Crops and livestock products","308","Grenada","5412","Yield","0111","Wheat","2020","2020","","","","",""
"QCL","Crops and livestock products","308","Grenada","5510","Production","0111","Wheat","2020","2020","","","","",""
"QCL","Crops and livestock products","308","Grenada","5312","Area harvested","0111","Wheat","2021","2021","","","","",""
"QCL","Crops and livestock products","308","Grenada","5412","Yield","0111","Wheat","2021","2021","","","","",""
"QCL","Crops and livestock products","308","Grenada","5510","Production","0111","Wheat","2021","2021","","","","",""
"QCL","Crops and livestock products","308","Grenada","5312","Area harvested","0111","Wheat","2022","2022","","","","",""
"QCL","Crops and livestock products","308","Grenada","5412","Yield","0111","Wheat","2022","2022","","","","",""
"QCL","Crops and livestock products","308","Grenada","5510","Production","0111","Wheat","2022","2022","","","","",""
"QCL","Crops and livestock products","308","Grenada","5312","Area harvested","0111","Wheat","2023","2023","","","","",""
"QCL","Crops and livestock products","308","Grenada","5412","Yield","0111","Wheat","2023","2023","","","","",""
"QCL","Crops and livestock products","308","Grenada","5510","Production","0111","Wheat","2023","2023","","","","",""
"QCL","Crops and livestock products","308","Grenada","5312","Area harvested","0111","Wheat","2024","2024","","","","",""
"QCL","Crops and livestock products","308","Grenada","5412","Yield","0111","Wheat","2024","2024","","","","",""
"QCL","Crops and livestock products","308","Grenada","5510","Production","0111","Wheat","2024","2024","","","","",""
"QCL","Crops and livestock products","312","Guadeloupe","5312","Area harvested","0111","Wheat","2015","2015","","","","",""
"QCL","Crops and livestock products","312","Guadeloupe","5412","Yield","0111","Wheat","2015","2015","","","","",""
"QCL","Crops and livestock products","312","Guadeloupe","5510","Production","0111","Wheat","2015","2015","","","","",""
"QCL","Crops and livestock products","312","Guadeloupe","5312","Area harvested","0111","Wheat","2016","2016","","","","",""
"QCL","Crops and livestock products","312","Guadeloupe","5412","Yield","0111","Wheat","2016","2016","","","","",""
"QCL","Crops and livestock products","312","Guadeloupe","5510","Production","0111","Wheat","2016","2016","","","","",""
"QCL","Crops and livestock products","312","Guadeloupe","5312","Area harvested","0111","Wheat","2017","2017","","","","",""
"QCL","Crops and livestock products","312","Guadeloupe","5412","Yield","0111","Wheat","2017","2017","","","","",""
"QCL","Crops and livestock products","312","Guadeloupe","5510","Production","0111","Wheat","2017","2017","","","","",""
"QCL","Crops and livestock products","312","Guadeloupe","5312","Area harvested","0111","Wheat","2018","2018","","","","",""
"QCL","Crops and livestock products","312","Guadeloupe","5412","Yield","0111","Wheat","2018","2018","","","","",""
"QCL","Crops and livestock products","312","Guadeloupe","5510","Production","0111","Wheat","2018","2018","","","","",""
"QCL","Crops and livestock products","312","Guadeloupe","5312","Area harvested","0111","Wheat","2019","2019","","","","",""
"QCL","Crops and livestock products","312","Guadeloupe","5412","Yield","0111","Wheat","2019","2019","","","","",""
"QCL","Crops and livestock products","312","Guadeloupe","5510","Production","0111","Wheat","2019","2019","","","","",""
"QCL","Crops and livestock products","312","Guadeloupe","5312","Area harvested","0111","Wheat","2020","2020","","","","",""
"QCL","Crops and livestock products","312","Guadeloupe","5412","Yield","0111","Wheat","2020","2020","","","","",""
"QCL","Crops and livestock products","312","Guadeloupe","5510","Production","0111","Wheat","2020","2020","","","","",""
"QCL","Crops and livestock products","312","Guadeloupe","5312","Area harvested","0111","Wheat","2021","2021","","","","",""
"QCL","Crops and livestock products","312","Guadeloupe","5412","Yield","0111","Wheat","2021","2021","","","","",""
"QCL","Crops and livestock products","312","Guadeloupe","5510","Production","0111","Wheat","2021","2021","","","","",""
"QCL","Crops and livestock products","312","Guadeloupe","5312","Area harvested","0111","Wheat","2022","2022","","","","",""
"QCL","Crops and livestock products","312","Guadeloupe","5412","Yield","0111","Wheat","2022","2022","","","","",""
"QCL","Crops and livestock products","312","Guadeloupe","5510","Production","0111","Wheat","2022","2022","","","","",""
"QCL","Crops and livestock products","312","Guadeloupe","5312","Area harvested","0111","Wheat","2023","2023","","","","",""
"QCL","Crops and livestock products","312","Guadeloupe","5412","Yield","0111","Wheat","2023","2023","","","","",""
"QCL","Crops and livestock products","312","Guadeloupe","5510","Production","0111","Wheat","2023","2023","","","","",""
"QCL","Crops and livestock products","312","Guadeloupe","5312","Area harvested","0111","Wheat","2024","2024","","","","",""
"QCL","Crops and livestock products","312","Guadeloupe","5412","Yield","0111","Wheat","2024","2024","","","","",""
"QCL","Crops and livestock products","312","Guadeloupe","5510","Production","0111","Wheat","2024","2024","","","","",""
"QCL","Crops and livestock products","320","Guatemala","5312","Area harvested","0111","Wheat","2015","2015","ha","280","A","Official value",""
"QCL","Crops and livestock products","320","Guatemala","5412","Yield","0111","Wheat","2015","2015","kg/ha","2125.5","A","Official value",""
"QCL","Crops and livestock products","320","Guatemala","5510","Production","0111","Wheat","2015","2015","t","594.21","A","Official value",""
"QCL","Crops and livestock products","320","Guatemala","5312","Area harvested","0111","Wheat","2016","2016","ha","349","A","Official value",""
"QCL","Crops and livestock products","320","Guatemala","5412","Yield","0111","Wheat","2016","2016","kg/ha","2128.8","A","Official value",""
"QCL","Crops and livestock products","320","Guatemala","5510","Production","0111","Wheat","2016","2016","t","743.89","A","Official value",""
"QCL","Crops and livestock products","320","Guatemala","5312","Area harvested","0111","Wheat","2017","2017","ha","300","E","Estimated value",""
"QCL","Crops and livestock products","320","Guatemala","5412","Yield","0111","Wheat","2017","2017","kg/ha","2126.7","E","Estimated value",""
"QCL","Crops and livestock products","320","Guatemala","5510","Production","0111","Wheat","2017","2017","t","638","A","Official value",""
"QCL","Crops and livestock products","320","Guatemala","5312","Area harvested","0111","Wheat","2018","2018","ha","220","E","Estimated value",""
"QCL","Crops and livestock products","320","Guatemala","5412","Yield","0111","Wheat","2018","2018","kg/ha","2109.1","E","Estimated value",""
"QCL","Crops and livestock products","320","Guatemala","5510","Production","0111","Wheat","2018","2018","t","464","A","Official value",""
"QCL","Crops and livestock products","320","Guatemala","5312","Area harvested","0111","Wheat","2019","2019","ha","76","I","Value imputed by a receiving agency",""
"QCL","Crops and livestock products","320","Guatemala","5412","Yield","0111","Wheat","2019","2019","kg/ha","2145.1","E","Estimated value",""
"QCL","Crops and livestock products","320","Guatemala","5510","Production","0111","Wheat","2019","2019","t","164","A","Official value",""
"QCL","Crops and livestock products","320","Guatemala","5312","Area harvested","0111","Wheat","2020","2020","ha","91","I","Value imputed by a receiving agency",""
"QCL","Crops and livestock products","320","Guatemala","5412","Yield","0111","Wheat","2020","2020","kg/ha","2623.5","E","Estimated value",""
"QCL","Crops and livestock products","320","Guatemala","5510","Production","0111","Wheat","2020","2020","t","239.31","I","Value imputed by a receiving agency",""
"QCL","Crops and livestock products","320","Guatemala","5312","Area harvested","0111","Wheat","2021","2021","ha","136","I","Value imputed by a receiving agency",""
"QCL","Crops and livestock products","320","Guatemala","5412","Yield","0111","Wheat","2021","2021","kg/ha","2922.6","E","Estimated value",""
"QCL","Crops and livestock products","320","Guatemala","5510","Production","0111","Wheat","2021","2021","t","397.19","I","Value imputed by a receiving agency",""
"QCL","Crops and livestock products","320","Guatemala","5312","Area harvested","0111","Wheat","2022","2022","ha","136","A","Official value",""
"QCL","Crops and livestock products","320","Guatemala","5412","Yield","0111","Wheat","2022","2022","kg/ha","4713.2","A","Official value",""
"QCL","Crops and livestock products","320","Guatemala","5510","Production","0111","Wheat","2022","2022","t","641","A","Official value",""
"QCL","Crops and livestock products","320","Guatemala","5312","Area harvested","0111","Wheat","2023","2023","ha","257","I","Value imputed by a receiving agency",""
"QCL","Crops and livestock products","320","Guatemala","5412","Yield","0111","Wheat","2023","2023","kg/ha","3447.4","E","Estimated value",""
"QCL","Crops and livestock products","320","Guatemala","5510","Production","0111","Wheat","2023","2023","t","885.59","I","Value imputed by a receiving agency",""
"QCL","Crops and livestock products","320","Guatemala","5312","Area harvested","0111","Wheat","2024","2024","ha","277","I","Value imputed by a receiving agency",""
"QCL","Crops and livestock products","320","Guatemala","5412","Yield","0111","Wheat","2024","2024","kg/ha","2753","E","Estimated value",""
"QCL","Crops and livestock products","320","Guatemala","5510","Production","0111","Wheat","2024","2024","t","761.88","I","Value imputed by a receiving agency",""
"QCL","Crops and livestock products","324","Guinea","5312","Area harvested","0111","Wheat","2015","2015","","","","",""
"QCL","Crops and livestock products","324","Guinea","5412","Yield","0111","Wheat","2015","2015","","","","",""
"QCL","Crops and livestock products","324","Guinea","5510","Production","0111","Wheat","2015","2015","","","","",""
"QCL","Crops and livestock products","324","Guinea","5312","Area harvested","0111","Wheat","2016","2016","","","","",""
"QCL","Crops and livestock products","324","Guinea","5412","Yield","0111","Wheat","2016","2016","","","","",""
"QCL","Crops and livestock products","324","Guinea","5510","Production","0111","Wheat","2016","2016","","","","",""
"QCL","Crops and livestock products","324","Guinea","5312","Area harvested","0111","Wheat","2017","2017","","","","",""
"QCL","Crops and livestock products","324","Guinea","5412","Yield","0111","Wheat","2017","2017","","","","",""
"QCL","Crops and livestock products","324","Guinea","5510","Production","0111","Wheat","2017","2017","","","","",""
"QCL","Crops and livestock products","324","Guinea","5312","Area harvested","0111","Wheat","2018","2018","","","","",""
"QCL","Crops and livestock products","324","Guinea","5412","Yield","0111","Wheat","2018","2018","","","","",""
"QCL","Crops and livestock products","324","Guinea","5510","Production","0111","Wheat","2018","2018","","","","",""
"QCL","Crops and livestock products","324","Guinea","5312","Area harvested","0111","Wheat","2019","2019","","","","",""
"QCL","Crops and livestock products","324","Guinea","5412","Yield","0111","Wheat","2019","2019","","","","",""
"QCL","Crops and livestock products","324","Guinea","5510","Production","0111","Wheat","2019","2019","","","","",""
"QCL","Crops and livestock products","324","Guinea","5312","Area harvested","0111","Wheat","2020","2020","","","","",""
"QCL","Crops and livestock products","324","Guinea","5412","Yield","0111","Wheat","2020","2020","","","","",""
"QCL","Crops and livestock products","324","Guinea","5510","Production","0111","Wheat","2020","2020","","","","",""
"QCL","Crops and livestock products","324","Guinea","5312","Area harvested","0111","Wheat","2021","2021","","","","",""
"QCL","Crops and livestock products","324","Guinea","5412","Yield","0111","Wheat","2021","2021","","","","",""
"QCL","Crops and livestock products","324","Guinea","5510","Production","0111","Wheat","2021","2021","","","","",""
"QCL","Crops and livestock products","324","Guinea","5312","Area harvested","0111","Wheat","2022","2022","","","","",""
"QCL","Crops and livestock products","324","Guinea","5412","Yield","0111","Wheat","2022","2022","","","","",""
"QCL","Crops and livestock products","324","Guinea","5510","Production","0111","Wheat","2022","2022","","","","",""
"QCL","Crops and livestock products","324","Guinea","5312","Area harvested","0111","Wheat","2023","2023","","","","",""
"QCL","Crops and livestock products","324","Guinea","5412","Yield","0111","Wheat","2023","2023","","","","",""
"QCL","Crops and livestock products","324","Guinea","5510","Production","0111","Wheat","2023","2023","","","","",""
"QCL","Crops and livestock products","324","Guinea","5312","Area harvested","0111","Wheat","2024","2024","","","","",""
"QCL","Crops and livestock products","324","Guinea","5412","Yield","0111","Wheat","2024","2024","","","","",""
"QCL","Crops and livestock products","324","Guinea","5510","Production","0111","Wheat","2024","2024","","","","",""
"QCL","Crops and livestock products","624","Guinea-Bissau","5312","Area harvested","0111","Wheat","2015","2015","","","","",""
"QCL","Crops and livestock products","624","Guinea-Bissau","5412","Yield","0111","Wheat","2015","2015","","","","",""
"QCL","Crops and livestock products","624","Guinea-Bissau","5510","Production","0111","Wheat","2015","2015","","","","",""
"QCL","Crops and livestock products","624","Guinea-Bissau","5312","Area harvested","0111","Wheat","2016","2016","","","","",""
"QCL","Crops and livestock products","624","Guinea-Bissau","5412","Yield","0111","Wheat","2016","2016","","","","",""
"QCL","Crops and livestock products","624","Guinea-Bissau","5510","Production","0111","Wheat","2016","2016","","","","",""
"QCL","Crops and livestock products","624","Guinea-Bissau","5312","Area harvested","0111","Wheat","2017","2017","","","","",""
"QCL","Crops and livestock products","624","Guinea-Bissau","5412","Yield","0111","Wheat","2017","2017","","","","",""
"QCL","Crops and livestock products","624","Guinea-Bissau","5510","Production","0111","Wheat","2017","2017","","","","",""
"QCL","Crops and livestock products","624","Guinea-Bissau","5312","Area harvested","0111","Wheat","2018","2018","","","","",""
"QCL","Crops and livestock products","624","Guinea-Bissau","5412","Yield","0111","Wheat","2018","2018","","","","",""
"QCL","Crops and livestock products","624","Guinea-Bissau","5510","Production","0111","Wheat","2018","2018","","","","",""
"QCL","Crops and livestock products","624","Guinea-Bissau","5312","Area harvested","0111","Wheat","2019","2019","","","","",""
"QCL","Crops and livestock products","624","Guinea-Bissau","5412","Yield","0111","Wheat","2019","2019","","","","",""
"QCL","Crops and livestock products","624","Guinea-Bissau","5510","Production","0111","Wheat","2019","2019","","","","",""
"QCL","Crops and livestock products","624","Guinea-Bissau","5312","Area harvested","0111","Wheat","2020","2020","","","","",""
"QCL","Crops and livestock products","624","Guinea-Bissau","5412","Yield","0111","Wheat","2020","2020","","","","",""
"QCL","Crops and livestock products","624","Guinea-Bissau","5510","Production","0111","Wheat","2020","2020","","","","",""
"QCL","Crops and livestock products","624","Guinea-Bissau","5312","Area harvested","0111","Wheat","2021","2021","","","","",""
"QCL","Crops and livestock products","624","Guinea-Bissau","5412","Yield","0111","Wheat","2021","2021","","","","",""
"QCL","Crops and livestock products","624","Guinea-Bissau","5510","Production","0111","Wheat","2021","2021","","","","",""
"QCL","Crops and livestock products","624","Guinea-Bissau","5312","Area harvested","0111","Wheat","2022","2022","","","","",""
"QCL","Crops and livestock products","624","Guinea-Bissau","5412","Yield","0111","Wheat","2022","2022","","","","",""
"QCL","Crops and livestock products","624","Guinea-Bissau","5510","Production","0111","Wheat","2022","2022","","","","",""
"QCL","Crops and livestock products","624","Guinea-Bissau","5312","Area harvested","0111","Wheat","2023","2023","","","","",""
"QCL","Crops and livestock products","624","Guinea-Bissau","5412","Yield","0111","Wheat","2023","2023","","","","",""
"QCL","Crops and livestock products","624","Guinea-Bissau","5510","Production","0111","Wheat","2023","2023","","","","",""
"QCL","Crops and livestock products","624","Guinea-Bissau","5312","Area harvested","0111","Wheat","2024","2024","","","","",""
"QCL","Crops and livestock products","624","Guinea-Bissau","5412","Yield","0111","Wheat","2024","2024","","","","",""
"QCL","Crops and livestock products","624","Guinea-Bissau","5510","Production","0111","Wheat","2024","2024","","","","",""
"QCL","Crops and livestock products","328","Guyana","5312","Area harvested","0111","Wheat","2015","2015","","","","",""
"QCL","Crops and livestock products","328","Guyana","5412","Yield","0111","Wheat","2015","2015","","","","",""
"QCL","Crops and livestock products","328","Guyana","5510","Production","0111","Wheat","2015","2015","","","","",""
"QCL","Crops and livestock products","328","Guyana","5312","Area harvested","0111","Wheat","2016","2016","","","","",""
"QCL","Crops and livestock products","328","Guyana","5412","Yield","0111","Wheat","2016","2016","","","","",""
"QCL","Crops and livestock products","328","Guyana","5510","Production","0111","Wheat","2016","2016","","","","",""
"QCL","Crops and livestock products","328","Guyana","5312","Area harvested","0111","Wheat","2017","2017","","","","",""
"QCL","Crops and livestock products","328","Guyana","5412","Yield","0111","Wheat","2017","2017","","","","",""
"QCL","Crops and livestock products","328","Guyana","5510","Production","0111","Wheat","2017","2017","","","","",""
"QCL","Crops and livestock products","328","Guyana","5312","Area harvested","0111","Wheat","2018","2018","","","","",""
"QCL","Crops and livestock products","328","Guyana","5412","Yield","0111","Wheat","2018","2018","","","","",""
"QCL","Crops and livestock products","328","Guyana","5510","Production","0111","Wheat","2018","2018","","","","",""
"QCL","Crops and livestock products","328","Guyana","5312","Area harvested","0111","Wheat","2019","2019","","","","",""
"QCL","Crops and livestock products","328","Guyana","5412","Yield","0111","Wheat","2019","2019","","","","",""
"QCL","Crops and livestock products","328","Guyana","5510","Production","0111","Wheat","2019","2019","","","","",""
"QCL","Crops and livestock products","328","Guyana","5312","Area harvested","0111","Wheat","2020","2020","","","","",""
"QCL","Crops and livestock products","328","Guyana","5412","Yield","0111","Wheat","2020","2020","","","","",""
"QCL","Crops and livestock products","328","Guyana","5510","Production","0111","Wheat","2020","2020","","","","",""
"QCL","Crops and livestock products","328","Guyana","5312","Area harvested","0111","Wheat","2021","2021","","","","",""
"QCL","Crops and livestock products","328","Guyana","5412","Yield","0111","Wheat","2021","2021","","","","",""
"QCL","Crops and livestock products","328","Guyana","5510","Production","0111","Wheat","2021","2021","","","","",""
"QCL","Crops and livestock products","328","Guyana","5312","Area harvested","0111","Wheat","2022","2022","","","","",""
"QCL","Crops and livestock products","328","Guyana","5412","Yield","0111","Wheat","2022","2022","","","","",""
"QCL","Crops and livestock products","328","Guyana","5510","Production","0111","Wheat","2022","2022","","","","",""
"QCL","Crops and livestock products","328","Guyana","5312","Area harvested","0111","Wheat","2023","2023","","","","",""
"QCL","Crops and livestock products","328","Guyana","5412","Yield","0111","Wheat","2023","2023","","","","",""
"QCL","Crops and livestock products","328","Guyana","5510","Production","0111","Wheat","2023","2023","","","","",""
"QCL","Crops and livestock products","328","Guyana","5312","Area harvested","0111","Wheat","2024","2024","","","","",""
"QCL","Crops and livestock products","328","Guyana","5412","Yield","0111","Wheat","2024","2024","","","","",""
"QCL","Crops and livestock products","328","Guyana","5510","Production","0111","Wheat","2024","2024","","","","",""
"QCL","Crops and livestock products","332","Haiti","5312","Area harvested","0111","Wheat","2015","2015","","","","",""
"QCL","Crops and livestock products","332","Haiti","5412","Yield","0111","Wheat","2015","2015","","","","",""
"QCL","Crops and livestock products","332","Haiti","5510","Production","0111","Wheat","2015","2015","","","","",""
"QCL","Crops and livestock products","332","Haiti","5312","Area harvested","0111","Wheat","2016","2016","","","","",""
"QCL","Crops and livestock products","332","Haiti","5412","Yield","0111","Wheat","2016","2016","","","","",""
"QCL","Crops and livestock products","332","Haiti","5510","Production","0111","Wheat","2016","2016","","","","",""
"QCL","Crops and livestock products","332","Haiti","5312","Area harvested","0111","Wheat","2017","2017","","","","",""
"QCL","Crops and livestock products","332","Haiti","5412","Yield","0111","Wheat","2017","2017","","","","",""
"QCL","Crops and livestock products","332","Haiti","5510","Production","0111","Wheat","2017","2017","","","","",""
"QCL","Crops and livestock products","332","Haiti","5312","Area harvested","0111","Wheat","2018","2018","","","","",""
"QCL","Crops and livestock products","332","Haiti","5412","Yield","0111","Wheat","2018","2018","","","","",""
"QCL","Crops and livestock products","332","Haiti","5510","Production","0111","Wheat","2018","2018","","","","",""
"QCL","Crops and livestock products","332","Haiti","5312","Area harvested","0111","Wheat","2019","2019","","","","",""
"QCL","Crops and livestock products","332","Haiti","5412","Yield","0111","Wheat","2019","2019","","","","",""
"QCL","Crops and livestock products","332","Haiti","5510","Production","0111","Wheat","2019","2019","","","","",""
"QCL","Crops and livestock products","332","Haiti","5312","Area harvested","0111","Wheat","2020","2020","","","","",""
"QCL","Crops and livestock products","332","Haiti","5412","Yield","0111","Wheat","2020","2020","","","","",""
"QCL","Crops and livestock products","332","Haiti","5510","Production","0111","Wheat","2020","2020","","","","",""
"QCL","Crops and livestock products","332","Haiti","5312","Area harvested","0111","Wheat","2021","2021","","","","",""
"QCL","Crops and livestock products","332","Haiti","5412","Yield","0111","Wheat","2021","2021","","","","",""
"QCL","Crops and livestock products","332","Haiti","5510","Production","0111","Wheat","2021","2021","","","","",""
"QCL","Crops and livestock products","332","Haiti","5312","Area harvested","0111","Wheat","2022","2022","","","","",""
"QCL","Crops and livestock products","332","Haiti","5412","Yield","0111","Wheat","2022","2022","","","","",""
"QCL","Crops and livestock products","332","Haiti","5510","Production","0111","Wheat","2022","2022","","","","",""
"QCL","Crops and livestock products","332","Haiti","5312","Area harvested","0111","Wheat","2023","2023","","","","",""
"QCL","Crops and livestock products","332","Haiti","5412","Yield","0111","Wheat","2023","2023","","","","",""
"QCL","Crops and livestock products","332","Haiti","5510","Production","0111","Wheat","2023","2023","","","","",""
"QCL","Crops and livestock products","332","Haiti","5312","Area harvested","0111","Wheat","2024","2024","","","","",""
"QCL","Crops and livestock products","332","Haiti","5412","Yield","0111","Wheat","2024","2024","","","","",""
"QCL","Crops and livestock products","332","Haiti","5510","Production","0111","Wheat","2024","2024","","","","",""
"QCL","Crops and livestock products","340","Honduras","5312","Area harvested","0111","Wheat","2015","2015","ha","2243","I","Value imputed by a receiving agency",""
"QCL","Crops and livestock products","340","Honduras","5412","Yield","0111","Wheat","2015","2015","kg/ha","540.8","E","Estimated value",""
"QCL","Crops and livestock products","340","Honduras","5510","Production","0111","Wheat","2015","2015","t","1213.15","I","Value imputed by a receiving agency",""
"QCL","Crops and livestock products","340","Honduras","5312","Area harvested","0111","Wheat","2016","2016","ha","2274","I","Value imputed by a receiving agency",""
"QCL","Crops and livestock products","340","Honduras","5412","Yield","0111","Wheat","2016","2016","kg/ha","538.4","E","Estimated value",""
"QCL","Crops and livestock products","340","Honduras","5510","Production","0111","Wheat","2016","2016","t","1224.43","I","Value imputed by a receiving agency",""
"QCL","Crops and livestock products","340","Honduras","5312","Area harvested","0111","Wheat","2017","2017","ha","2298","I","Value imputed by a receiving agency",""
"QCL","Crops and livestock products","340","Honduras","5412","Yield","0111","Wheat","2017","2017","kg/ha","537.1","E","Estimated value",""
"QCL","Crops and livestock products","340","Honduras","5510","Production","0111","Wheat","2017","2017","t","1234.19","I","Value imputed by a receiving agency",""
"QCL","Crops and livestock products","340","Honduras","5312","Area harvested","0111","Wheat","2018","2018","ha","2318","I","Value imputed by a receiving agency",""
"QCL","Crops and livestock products","340","Honduras","5412","Yield","0111","Wheat","2018","2018","kg/ha","536.6","E","Estimated value",""
"QCL","Crops and livestock products","340","Honduras","5510","Production","0111","Wheat","2018","2018","t","1243.99","I","Value imputed by a receiving agency",""
"QCL","Crops and livestock products","340","Honduras","5312","Area harvested","0111","Wheat","2019","2019","ha","2343","I","Value imputed by a receiving agency",""
"QCL","Crops and livestock products","340","Honduras","5412","Yield","0111","Wheat","2019","2019","kg/ha","536.2","E","Estimated value",""
"QCL","Crops and livestock products","340","Honduras","5510","Production","0111","Wheat","2019","2019","t","1256.19","I","Value imputed by a receiving agency",""
"QCL","Crops and livestock products","340","Honduras","5312","Area harvested","0111","Wheat","2020","2020","ha","2369","I","Value imputed by a receiving agency",""
"QCL","Crops and livestock products","340","Honduras","5412","Yield","0111","Wheat","2020","2020","kg/ha","535.8","E","Estimated value",""
"QCL","Crops and livestock products","340","Honduras","5510","Production","0111","Wheat","2020","2020","t","1269.11","I","Value imputed by a receiving agency",""
"QCL","Crops and livestock products","340","Honduras","5312","Area harvested","0111","Wheat","2021","2021","ha","2404","I","Value imputed by a receiving agency",""
"QCL","Crops and livestock products","340","Honduras","5412","Yield","0111","Wheat","2021","2021","kg/ha","537.5","E","Estimated value",""
"QCL","Crops and livestock products","340","Honduras","5510","Production","0111","Wheat","2021","2021","t","1292.28","I","Value imputed by a receiving agency",""
"QCL","Crops and livestock products","340","Honduras","5312","Area harvested","0111","Wheat","2022","2022","ha","2405","I","Value imputed by a receiving agency",""
"QCL","Crops and livestock products","340","Honduras","5412","Yield","0111","Wheat","2022","2022","kg/ha","529.1","E","Estimated value",""
"QCL","Crops and livestock products","340","Honduras","5510","Production","0111","Wheat","2022","2022","t","1272.53","E","Estimated value",""
"QCL","Crops and livestock products","340","Honduras","5312","Area harvested","0111","Wheat","2023","2023","ha","2393","E","Estimated value",""
"QCL","Crops and livestock products","340","Honduras","5412","Yield","0111","Wheat","2023","2023","kg/ha","534.1","E","Estimated value",""
"QCL","Crops and livestock products","340","Honduras","5510","Production","0111","Wheat","2023","2023","t","1277.97","E","Estimated value",""
"QCL","Crops and livestock products","340","Honduras","5312","Area harvested","0111","Wheat","2024","2024","ha","2401","E","Estimated value",""
"QCL","Crops and livestock products","340","Honduras","5412","Yield","0111","Wheat","2024","2024","kg/ha","533.6","E","Estimated value",""
"QCL","Crops and livestock products","340","Honduras","5510","Production","0111","Wheat","2024","2024","t","1280.93","E","Estimated value",""
"QCL","Crops and livestock products","348","Hungary","5312","Area harvested","0111","Wheat","2015","2015","ha","1029318","A","Official value",""
"QCL","Crops and livestock products","348","Hungary","5412","Yield","0111","Wheat","2015","2015","kg/ha","5179.6","A","Official value",""
"QCL","Crops and livestock products","348","Hungary","5510","Production","0111","Wheat","2015","2015","t","5331426","A","Official value",""
"QCL","Crops and livestock products","348","Hungary","5312","Area harvested","0111","Wheat","2016","2016","ha","1044314","A","Official value",""
"QCL","Crops and livestock products","348","Hungary","5412","Yield","0111","Wheat","2016","2016","kg/ha","5365.4","A","Official value",""
"QCL","Crops and livestock products","348","Hungary","5510","Production","0111","Wheat","2016","2016","t","5603184","A","Official value",""
"QCL","Crops and livestock products","348","Hungary","5312","Area harvested","0111","Wheat","2017","2017","ha","966400","A","Official value",""
"QCL","Crops and livestock products","348","Hungary","5412","Yield","0111","Wheat","2017","2017","kg/ha","5428.7","A","Official value",""
"QCL","Crops and livestock products","348","Hungary","5510","Production","0111","Wheat","2017","2017","t","5246258","A","Official value",""
"QCL","Crops and livestock products","348","Hungary","5312","Area harvested","0111","Wheat","2018","2018","ha","1026150","A","Official value",""
"QCL","Crops and livestock products","348","Hungary","5412","Yield","0111","Wheat","2018","2018","kg/ha","5124.4","A","Official value",""
"QCL","Crops and livestock products","348","Hungary","5510","Production","0111","Wheat","2018","2018","t","5258430","A","Official value",""
"QCL","Crops and livestock products","348","Hungary","5312","Area harvested","0111","Wheat","2019","2019","ha","1015640","A","Official value",""
"QCL","Crops and livestock products","348","Hungary","5412","Yield","0111","Wheat","2019","2019","kg/ha","5294.9","A","Official value",""
"QCL","Crops and livestock products","348","Hungary","5510","Production","0111","Wheat","2019","2019","t","5377710","A","Official value",""
"QCL","Crops and livestock products","348","Hungary","5312","Area harvested","0111","Wheat","2020","2020","ha","936620","A","Official value",""
"QCL","Crops and livestock products","348","Hungary","5412","Yield","0111","Wheat","2020","2020","kg/ha","5468","A","Official value",""
"QCL","Crops and livestock products","348","Hungary","5510","Production","0111","Wheat","2020","2020","t","5121480","A","Official value",""
"QCL","Crops and livestock products","348","Hungary","5312","Area harvested","0111","Wheat","2021","2021","ha","892790","A","Official value",""
"QCL","Crops and livestock products","348","Hungary","5412","Yield","0111","Wheat","2021","2021","kg/ha","5925.4","A","Official value",""
"QCL","Crops and livestock products","348","Hungary","5510","Production","0111","Wheat","2021","2021","t","5290140","A","Official value",""
"QCL","Crops and livestock products","348","Hungary","5312","Area harvested","0111","Wheat","2022","2022","ha","979010","A","Official value",""
"QCL","Crops and livestock products","348","Hungary","5412","Yield","0111","Wheat","2022","2022","kg/ha","4448.1","A","Official value",""
"QCL","Crops and livestock products","348","Hungary","5510","Production","0111","Wheat","2022","2022","t","4354710","A","Official value",""
"QCL","Crops and livestock products","348","Hungary","5312","Area harvested","0111","Wheat","2023","2023","ha","1053120","A","Official value",""
"QCL","Crops and livestock products","348","Hungary","5412","Yield","0111","Wheat","2023","2023","kg/ha","5642.3","A","Official value",""
"QCL","Crops and livestock products","348","Hungary","5510","Production","0111","Wheat","2023","2023","t","5941990","A","Official value",""
"QCL","Crops and livestock products","348","Hungary","5312","Area harvested","0111","Wheat","2024","2024","ha","922910","A","Official value",""
"QCL","Crops and livestock products","348","Hungary","5412","Yield","0111","Wheat","2024","2024","kg/ha","5713.4","A","Official value",""
"QCL","Crops and livestock products","348","Hungary","5510","Production","0111","Wheat","2024","2024","t","5272960","A","Official value",""
"QCL","Crops and livestock products","352","Iceland","5312","Area harvested","0111","Wheat","2015","2015","","","","",""
"QCL","Crops and livestock products","352","Iceland","5412","Yield","0111","Wheat","2015","2015","","","","",""
"QCL","Crops and livestock products","352","Iceland","5510","Production","0111","Wheat","2015","2015","","","","",""
"QCL","Crops and livestock products","352","Iceland","5312","Area harvested","0111","Wheat","2016","2016","","","","",""
"QCL","Crops and livestock products","352","Iceland","5412","Yield","0111","Wheat","2016","2016","","","","",""
"QCL","Crops and livestock products","352","Iceland","5510","Production","0111","Wheat","2016","2016","","","","",""
"QCL","Crops and livestock products","352","Iceland","5312","Area harvested","0111","Wheat","2017","2017","","","","",""
"QCL","Crops and livestock products","352","Iceland","5412","Yield","0111","Wheat","2017","2017","","","","",""
"QCL","Crops and livestock products","352","Iceland","5510","Production","0111","Wheat","2017","2017","","","","",""
"QCL","Crops and livestock products","352","Iceland","5312","Area harvested","0111","Wheat","2018","2018","","","","",""
"QCL","Crops and livestock products","352","Iceland","5412","Yield","0111","Wheat","2018","2018","","","","",""
"QCL","Crops and livestock products","352","Iceland","5510","Production","0111","Wheat","2018","2018","","","","",""
"QCL","Crops and livestock products","352","Iceland","5312","Area harvested","0111","Wheat","2019","2019","","","","",""
"QCL","Crops and livestock products","352","Iceland","5412","Yield","0111","Wheat","2019","2019","","","","",""
"QCL","Crops and livestock products","352","Iceland","5510","Production","0111","Wheat","2019","2019","","","","",""
"QCL","Crops and livestock products","352","Iceland","5312","Area harvested","0111","Wheat","2020","2020","","","","",""
"QCL","Crops and livestock products","352","Iceland","5412","Yield","0111","Wheat","2020","2020","","","","",""
"QCL","Crops and livestock products","352","Iceland","5510","Production","0111","Wheat","2020","2020","","","","",""
"QCL","Crops and livestock products","352","Iceland","5312","Area harvested","0111","Wheat","2021","2021","","","","",""
"QCL","Crops and livestock products","352","Iceland","5412","Yield","0111","Wheat","2021","2021","","","","",""
"QCL","Crops and livestock products","352","Iceland","5510","Production","0111","Wheat","2021","2021","","","","",""
"QCL","Crops and livestock products","352","Iceland","5312","Area harvested","0111","Wheat","2022","2022","","","","",""
"QCL","Crops and livestock products","352","Iceland","5412","Yield","0111","Wheat","2022","2022","","","","",""
"QCL","Crops and livestock products","352","Iceland","5510","Production","0111","Wheat","2022","2022","","","","",""
"QCL","Crops and livestock products","352","Iceland","5312","Area harvested","0111","Wheat","2023","2023","","","","",""
"QCL","Crops and livestock products","352","Iceland","5412","Yield","0111","Wheat","2023","2023","","","","",""
"QCL","Crops and livestock products","352","Iceland","5510","Production","0111","Wheat","2023","2023","","","","",""
"QCL","Crops and livestock products","352","Iceland","5312","Area harvested","0111","Wheat","2024","2024","","","","",""
"QCL","Crops and livestock products","352","Iceland","5412","Yield","0111","Wheat","2024","2024","","","","",""
"QCL","Crops and livestock products","352","Iceland","5510","Production","0111","Wheat","2024","2024","","","","",""
"QCL","Crops and livestock products","356","India","5312","Area harvested","0111","Wheat","2015","2015","ha","31470000","A","Official value",""
"QCL","Crops and livestock products","356","India","5412","Yield","0111","Wheat","2015","2015","kg/ha","2749.6","A","Official value",""
"QCL","Crops and livestock products","356","India","5510","Production","0111","Wheat","2015","2015","t","86530000","A","Official value",""
"QCL","Crops and livestock products","356","India","5312","Area harvested","0111","Wheat","2016","2016","ha","30420000","A","Official value",""
"QCL","Crops and livestock products","356","India","5412","Yield","0111","Wheat","2016","2016","kg/ha","3033.9","A","Official value",""
"QCL","Crops and livestock products","356","India","5510","Production","0111","Wheat","2016","2016","t","92290000","A","Official value",""
"QCL","Crops and livestock products","356","India","5312","Area harvested","0111","Wheat","2017","2017","ha","30785230","A","Official value",""
"QCL","Crops and livestock products","356","India","5412","Yield","0111","Wheat","2017","2017","kg/ha","3199.9","A","Official value",""
"QCL","Crops and livestock products","356","India","5510","Production","0111","Wheat","2017","2017","t","98510220","A","Official value",""
"QCL","Crops and livestock products","356","India","5312","Area harvested","0111","Wheat","2018","2018","ha","29650590","A","Official value",""
"QCL","Crops and livestock products","356","India","5412","Yield","0111","Wheat","2018","2018","kg/ha","3368.2","A","Official value",""
"QCL","Crops and livestock products","356","India","5510","Production","0111","Wheat","2018","2018","t","99869520","A","Official value",""
"QCL","Crops and livestock products","356","India","5312","Area harvested","0111","Wheat","2019","2019","ha","29318780","A","Official value",""
"QCL","Crops and livestock products","356","India","5412","Yield","0111","Wheat","2019","2019","kg/ha","3533.4","A","Official value",""
"QCL","Crops and livestock products","356","India","5510","Production","0111","Wheat","2019","2019","t","103596230","A","Official value",""
"QCL","Crops and livestock products","356","India","5312","Area harvested","0111","Wheat","2020","2020","ha","31357020","A","Official value",""
"QCL","Crops and livestock products","356","India","5412","Yield","0111","Wheat","2020","2020","kg/ha","3439.8","A","Official value",""
"QCL","Crops and livestock products","356","India","5510","Production","0111","Wheat","2020","2020","t","107860510","A","Official value",""
"QCL","Crops and livestock products","356","India","5312","Area harvested","0111","Wheat","2021","2021","ha","31125160","A","Official value",""
"QCL","Crops and livestock products","356","India","5412","Yield","0111","Wheat","2021","2021","kg/ha","3520.8","A","Official value",""
"QCL","Crops and livestock products","356","India","5510","Production","0111","Wheat","2021","2021","t","109586500","A","Official value",""
"QCL","Crops and livestock products","356","India","5312","Area harvested","0111","Wheat","2022","2022","ha","30458530","A","Official value",""
"QCL","Crops and livestock products","356","India","5412","Yield","0111","Wheat","2022","2022","kg/ha","3537.3","A","Official value",""
"QCL","Crops and livestock products","356","India","5510","Production","0111","Wheat","2022","2022","t","107742070","A","Official value",""
"QCL","Crops and livestock products","356","India","5312","Area harvested","0111","Wheat","2023","2023","ha","31400716","A","Official value",""
"QCL","Crops and livestock products","356","India","5412","Yield","0111","Wheat","2023","2023","kg/ha","3520.7","A","Official value",""
"QCL","Crops and livestock products","356","India","5510","Production","0111","Wheat","2023","2023","t","110553675.31","A","Official value",""
"QCL","Crops and livestock products","356","India","5312","Area harvested","0111","Wheat","2024","2024","ha","31832884","A","Official value",""
"QCL","Crops and livestock products","356","India","5412","Yield","0111","Wheat","2024","2024","kg/ha","3559","A","Official value",""
"QCL","Crops and livestock products","356","India","5510","Production","0111","Wheat","2024","2024","t","113292368","A","Official value",""
"QCL","Crops and livestock products","360","Indonesia","5312","Area harvested","0111","Wheat","2015","2015","","","","",""
"QCL","Crops and livestock products","360","Indonesia","5412","Yield","0111","Wheat","2015","2015","","","","",""
"QCL","Crops and livestock products","360","Indonesia","5510","Production","0111","Wheat","2015","2015","","","","",""
"QCL","Crops and livestock products","360","Indonesia","5312","Area harvested","0111","Wheat","2016","2016","","","","",""
"QCL","Crops and livestock products","360","Indonesia","5412","Yield","0111","Wheat","2016","2016","","","","",""
"QCL","Crops and livestock products","360","Indonesia","5510","Production","0111","Wheat","2016","2016","","","","",""
"QCL","Crops and livestock products","360","Indonesia","5312","Area harvested","0111","Wheat","2017","2017","","","","",""
"QCL","Crops and livestock products","360","Indonesia","5412","Yield","0111","Wheat","2017","2017","","","","",""
"QCL","Crops and livestock products","360","Indonesia","5510","Production","0111","Wheat","2017","2017","","","","",""
"QCL","Crops and livestock products","360","Indonesia","5312","Area harvested","0111","Wheat","2018","2018","","","","",""
"QCL","Crops and livestock products","360","Indonesia","5412","Yield","0111","Wheat","2018","2018","","","","",""
"QCL","Crops and livestock products","360","Indonesia","5510","Production","0111","Wheat","2018","2018","","","","",""
"QCL","Crops and livestock products","360","Indonesia","5312","Area harvested","0111","Wheat","2019","2019","","","","",""
"QCL","Crops and livestock products","360","Indonesia","5412","Yield","0111","Wheat","2019","2019","","","","",""
"QCL","Crops and livestock products","360","Indonesia","5510","Production","0111","Wheat","2019","2019","","","","",""
"QCL","Crops and livestock products","360","Indonesia","5312","Area harvested","0111","Wheat","2020","2020","","","","",""
"QCL","Crops and livestock products","360","Indonesia","5412","Yield","0111","Wheat","2020","2020","","","","",""
"QCL","Crops and livestock products","360","Indonesia","5510","Production","0111","Wheat","2020","2020","","","","",""
"QCL","Crops and livestock products","360","Indonesia","5312","Area harvested","0111","Wheat","2021","2021","","","","",""
"QCL","Crops and livestock products","360","Indonesia","5412","Yield","0111","Wheat","2021","2021","","","","",""
"QCL","Crops and livestock products","360","Indonesia","5510","Production","0111","Wheat","2021","2021","","","","",""
"QCL","Crops and livestock products","360","Indonesia","5312","Area harvested","0111","Wheat","2022","2022","","","","",""
"QCL","Crops and livestock products","360","Indonesia","5412","Yield","0111","Wheat","2022","2022","","","","",""
"QCL","Crops and livestock products","360","Indonesia","5510","Production","0111","Wheat","2022","2022","","","","",""
"QCL","Crops and livestock products","360","Indonesia","5312","Area harvested","0111","Wheat","2023","2023","","","","",""
"QCL","Crops and livestock products","360","Indonesia","5412","Yield","0111","Wheat","2023","2023","","","","",""
"QCL","Crops and livestock products","360","Indonesia","5510","Production","0111","Wheat","2023","2023","","","","",""
"QCL","Crops and livestock products","360","Indonesia","5312","Area harvested","0111","Wheat","2024","2024","","","","",""
"QCL","Crops and livestock products","360","Indonesia","5412","Yield","0111","Wheat","2024","2024","","","","",""
"QCL","Crops and livestock products","360","Indonesia","5510","Production","0111","Wheat","2024","2024","","","","",""
"QCL","Crops and livestock products","364","Iran (Islamic Republic of)","5312","Area harvested","0111","Wheat","2015","2015","ha","5715616","A","Official value",""
"QCL","Crops and livestock products","364","Iran (Islamic Republic of)","5412","Yield","0111","Wheat","2015","2015","kg/ha","2015.9","A","Official value",""
"QCL","Crops and livestock products","364","Iran (Islamic Republic of)","5510","Production","0111","Wheat","2015","2015","t","11522318","A","Official value",""
"QCL","Crops and livestock products","364","Iran (Islamic Republic of)","5312","Area harvested","0111","Wheat","2016","2016","ha","5928728","A","Official value",""
"QCL","Crops and livestock products","364","Iran (Islamic Republic of)","5412","Yield","0111","Wheat","2016","2016","kg/ha","2461.2","A","Official value",""
"QCL","Crops and livestock products","364","Iran (Islamic Republic of)","5510","Production","0111","Wheat","2016","2016","t","14592003","A","Official value",""
"QCL","Crops and livestock products","364","Iran (Islamic Republic of)","5312","Area harvested","0111","Wheat","2017","2017","ha","5437800","A","Official value",""
"QCL","Crops and livestock products","364","Iran (Islamic Republic of)","5412","Yield","0111","Wheat","2017","2017","kg/ha","2280.3","A","Official value",""
"QCL","Crops and livestock products","364","Iran (Islamic Republic of)","5510","Production","0111","Wheat","2017","2017","t","12400000","A","Official value",""
"QCL","Crops and livestock products","364","Iran (Islamic Republic of)","5312","Area harvested","0111","Wheat","2018","2018","ha","5400300","A","Official value",""
"QCL","Crops and livestock products","364","Iran (Islamic Republic of)","5412","Yield","0111","Wheat","2018","2018","kg/ha","2462.8","A","Official value",""
"QCL","Crops and livestock products","364","Iran (Islamic Republic of)","5510","Production","0111","Wheat","2018","2018","t","13300000","A","Official value",""
"QCL","Crops and livestock products","364","Iran (Islamic Republic of)","5312","Area harvested","0111","Wheat","2019","2019","ha","5864600","A","Official value",""
"QCL","Crops and livestock products","364","Iran (Islamic Republic of)","5412","Yield","0111","Wheat","2019","2019","kg/ha","2338.7","A","Official value",""
"QCL","Crops and livestock products","364","Iran (Islamic Republic of)","5510","Production","0111","Wheat","2019","2019","t","13715300","A","Official value",""
"QCL","Crops and livestock products","364","Iran (Islamic Republic of)","5312","Area harvested","0111","Wheat","2020","2020","ha","6004700","A","Official value",""
"QCL","Crops and livestock products","364","Iran (Islamic Republic of)","5412","Yield","0111","Wheat","2020","2020","kg/ha","2255","A","Official value",""
"QCL","Crops and livestock products","364","Iran (Islamic Republic of)","5510","Production","0111","Wheat","2020","2020","t","13540500","A","Official value",""
"QCL","Crops and livestock products","364","Iran (Islamic Republic of)","5312","Area harvested","0111","Wheat","2021","2021","ha","4918696","I","Value imputed by a receiving agency",""
"QCL","Crops and livestock products","364","Iran (Islamic Republic of)","5412","Yield","0111","Wheat","2021","2021","kg/ha","2263.2","E","Estimated value",""
"QCL","Crops and livestock products","364","Iran (Islamic Republic of)","5510","Production","0111","Wheat","2021","2021","t","11132000","A","Official value",""
"QCL","Crops and livestock products","364","Iran (Islamic Republic of)","5312","Area harvested","0111","Wheat","2022","2022","ha","5467655","I","Value imputed by a receiving agency",""
"QCL","Crops and livestock products","364","Iran (Islamic Republic of)","5412","Yield","0111","Wheat","2022","2022","kg/ha","2429.6","E","Estimated value",""
"QCL","Crops and livestock products","364","Iran (Islamic Republic of)","5510","Production","0111","Wheat","2022","2022","t","13284000","A","Official value",""
"QCL","Crops and livestock products","364","Iran (Islamic Republic of)","5312","Area harvested","0111","Wheat","2023","2023","ha","6572106","I","Value imputed by a receiving agency",""
"QCL","Crops and livestock products","364","Iran (Islamic Republic of)","5412","Yield","0111","Wheat","2023","2023","kg/ha","2528.9","E","Estimated value",""
"QCL","Crops and livestock products","364","Iran (Islamic Republic of)","5510","Production","0111","Wheat","2023","2023","t","16620000","A","Official value",""
"QCL","Crops and livestock products","364","Iran (Islamic Republic of)","5312","Area harvested","0111","Wheat","2024","2024","ha","6462608","I","Value imputed by a receiving agency",""
"QCL","Crops and livestock products","364","Iran (Islamic Republic of)","5412","Yield","0111","Wheat","2024","2024","kg/ha","2591.8","E","Estimated value",""
"QCL","Crops and livestock products","364","Iran (Islamic Republic of)","5510","Production","0111","Wheat","2024","2024","t","16750000","X","Value from external organization","Unofficial figure"
"QCL","Crops and livestock products","368","Iraq","5312","Area harvested","0111","Wheat","2015","2015","ha","924311","A","Official value",""
"QCL","Crops and livestock products","368","Iraq","5412","Yield","0111","Wheat","2015","2015","kg/ha","2861.7","A","Official value",""
"QCL","Crops and livestock products","368","Iraq","5510","Production","0111","Wheat","2015","2015","t","2645061","A","Official value",""
"QCL","Crops and livestock products","368","Iraq","5312","Area harvested","0111","Wheat","2016","2016","ha","920096","A","Official value",""
"QCL","Crops and livestock products","368","Iraq","5412","Yield","0111","Wheat","2016","2016","kg/ha","3318.1","A","Official value",""
"QCL","Crops and livestock products","368","Iraq","5510","Production","0111","Wheat","2016","2016","t","3052939","A","Official value",""
"QCL","Crops and livestock products","368","Iraq","5312","Area harvested","0111","Wheat","2017","2017","ha","1047531","A","Official value",""
"QCL","Crops and livestock products","368","Iraq","5412","Yield","0111","Wheat","2017","2017","kg/ha","2839.2","A","Official value",""
"QCL","Crops and livestock products","368","Iraq","5510","Production","0111","Wheat","2017","2017","t","2974136","A","Official value",""
"QCL","Crops and livestock products","368","Iraq","5312","Area harvested","0111","Wheat","2018","2018","ha","783721","A","Official value",""
"QCL","Crops and livestock products","368","Iraq","5412","Yield","0111","Wheat","2018","2018","kg/ha","2778.9","A","Official value",""
"QCL","Crops and livestock products","368","Iraq","5510","Production","0111","Wheat","2018","2018","t","2177885","A","Official value",""
"QCL","Crops and livestock products","368","Iraq","5312","Area harvested","0111","Wheat","2019","2019","ha","1543316","A","Official value",""
"QCL","Crops and livestock products","368","Iraq","5412","Yield","0111","Wheat","2019","2019","kg/ha","2814.4","A","Official value",""
"QCL","Crops and livestock products","368","Iraq","5510","Production","0111","Wheat","2019","2019","t","4343473","A","Official value",""
"QCL","Crops and livestock products","368","Iraq","5312","Area harvested","0111","Wheat","2020","2020","ha","2118691","A","Official value",""
"QCL","Crops and livestock products","368","Iraq","5412","Yield","0111","Wheat","2020","2020","kg/ha","2944.5","A","Official value",""
"QCL","Crops and livestock products","368","Iraq","5510","Production","0111","Wheat","2020","2020","t","6238392","A","Official value",""
"QCL","Crops and livestock products","368","Iraq","5312","Area harvested","0111","Wheat","2021","2021","ha","1591803","A","Official value",""
"QCL","Crops and livestock products","368","Iraq","5412","Yield","0111","Wheat","2021","2021","kg/ha","2659.7","A","Official value",""
"QCL","Crops and livestock products","368","Iraq","5510","Production","0111","Wheat","2021","2021","t","4233714","A","Official value",""
"QCL","Crops and livestock products","368","Iraq","5312","Area harvested","0111","Wheat","2022","2022","ha","997587","A","Official value",""
"QCL","Crops and livestock products","368","Iraq","5412","Yield","0111","Wheat","2022","2022","kg/ha","2771.4","A","Official value",""
"QCL","Crops and livestock products","368","Iraq","5510","Production","0111","Wheat","2022","2022","t","2764692","A","Official value",""
"QCL","Crops and livestock products","368","Iraq","5312","Area harvested","0111","Wheat","2023","2023","ha","1668077","A","Official value",""
"QCL","Crops and livestock products","368","Iraq","5412","Yield","0111","Wheat","2023","2023","kg/ha","2546.5","A","Official value",""
"QCL","Crops and livestock products","368","Iraq","5510","Production","0111","Wheat","2023","2023","t","4247726","A","Official value",""
"QCL","Crops and livestock products","368","Iraq","5312","Area harvested","0111","Wheat","2024","2024","ha","2029795","A","Official value",""
"QCL","Crops and livestock products","368","Iraq","5412","Yield","0111","Wheat","2024","2024","kg/ha","2578.7","A","Official value",""
"QCL","Crops and livestock products","368","Iraq","5510","Production","0111","Wheat","2024","2024","t","5234171","A","Official value",""
"QCL","Crops and livestock products","372","Ireland","5312","Area harvested","0111","Wheat","2015","2015","ha","65300","A","Official value",""
"QCL","Crops and livestock products","372","Ireland","5412","Yield","0111","Wheat","2015","2015","kg/ha","10667.7","A","Official value",""
"QCL","Crops and livestock products","372","Ireland","5510","Production","0111","Wheat","2015","2015","t","696600","A","Official value",""
"QCL","Crops and livestock products","372","Ireland","5312","Area harvested","0111","Wheat","2016","2016","ha","67900","A","Official value",""
"QCL","Crops and livestock products","372","Ireland","5412","Yield","0111","Wheat","2016","2016","kg/ha","9539","A","Official value",""
"QCL","Crops and livestock products","372","Ireland","5510","Production","0111","Wheat","2016","2016","t","647700","A","Official value",""
"QCL","Crops and livestock products","372","Ireland","5312","Area harvested","0111","Wheat","2017","2017","ha","67047","A","Official value",""
"QCL","Crops and livestock products","372","Ireland","5412","Yield","0111","Wheat","2017","2017","kg/ha","10167.2","A","Official value",""
"QCL","Crops and livestock products","372","Ireland","5510","Production","0111","Wheat","2017","2017","t","681679","A","Official value",""
"QCL","Crops and livestock products","372","Ireland","5312","Area harvested","0111","Wheat","2018","2018","ha","57980","A","Official value",""
"QCL","Crops and livestock products","372","Ireland","5412","Yield","0111","Wheat","2018","2018","kg/ha","8373.2","A","Official value",""
"QCL","Crops and livestock products","372","Ireland","5510","Production","0111","Wheat","2018","2018","t","485480","A","Official value",""
"QCL","Crops and livestock products","372","Ireland","5312","Area harvested","0111","Wheat","2019","2019","ha","63480","A","Official value",""
"QCL","Crops and livestock products","372","Ireland","5412","Yield","0111","Wheat","2019","2019","kg/ha","9378.7","A","Official value",""
"QCL","Crops and livestock products","372","Ireland","5510","Production","0111","Wheat","2019","2019","t","595360","A","Official value",""
"QCL","Crops and livestock products","372","Ireland","5312","Area harvested","0111","Wheat","2020","2020","ha","46990","A","Official value",""
"QCL","Crops and livestock products","372","Ireland","5412","Yield","0111","Wheat","2020","2020","kg/ha","7765.9","A","Official value",""
"QCL","Crops and livestock products","372","Ireland","5510","Production","0111","Wheat","2020","2020","t","364920","A","Official value",""
"QCL","Crops and livestock products","372","Ireland","5312","Area harvested","0111","Wheat","2021","2021","ha","62330","A","Official value",""
"QCL","Crops and livestock products","372","Ireland","5412","Yield","0111","Wheat","2021","2021","kg/ha","10076.7","A","Official value",""
"QCL","Crops and livestock products","372","Ireland","5510","Production","0111","Wheat","2021","2021","t","628080","A","Official value",""
"QCL","Crops and livestock products","372","Ireland","5312","Area harvested","0111","Wheat","2022","2022","ha","67230","A","Official value",""
"QCL","Crops and livestock products","372","Ireland","5412","Yield","0111","Wheat","2022","2022","kg/ha","10430.5","A","Official value",""
"QCL","Crops and livestock products","372","Ireland","5510","Production","0111","Wheat","2022","2022","t","701240","A","Official value",""
"QCL","Crops and livestock products","372","Ireland","5312","Area harvested","0111","Wheat","2023","2023","ha","55780","A","Official value",""
"QCL","Crops and livestock products","372","Ireland","5412","Yield","0111","Wheat","2023","2023","kg/ha","8661","A","Official value",""
"QCL","Crops and livestock products","372","Ireland","5510","Production","0111","Wheat","2023","2023","t","483110","A","Official value",""
"QCL","Crops and livestock products","372","Ireland","5312","Area harvested","0111","Wheat","2024","2024","ha","47730","A","Official value",""
"QCL","Crops and livestock products","372","Ireland","5412","Yield","0111","Wheat","2024","2024","kg/ha","8139.7","A","Official value",""
"QCL","Crops and livestock products","372","Ireland","5510","Production","0111","Wheat","2024","2024","t","388510","A","Official value",""
"QCL","Crops and livestock products","376","Israel","5312","Area harvested","0111","Wheat","2015","2015","ha","50800","A","Official value",""
"QCL","Crops and livestock products","376","Israel","5412","Yield","0111","Wheat","2015","2015","kg/ha","3405.5","A","Official value",""
"QCL","Crops and livestock products","376","Israel","5510","Production","0111","Wheat","2015","2015","t","173000","A","Official value",""
"QCL","Crops and livestock products","376","Israel","5312","Area harvested","0111","Wheat","2016","2016","ha","43700","A","Official value",""
"QCL","Crops and livestock products","376","Israel","5412","Yield","0111","Wheat","2016","2016","kg/ha","3844.4","A","Official value",""
"QCL","Crops and livestock products","376","Israel","5510","Production","0111","Wheat","2016","2016","t","168000","A","Official value",""
"QCL","Crops and livestock products","376","Israel","5312","Area harvested","0111","Wheat","2017","2017","ha","44800","A","Official value",""
"QCL","Crops and livestock products","376","Israel","5412","Yield","0111","Wheat","2017","2017","kg/ha","1611.6","A","Official value",""
"QCL","Crops and livestock products","376","Israel","5510","Production","0111","Wheat","2017","2017","t","72200","A","Official value",""
"QCL","Crops and livestock products","376","Israel","5312","Area harvested","0111","Wheat","2018","2018","ha","52900","A","Official value",""
"QCL","Crops and livestock products","376","Israel","5412","Yield","0111","Wheat","2018","2018","kg/ha","1332.7","A","Official value",""
"QCL","Crops and livestock products","376","Israel","5510","Production","0111","Wheat","2018","2018","t","70500","A","Official value",""
"QCL","Crops and livestock products","376","Israel","5312","Area harvested","0111","Wheat","2019","2019","ha","41300","A","Official value",""
"QCL","Crops and livestock products","376","Israel","5412","Yield","0111","Wheat","2019","2019","kg/ha","2052.1","A","Official value",""
"QCL","Crops and livestock products","376","Israel","5510","Production","0111","Wheat","2019","2019","t","84750","A","Official value",""
"QCL","Crops and livestock products","376","Israel","5312","Area harvested","0111","Wheat","2020","2020","ha","50710","A","Official value",""
"QCL","Crops and livestock products","376","Israel","5412","Yield","0111","Wheat","2020","2020","kg/ha","2301.1","A","Official value",""
"QCL","Crops and livestock products","376","Israel","5510","Production","0111","Wheat","2020","2020","t","116691","A","Official value",""
"QCL","Crops and livestock products","376","Israel","5312","Area harvested","0111","Wheat","2021","2021","ha","112390","A","Official value",""
"QCL","Crops and livestock products","376","Israel","5412","Yield","0111","Wheat","2021","2021","kg/ha","1334.6","A","Official value",""
"QCL","Crops and livestock products","376","Israel","5510","Production","0111","Wheat","2021","2021","t","150000","A","Official value",""
"QCL","Crops and livestock products","376","Israel","5312","Area harvested","0111","Wheat","2022","2022","ha","39330","A","Official value",""
"QCL","Crops and livestock products","376","Israel","5412","Yield","0111","Wheat","2022","2022","kg/ha","3600.3","A","Official value",""
"QCL","Crops and livestock products","376","Israel","5510","Production","0111","Wheat","2022","2022","t","141600","A","Official value",""
"QCL","Crops and livestock products","376","Israel","5312","Area harvested","0111","Wheat","2023","2023","ha","52760","A","Official value",""
"QCL","Crops and livestock products","376","Israel","5412","Yield","0111","Wheat","2023","2023","kg/ha","2843.1","A","Official value",""
"QCL","Crops and livestock products","376","Israel","5510","Production","0111","Wheat","2023","2023","t","150000","A","Official value",""
"QCL","Crops and livestock products","376","Israel","5312","Area harvested","0111","Wheat","2024","2024","ha","53910","A","Official value",""
"QCL","Crops and livestock products","376","Israel","5412","Yield","0111","Wheat","2024","2024","kg/ha","1675.9","A","Official value",""
"QCL","Crops and livestock products","376","Israel","5510","Production","0111","Wheat","2024","2024","t","90350","A","Official value",""
"QCL","Crops and livestock products","380","Italy","5312","Area harvested","0111","Wheat","2015","2015","ha","1882516","A","Official value",""
"QCL","Crops and livestock products","380","Italy","5412","Yield","0111","Wheat","2015","2015","kg/ha","3928","A","Official value",""
"QCL","Crops and livestock products","380","Italy","5510","Production","0111","Wheat","2015","2015","t","7394494.7","A","Official value",""
"QCL","Crops and livestock products","380","Italy","5312","Area harvested","0111","Wheat","2016","2016","ha","1912418","A","Official value",""
"QCL","Crops and livestock products","380","Italy","5412","Yield","0111","Wheat","2016","2016","kg/ha","4203","A","Official value",""
"QCL","Crops and livestock products","380","Italy","5510","Production","0111","Wheat","2016","2016","t","8037872.1","A","Official value",""
"QCL","Crops and livestock products","380","Italy","5312","Area harvested","0111","Wheat","2017","2017","ha","1806572","A","Official value",""
"QCL","Crops and livestock products","380","Italy","5412","Yield","0111","Wheat","2017","2017","kg/ha","3856.2","A","Official value",""
"QCL","Crops and livestock products","380","Italy","5510","Production","0111","Wheat","2017","2017","t","6966465","A","Official value",""
"QCL","Crops and livestock products","380","Italy","5312","Area harvested","0111","Wheat","2018","2018","ha","1821730","A","Official value",""
"QCL","Crops and livestock products","380","Italy","5412","Yield","0111","Wheat","2018","2018","kg/ha","3899.9","A","Official value",""
"QCL","Crops and livestock products","380","Italy","5510","Production","0111","Wheat","2018","2018","t","7104650","A","Official value",""
"QCL","Crops and livestock products","380","Italy","5312","Area harvested","0111","Wheat","2019","2019","ha","1754640","A","Official value",""
"QCL","Crops and livestock products","380","Italy","5412","Yield","0111","Wheat","2019","2019","kg/ha","3840.9","A","Official value",""
"QCL","Crops and livestock products","380","Italy","5510","Production","0111","Wheat","2019","2019","t","6739470","A","Official value",""
"QCL","Crops and livestock products","380","Italy","5312","Area harvested","0111","Wheat","2020","2020","ha","1711220","A","Official value",""
"QCL","Crops and livestock products","380","Italy","5412","Yield","0111","Wheat","2020","2020","kg/ha","3924.8","A","Official value",""
"QCL","Crops and livestock products","380","Italy","5510","Production","0111","Wheat","2020","2020","t","6716180","A","Official value",""
"QCL","Crops and livestock products","380","Italy","5312","Area harvested","0111","Wheat","2021","2021","ha","1726610","A","Official value",""
"QCL","Crops and livestock products","380","Italy","5412","Yield","0111","Wheat","2021","2021","kg/ha","4224.8","A","Official value",""
"QCL","Crops and livestock products","380","Italy","5510","Production","0111","Wheat","2021","2021","t","7294570","A","Official value",""
"QCL","Crops and livestock products","380","Italy","5312","Area harvested","0111","Wheat","2022","2022","ha","1776730","A","Official value",""
"QCL","Crops and livestock products","380","Italy","5412","Yield","0111","Wheat","2022","2022","kg/ha","3720","A","Official value",""
"QCL","Crops and livestock products","380","Italy","5510","Production","0111","Wheat","2022","2022","t","6609520","A","Official value",""
"QCL","Crops and livestock products","380","Italy","5312","Area harvested","0111","Wheat","2023","2023","ha","1867560","A","Official value",""
"QCL","Crops and livestock products","380","Italy","5412","Yield","0111","Wheat","2023","2023","kg/ha","3691.7","A","Official value",""
"QCL","Crops and livestock products","380","Italy","5510","Production","0111","Wheat","2023","2023","t","6894470","A","Official value",""
"QCL","Crops and livestock products","380","Italy","5312","Area harvested","0111","Wheat","2024","2024","ha","1697750","A","Official value",""
"QCL","Crops and livestock products","380","Italy","5412","Yield","0111","Wheat","2024","2024","kg/ha","3659.7","A","Official value",""
"QCL","Crops and livestock products","380","Italy","5510","Production","0111","Wheat","2024","2024","t","6213210","A","Official value",""
"QCL","Crops and livestock products","388","Jamaica","5312","Area harvested","0111","Wheat","2015","2015","","","","",""
"QCL","Crops and livestock products","388","Jamaica","5412","Yield","0111","Wheat","2015","2015","","","","",""
"QCL","Crops and livestock products","388","Jamaica","5510","Production","0111","Wheat","2015","2015","","","","",""
"QCL","Crops and livestock products","388","Jamaica","5312","Area harvested","0111","Wheat","2016","2016","","","","",""
"QCL","Crops and livestock products","388","Jamaica","5412","Yield","0111","Wheat","2016","2016","","","","",""
"QCL","Crops and livestock products","388","Jamaica","5510","Production","0111","Wheat","2016","2016","","","","",""
"QCL","Crops and livestock products","388","Jamaica","5312","Area harvested","0111","Wheat","2017","2017","","","","",""
"QCL","Crops and livestock products","388","Jamaica","5412","Yield","0111","Wheat","2017","2017","","","","",""
"QCL","Crops and livestock products","388","Jamaica","5510","Production","0111","Wheat","2017","2017","","","","",""
"QCL","Crops and livestock products","388","Jamaica","5312","Area harvested","0111","Wheat","2018","2018","","","","",""
"QCL","Crops and livestock products","388","Jamaica","5412","Yield","0111","Wheat","2018","2018","","","","",""
"QCL","Crops and livestock products","388","Jamaica","5510","Production","0111","Wheat","2018","2018","","","","",""
"QCL","Crops and livestock products","388","Jamaica","5312","Area harvested","0111","Wheat","2019","2019","","","","",""
"QCL","Crops and livestock products","388","Jamaica","5412","Yield","0111","Wheat","2019","2019","","","","",""
"QCL","Crops and livestock products","388","Jamaica","5510","Production","0111","Wheat","2019","2019","","","","",""
"QCL","Crops and livestock products","388","Jamaica","5312","Area harvested","0111","Wheat","2020","2020","","","","",""
"QCL","Crops and livestock products","388","Jamaica","5412","Yield","0111","Wheat","2020","2020","","","","",""
"QCL","Crops and livestock products","388","Jamaica","5510","Production","0111","Wheat","2020","2020","","","","",""
"QCL","Crops and livestock products","388","Jamaica","5312","Area harvested","0111","Wheat","2021","2021","","","","",""
"QCL","Crops and livestock products","388","Jamaica","5412","Yield","0111","Wheat","2021","2021","","","","",""
"QCL","Crops and livestock products","388","Jamaica","5510","Production","0111","Wheat","2021","2021","","","","",""
"QCL","Crops and livestock products","388","Jamaica","5312","Area harvested","0111","Wheat","2022","2022","","","","",""
"QCL","Crops and livestock products","388","Jamaica","5412","Yield","0111","Wheat","2022","2022","","","","",""
"QCL","Crops and livestock products","388","Jamaica","5510","Production","0111","Wheat","2022","2022","","","","",""
"QCL","Crops and livestock products","388","Jamaica","5312","Area harvested","0111","Wheat","2023","2023","","","","",""
"QCL","Crops and livestock products","388","Jamaica","5412","Yield","0111","Wheat","2023","2023","","","","",""
"QCL","Crops and livestock products","388","Jamaica","5510","Production","0111","Wheat","2023","2023","","","","",""
"QCL","Crops and livestock products","388","Jamaica","5312","Area harvested","0111","Wheat","2024","2024","","","","",""
"QCL","Crops and livestock products","388","Jamaica","5412","Yield","0111","Wheat","2024","2024","","","","",""
"QCL","Crops and livestock products","388","Jamaica","5510","Production","0111","Wheat","2024","2024","","","","",""
"QCL","Crops and livestock products","392","Japan","5312","Area harvested","0111","Wheat","2015","2015","ha","213100","A","Official value",""
"QCL","Crops and livestock products","392","Japan","5412","Yield","0111","Wheat","2015","2015","kg/ha","4711.4","A","Official value",""
"QCL","Crops and livestock products","392","Japan","5510","Production","0111","Wheat","2015","2015","t","1004000","A","Official value",""
"QCL","Crops and livestock products","392","Japan","5312","Area harvested","0111","Wheat","2016","2016","ha","214400","A","Official value",""
"QCL","Crops and livestock products","392","Japan","5412","Yield","0111","Wheat","2016","2016","kg/ha","3688.4","A","Official value",""
"QCL","Crops and livestock products","392","Japan","5510","Production","0111","Wheat","2016","2016","t","790800","A","Official value",""
"QCL","Crops and livestock products","392","Japan","5312","Area harvested","0111","Wheat","2017","2017","ha","212300","A","Official value",""
"QCL","Crops and livestock products","392","Japan","5412","Yield","0111","Wheat","2017","2017","kg/ha","4270.8","A","Official value",""
"QCL","Crops and livestock products","392","Japan","5510","Production","0111","Wheat","2017","2017","t","906700","A","Official value",""
"QCL","Crops and livestock products","392","Japan","5312","Area harvested","0111","Wheat","2018","2018","ha","211900","A","Official value",""
"QCL","Crops and livestock products","392","Japan","5412","Yield","0111","Wheat","2018","2018","kg/ha","3609.7","A","Official value",""
"QCL","Crops and livestock products","392","Japan","5510","Production","0111","Wheat","2018","2018","t","764900","A","Official value",""
"QCL","Crops and livestock products","392","Japan","5312","Area harvested","0111","Wheat","2019","2019","ha","211600","A","Official value",""
"QCL","Crops and livestock products","392","Japan","5412","Yield","0111","Wheat","2019","2019","kg/ha","4900.8","A","Official value",""
"QCL","Crops and livestock products","392","Japan","5510","Production","0111","Wheat","2019","2019","t","1037000","A","Official value",""
"QCL","Crops and livestock products","392","Japan","5312","Area harvested","0111","Wheat","2020","2020","ha","212600","A","Official value",""
"QCL","Crops and livestock products","392","Japan","5412","Yield","0111","Wheat","2020","2020","kg/ha","4465.2","A","Official value",""
"QCL","Crops and livestock products","392","Japan","5510","Production","0111","Wheat","2020","2020","t","949300","A","Official value",""
"QCL","Crops and livestock products","392","Japan","5312","Area harvested","0111","Wheat","2021","2021","ha","220000","A","Official value",""
"QCL","Crops and livestock products","392","Japan","5412","Yield","0111","Wheat","2021","2021","kg/ha","4986.4","A","Official value",""
"QCL","Crops and livestock products","392","Japan","5510","Production","0111","Wheat","2021","2021","t","1097000","A","Official value",""
"QCL","Crops and livestock products","392","Japan","5312","Area harvested","0111","Wheat","2022","2022","ha","227300","A","Official value",""
"QCL","Crops and livestock products","392","Japan","5412","Yield","0111","Wheat","2022","2022","kg/ha","4370.9","A","Official value",""
"QCL","Crops and livestock products","392","Japan","5510","Production","0111","Wheat","2022","2022","t","993500","A","Official value",""
"QCL","Crops and livestock products","392","Japan","5312","Area harvested","0111","Wheat","2023","2023","ha","231700","A","Official value",""
"QCL","Crops and livestock products","392","Japan","5412","Yield","0111","Wheat","2023","2023","kg/ha","4721.6","A","Official value",""
"QCL","Crops and livestock products","392","Japan","5510","Production","0111","Wheat","2023","2023","t","1094000","A","Official value",""
"QCL","Crops and livestock products","392","Japan","5312","Area harvested","0111","Wheat","2024","2024","ha","231800","A","Official value",""
"QCL","Crops and livestock products","392","Japan","5412","Yield","0111","Wheat","2024","2024","kg/ha","4439.2","A","Official value",""
"QCL","Crops and livestock products","392","Japan","5510","Production","0111","Wheat","2024","2024","t","1029000","A","Official value",""
"QCL","Crops and livestock products","400","Jordan","5312","Area harvested","0111","Wheat","2015","2015","ha","22255","A","Official value",""
"QCL","Crops and livestock products","400","Jordan","5412","Yield","0111","Wheat","2015","2015","kg/ha","985.2","A","Official value",""
"QCL","Crops and livestock products","400","Jordan","5510","Production","0111","Wheat","2015","2015","t","21925","A","Official value",""
"QCL","Crops and livestock products","400","Jordan","5312","Area harvested","0111","Wheat","2016","2016","ha","24088","A","Official value",""
"QCL","Crops and livestock products","400","Jordan","5412","Yield","0111","Wheat","2016","2016","kg/ha","1293.2","A","Official value",""
"QCL","Crops and livestock products","400","Jordan","5510","Production","0111","Wheat","2016","2016","t","31150","A","Official value",""
"QCL","Crops and livestock products","400","Jordan","5312","Area harvested","0111","Wheat","2017","2017","ha","8162","A","Official value",""
"QCL","Crops and livestock products","400","Jordan","5412","Yield","0111","Wheat","2017","2017","kg/ha","1483.7","A","Official value",""
"QCL","Crops and livestock products","400","Jordan","5510","Production","0111","Wheat","2017","2017","t","12110","A","Official value",""
"QCL","Crops and livestock products","400","Jordan","5312","Area harvested","0111","Wheat","2018","2018","ha","10894","A","Official value",""
"QCL","Crops and livestock products","400","Jordan","5412","Yield","0111","Wheat","2018","2018","kg/ha","1504.5","A","Official value",""
"QCL","Crops and livestock products","400","Jordan","5510","Production","0111","Wheat","2018","2018","t","16389","A","Official value",""
"QCL","Crops and livestock products","400","Jordan","5312","Area harvested","0111","Wheat","2019","2019","ha","11018","A","Official value",""
"QCL","Crops and livestock products","400","Jordan","5412","Yield","0111","Wheat","2019","2019","kg/ha","2392.5","A","Official value",""
"QCL","Crops and livestock products","400","Jordan","5510","Production","0111","Wheat","2019","2019","t","26361","A","Official value",""
"QCL","Crops and livestock products","400","Jordan","5312","Area harvested","0111","Wheat","2020","2020","ha","11508","A","Official value",""
"QCL","Crops and livestock products","400","Jordan","5412","Yield","0111","Wheat","2020","2020","kg/ha","2237.5","A","Official value",""
"QCL","Crops and livestock products","400","Jordan","5510","Production","0111","Wheat","2020","2020","t","25749","A","Official value",""
"QCL","Crops and livestock products","400","Jordan","5312","Area harvested","0111","Wheat","2021","2021","ha","12305","A","Official value",""
"QCL","Crops and livestock products","400","Jordan","5412","Yield","0111","Wheat","2021","2021","kg/ha","2097.3","A","Official value",""
"QCL","Crops and livestock products","400","Jordan","5510","Production","0111","Wheat","2021","2021","t","25806","A","Official value",""
"QCL","Crops and livestock products","400","Jordan","5312","Area harvested","0111","Wheat","2022","2022","ha","11026","A","Official value",""
"QCL","Crops and livestock products","400","Jordan","5412","Yield","0111","Wheat","2022","2022","kg/ha","1891.7","A","Official value",""
"QCL","Crops and livestock products","400","Jordan","5510","Production","0111","Wheat","2022","2022","t","20858","A","Official value",""
"QCL","Crops and livestock products","400","Jordan","5312","Area harvested","0111","Wheat","2023","2023","ha","12110","A","Official value",""
"QCL","Crops and livestock products","400","Jordan","5412","Yield","0111","Wheat","2023","2023","kg/ha","2204.5","A","Official value",""
"QCL","Crops and livestock products","400","Jordan","5510","Production","0111","Wheat","2023","2023","t","26697.5","A","Official value",""
"QCL","Crops and livestock products","400","Jordan","5312","Area harvested","0111","Wheat","2024","2024","ha","15617","A","Official value",""
"QCL","Crops and livestock products","400","Jordan","5412","Yield","0111","Wheat","2024","2024","kg/ha","2204.5","A","Official value",""
"QCL","Crops and livestock products","400","Jordan","5510","Production","0111","Wheat","2024","2024","t","34428.59","A","Official value",""
"QCL","Crops and livestock products","398","Kazakhstan","5312","Area harvested","0111","Wheat","2015","2015","ha","11569536","A","Official value",""
"QCL","Crops and livestock products","398","Kazakhstan","5412","Yield","0111","Wheat","2015","2015","kg/ha","1188.2","A","Official value",""
"QCL","Crops and livestock products","398","Kazakhstan","5510","Production","0111","Wheat","2015","2015","t","13746967","A","Official value",""
"QCL","Crops and livestock products","398","Kazakhstan","5312","Area harvested","0111","Wheat","2016","2016","ha","12373452","A","Official value",""
"QCL","Crops and livestock products","398","Kazakhstan","5412","Yield","0111","Wheat","2016","2016","kg/ha","1211.1","A","Official value",""
"QCL","Crops and livestock products","398","Kazakhstan","5510","Production","0111","Wheat","2016","2016","t","14985379","A","Official value",""
"QCL","Crops and livestock products","398","Kazakhstan","5312","Area harvested","0111","Wheat","2017","2017","ha","11911989","A","Official value",""
"QCL","Crops and livestock products","398","Kazakhstan","5412","Yield","0111","Wheat","2017","2017","kg/ha","1242.7","A","Official value",""
"QCL","Crops and livestock products","398","Kazakhstan","5510","Production","0111","Wheat","2017","2017","t","14802865","A","Official value",""
"QCL","Crops and livestock products","398","Kazakhstan","5312","Area harvested","0111","Wheat","2018","2018","ha","11354380","A","Official value",""
"QCL","Crops and livestock products","398","Kazakhstan","5412","Yield","0111","Wheat","2018","2018","kg/ha","1228.1","A","Official value",""
"QCL","Crops and livestock products","398","Kazakhstan","5510","Production","0111","Wheat","2018","2018","t","13944108","A","Official value",""
"QCL","Crops and livestock products","398","Kazakhstan","5312","Area harvested","0111","Wheat","2019","2019","ha","11296643","A","Official value",""
"QCL","Crops and livestock products","398","Kazakhstan","5412","Yield","0111","Wheat","2019","2019","kg/ha","1013.7","A","Official value",""
"QCL","Crops and livestock products","398","Kazakhstan","5510","Production","0111","Wheat","2019","2019","t","11451648.71","A","Official value",""
"QCL","Crops and livestock products","398","Kazakhstan","5312","Area harvested","0111","Wheat","2020","2020","ha","12057071","A","Official value",""
"QCL","Crops and livestock products","398","Kazakhstan","5412","Yield","0111","Wheat","2020","2020","kg/ha","1182.5","A","Official value",""
"QCL","Crops and livestock products","398","Kazakhstan","5510","Production","0111","Wheat","2020","2020","t","14257950.14","A","Official value",""
"QCL","Crops and livestock products","398","Kazakhstan","5312","Area harvested","0111","Wheat","2021","2021","ha","12719434","A","Official value",""
"QCL","Crops and livestock products","398","Kazakhstan","5412","Yield","0111","Wheat","2021","2021","kg/ha","928.8","A","Official value",""
"QCL","Crops and livestock products","398","Kazakhstan","5510","Production","0111","Wheat","2021","2021","t","11814123.97","A","Official value",""
"QCL","Crops and livestock products","398","Kazakhstan","5312","Area harvested","0111","Wheat","2022","2022","ha","12889831","A","Official value",""
"QCL","Crops and livestock products","398","Kazakhstan","5412","Yield","0111","Wheat","2022","2022","kg/ha","1272.7","A","Official value",""
"QCL","Crops and livestock products","398","Kazakhstan","5510","Production","0111","Wheat","2022","2022","t","16404491.25","A","Official value",""
"QCL","Crops and livestock products","398","Kazakhstan","5312","Area harvested","0111","Wheat","2023","2023","ha","13129837","A","Official value",""
"QCL","Crops and livestock products","398","Kazakhstan","5412","Yield","0111","Wheat","2023","2023","kg/ha","922.4","A","Official value",""
"QCL","Crops and livestock products","398","Kazakhstan","5510","Production","0111","Wheat","2023","2023","t","12110913","A","Official value",""
"QCL","Crops and livestock products","398","Kazakhstan","5312","Area harvested","0111","Wheat","2024","2024","ha","13067082","A","Official value",""
"QCL","Crops and livestock products","398","Kazakhstan","5412","Yield","0111","Wheat","2024","2024","kg/ha","1421.6","A","Official value",""
"QCL","Crops and livestock products","398","Kazakhstan","5510","Production","0111","Wheat","2024","2024","t","18576694.15","A","Official value",""
"QCL","Crops and livestock products","404","Kenya","5312","Area harvested","0111","Wheat","2015","2015","ha","120256","A","Official value",""
"QCL","Crops and livestock products","404","Kenya","5412","Yield","0111","Wheat","2015","2015","kg/ha","1984.1","A","Official value",""
"QCL","Crops and livestock products","404","Kenya","5510","Production","0111","Wheat","2015","2015","t","238600","A","Official value",""
"QCL","Crops and livestock products","404","Kenya","5312","Area harvested","0111","Wheat","2016","2016","ha","153119","A","Official value",""
"QCL","Crops and livestock products","404","Kenya","5412","Yield","0111","Wheat","2016","2016","kg/ha","1402.2","A","Official value",""
"QCL","Crops and livestock products","404","Kenya","5510","Production","0111","Wheat","2016","2016","t","214700","A","Official value",""
"QCL","Crops and livestock products","404","Kenya","5312","Area harvested","0111","Wheat","2017","2017","ha","131309","A","Official value",""
"QCL","Crops and livestock products","404","Kenya","5412","Yield","0111","Wheat","2017","2017","kg/ha","1258.1","A","Official value",""
"QCL","Crops and livestock products","404","Kenya","5510","Production","0111","Wheat","2017","2017","t","165200","A","Official value",""
"QCL","Crops and livestock products","404","Kenya","5312","Area harvested","0111","Wheat","2018","2018","ha","133147","A","Official value",""
"QCL","Crops and livestock products","404","Kenya","5412","Yield","0111","Wheat","2018","2018","kg/ha","2528","A","Official value",""
"QCL","Crops and livestock products","404","Kenya","5510","Production","0111","Wheat","2018","2018","t","336600","A","Official value",""
"QCL","Crops and livestock products","404","Kenya","5312","Area harvested","0111","Wheat","2019","2019","ha","139307","A","Official value",""
"QCL","Crops and livestock products","404","Kenya","5412","Yield","0111","Wheat","2019","2019","kg/ha","2628.7","A","Official value",""
"QCL","Crops and livestock products","404","Kenya","5510","Production","0111","Wheat","2019","2019","t","366200","A","Official value",""
"QCL","Crops and livestock products","404","Kenya","5312","Area harvested","0111","Wheat","2020","2020","ha","132231","A","Official value",""
"QCL","Crops and livestock products","404","Kenya","5412","Yield","0111","Wheat","2020","2020","kg/ha","3060.6","A","Official value",""
"QCL","Crops and livestock products","404","Kenya","5510","Production","0111","Wheat","2020","2020","t","404700","A","Official value",""
"QCL","Crops and livestock products","404","Kenya","5312","Area harvested","0111","Wheat","2021","2021","ha","124880","A","Official value",""
"QCL","Crops and livestock products","404","Kenya","5412","Yield","0111","Wheat","2021","2021","kg/ha","2795.5","A","Official value",""
"QCL","Crops and livestock products","404","Kenya","5510","Production","0111","Wheat","2021","2021","t","349102","A","Official value",""
"QCL","Crops and livestock products","404","Kenya","5312","Area harvested","0111","Wheat","2022","2022","ha","119554","A","Official value",""
"QCL","Crops and livestock products","404","Kenya","5412","Yield","0111","Wheat","2022","2022","kg/ha","3083.9","A","Official value",""
"QCL","Crops and livestock products","404","Kenya","5510","Production","0111","Wheat","2022","2022","t","368696","A","Official value",""
"QCL","Crops and livestock products","404","Kenya","5312","Area harvested","0111","Wheat","2023","2023","ha","104440","A","Official value",""
"QCL","Crops and livestock products","404","Kenya","5412","Yield","0111","Wheat","2023","2023","kg/ha","2963.3","A","Official value",""
"QCL","Crops and livestock products","404","Kenya","5510","Production","0111","Wheat","2023","2023","t","309492","A","Official value",""
"QCL","Crops and livestock products","404","Kenya","5312","Area harvested","0111","Wheat","2024","2024","ha","102560","A","Official value",""
"QCL","Crops and livestock products","404","Kenya","5412","Yield","0111","Wheat","2024","2024","kg/ha","3044.1","A","Official value",""
"QCL","Crops and livestock products","404","Kenya","5510","Production","0111","Wheat","2024","2024","t","312200","A","Official value",""
"QCL","Crops and livestock products","296","Kiribati","5312","Area harvested","0111","Wheat","2015","2015","","","","",""
"QCL","Crops and livestock products","296","Kiribati","5412","Yield","0111","Wheat","2015","2015","","","","",""
"QCL","Crops and livestock products","296","Kiribati","5510","Production","0111","Wheat","2015","2015","","","","",""
"QCL","Crops and livestock products","296","Kiribati","5312","Area harvested","0111","Wheat","2016","2016","","","","",""
"QCL","Crops and livestock products","296","Kiribati","5412","Yield","0111","Wheat","2016","2016","","","","",""
"QCL","Crops and livestock products","296","Kiribati","5510","Production","0111","Wheat","2016","2016","","","","",""
"QCL","Crops and livestock products","296","Kiribati","5312","Area harvested","0111","Wheat","2017","2017","","","","",""
"QCL","Crops and livestock products","296","Kiribati","5412","Yield","0111","Wheat","2017","2017","","","","",""
"QCL","Crops and livestock products","296","Kiribati","5510","Production","0111","Wheat","2017","2017","","","","",""
"QCL","Crops and livestock products","296","Kiribati","5312","Area harvested","0111","Wheat","2018","2018","","","","",""
"QCL","Crops and livestock products","296","Kiribati","5412","Yield","0111","Wheat","2018","2018","","","","",""
"QCL","Crops and livestock products","296","Kiribati","5510","Production","0111","Wheat","2018","2018","","","","",""
"QCL","Crops and livestock products","296","Kiribati","5312","Area harvested","0111","Wheat","2019","2019","","","","",""
"QCL","Crops and livestock products","296","Kiribati","5412","Yield","0111","Wheat","2019","2019","","","","",""
"QCL","Crops and livestock products","296","Kiribati","5510","Production","0111","Wheat","2019","2019","","","","",""
"QCL","Crops and livestock products","296","Kiribati","5312","Area harvested","0111","Wheat","2020","2020","","","","",""
"QCL","Crops and livestock products","296","Kiribati","5412","Yield","0111","Wheat","2020","2020","","","","",""
"QCL","Crops and livestock products","296","Kiribati","5510","Production","0111","Wheat","2020","2020","","","","",""
"QCL","Crops and livestock products","296","Kiribati","5312","Area harvested","0111","Wheat","2021","2021","","","","",""
"QCL","Crops and livestock products","296","Kiribati","5412","Yield","0111","Wheat","2021","2021","","","","",""
"QCL","Crops and livestock products","296","Kiribati","5510","Production","0111","Wheat","2021","2021","","","","",""
"QCL","Crops and livestock products","296","Kiribati","5312","Area harvested","0111","Wheat","2022","2022","","","","",""
"QCL","Crops and livestock products","296","Kiribati","5412","Yield","0111","Wheat","2022","2022","","","","",""
"QCL","Crops and livestock products","296","Kiribati","5510","Production","0111","Wheat","2022","2022","","","","",""
"QCL","Crops and livestock products","296","Kiribati","5312","Area harvested","0111","Wheat","2023","2023","","","","",""
"QCL","Crops and livestock products","296","Kiribati","5412","Yield","0111","Wheat","2023","2023","","","","",""
"QCL","Crops and livestock products","296","Kiribati","5510","Production","0111","Wheat","2023","2023","","","","",""
"QCL","Crops and livestock products","296","Kiribati","5312","Area harvested","0111","Wheat","2024","2024","","","","",""
"QCL","Crops and livestock products","296","Kiribati","5412","Yield","0111","Wheat","2024","2024","","","","",""
"QCL","Crops and livestock products","296","Kiribati","5510","Production","0111","Wheat","2024","2024","","","","",""
"QCL","Crops and livestock products","414","Kuwait","5312","Area harvested","0111","Wheat","2015","2015","ha","12","A","Official value",""
"QCL","Crops and livestock products","414","Kuwait","5412","Yield","0111","Wheat","2015","2015","kg/ha","3750","A","Official value",""
"QCL","Crops and livestock products","414","Kuwait","5510","Production","0111","Wheat","2015","2015","t","45","A","Official value",""
"QCL","Crops and livestock products","414","Kuwait","5312","Area harvested","0111","Wheat","2016","2016","ha","4","A","Official value",""
"QCL","Crops and livestock products","414","Kuwait","5412","Yield","0111","Wheat","2016","2016","kg/ha","3000","A","Official value",""
"QCL","Crops and livestock products","414","Kuwait","5510","Production","0111","Wheat","2016","2016","t","12","A","Official value",""
"QCL","Crops and livestock products","414","Kuwait","5312","Area harvested","0111","Wheat","2017","2017","ha","7","A","Official value",""
"QCL","Crops and livestock products","414","Kuwait","5412","Yield","0111","Wheat","2017","2017","kg/ha","3142.9","A","Official value",""
"QCL","Crops and livestock products","414","Kuwait","5510","Production","0111","Wheat","2017","2017","t","22","A","Official value",""
"QCL","Crops and livestock products","414","Kuwait","5312","Area harvested","0111","Wheat","2018","2018","ha","3","A","Official value",""
"QCL","Crops and livestock products","414","Kuwait","5412","Yield","0111","Wheat","2018","2018","kg/ha","3000","A","Official value",""
"QCL","Crops and livestock products","414","Kuwait","5510","Production","0111","Wheat","2018","2018","t","9","A","Official value",""
"QCL","Crops and livestock products","414","Kuwait","5312","Area harvested","0111","Wheat","2019","2019","ha","6","A","Official value",""
"QCL","Crops and livestock products","414","Kuwait","5412","Yield","0111","Wheat","2019","2019","kg/ha","10363.6","A","Official value",""
"QCL","Crops and livestock products","414","Kuwait","5510","Production","0111","Wheat","2019","2019","t","57","A","Official value",""
"QCL","Crops and livestock products","414","Kuwait","5312","Area harvested","0111","Wheat","2020","2020","ha","10","A","Official value",""
"QCL","Crops and livestock products","414","Kuwait","5412","Yield","0111","Wheat","2020","2020","kg/ha","7000","A","Official value",""
"QCL","Crops and livestock products","414","Kuwait","5510","Production","0111","Wheat","2020","2020","t","70","A","Official value",""
"QCL","Crops and livestock products","414","Kuwait","5312","Area harvested","0111","Wheat","2021","2021","ha","10","A","Official value",""
"QCL","Crops and livestock products","414","Kuwait","5412","Yield","0111","Wheat","2021","2021","kg/ha","4000","A","Official value",""
"QCL","Crops and livestock products","414","Kuwait","5510","Production","0111","Wheat","2021","2021","t","40","A","Official value",""
"QCL","Crops and livestock products","414","Kuwait","5312","Area harvested","0111","Wheat","2022","2022","ha","10","A","Official value",""
"QCL","Crops and livestock products","414","Kuwait","5412","Yield","0111","Wheat","2022","2022","kg/ha","4000","A","Official value",""
"QCL","Crops and livestock products","414","Kuwait","5510","Production","0111","Wheat","2022","2022","t","40","A","Official value",""
"QCL","Crops and livestock products","414","Kuwait","5312","Area harvested","0111","Wheat","2023","2023","ha","11","I","Value imputed by a receiving agency",""
"QCL","Crops and livestock products","414","Kuwait","5412","Yield","0111","Wheat","2023","2023","kg/ha","4499.9","E","Estimated value",""
"QCL","Crops and livestock products","414","Kuwait","5510","Production","0111","Wheat","2023","2023","t","47.45","I","Value imputed by a receiving agency",""
"QCL","Crops and livestock products","414","Kuwait","5312","Area harvested","0111","Wheat","2024","2024","ha","11","I","Value imputed by a receiving agency",""
"QCL","Crops and livestock products","414","Kuwait","5412","Yield","0111","Wheat","2024","2024","kg/ha","4807.3","E","Estimated value",""
"QCL","Crops and livestock products","414","Kuwait","5510","Production","0111","Wheat","2024","2024","t","55.23","I","Value imputed by a receiving agency",""
"QCL","Crops and livestock products","417","Kyrgyzstan","5312","Area harvested","0111","Wheat","2015","2015","ha","297289","A","Official value",""
"QCL","Crops and livestock products","417","Kyrgyzstan","5412","Yield","0111","Wheat","2015","2015","kg/ha","2370.1","A","Official value",""
"QCL","Crops and livestock products","417","Kyrgyzstan","5510","Production","0111","Wheat","2015","2015","t","704601","A","Official value",""
"QCL","Crops and livestock products","417","Kyrgyzstan","5312","Area harvested","0111","Wheat","2016","2016","ha","270439","A","Official value",""
"QCL","Crops and livestock products","417","Kyrgyzstan","5412","Yield","0111","Wheat","2016","2016","kg/ha","2446.1","A","Official value",""
"QCL","Crops and livestock products","417","Kyrgyzstan","5510","Production","0111","Wheat","2016","2016","t","661513.9","A","Official value",""
"QCL","Crops and livestock products","417","Kyrgyzstan","5312","Area harvested","0111","Wheat","2017","2017","ha","249860","A","Official value",""
"QCL","Crops and livestock products","417","Kyrgyzstan","5412","Yield","0111","Wheat","2017","2017","kg/ha","2405.3","A","Official value",""
"QCL","Crops and livestock products","417","Kyrgyzstan","5510","Production","0111","Wheat","2017","2017","t","600997.2","A","Official value",""
"QCL","Crops and livestock products","417","Kyrgyzstan","5312","Area harvested","0111","Wheat","2018","2018","ha","253804","A","Official value",""
"QCL","Crops and livestock products","417","Kyrgyzstan","5412","Yield","0111","Wheat","2018","2018","kg/ha","2426.8","A","Official value",""
"QCL","Crops and livestock products","417","Kyrgyzstan","5510","Production","0111","Wheat","2018","2018","t","615926","A","Official value",""
"QCL","Crops and livestock products","417","Kyrgyzstan","5312","Area harvested","0111","Wheat","2019","2019","ha","239594","A","Official value",""
"QCL","Crops and livestock products","417","Kyrgyzstan","5412","Yield","0111","Wheat","2019","2019","kg/ha","2509.3","A","Official value",""
"QCL","Crops and livestock products","417","Kyrgyzstan","5510","Production","0111","Wheat","2019","2019","t","601216.2","A","Official value",""
"QCL","Crops and livestock products","417","Kyrgyzstan","5312","Area harvested","0111","Wheat","2020","2020","ha","247028","A","Official value",""
"QCL","Crops and livestock products","417","Kyrgyzstan","5412","Yield","0111","Wheat","2020","2020","kg/ha","2546.5","A","Official value",""
"QCL","Crops and livestock products","417","Kyrgyzstan","5510","Production","0111","Wheat","2020","2020","t","629051.5","A","Official value",""
"QCL","Crops and livestock products","417","Kyrgyzstan","5312","Area harvested","0111","Wheat","2021","2021","ha","249607","A","Official value",""
"QCL","Crops and livestock products","417","Kyrgyzstan","5412","Yield","0111","Wheat","2021","2021","kg/ha","1453.1","A","Official value",""
"QCL","Crops and livestock products","417","Kyrgyzstan","5510","Production","0111","Wheat","2021","2021","t","362711","A","Official value",""
"QCL","Crops and livestock products","417","Kyrgyzstan","5312","Area harvested","0111","Wheat","2022","2022","ha","233057","A","Official value",""
"QCL","Crops and livestock products","417","Kyrgyzstan","5412","Yield","0111","Wheat","2022","2022","kg/ha","2542.3","A","Official value",""
"QCL","Crops and livestock products","417","Kyrgyzstan","5510","Production","0111","Wheat","2022","2022","t","592507","A","Official value",""
"QCL","Crops and livestock products","417","Kyrgyzstan","5312","Area harvested","0111","Wheat","2023","2023","ha","230497","A","Official value",""
"QCL","Crops and livestock products","417","Kyrgyzstan","5412","Yield","0111","Wheat","2023","2023","kg/ha","1910.7","A","Official value",""
"QCL","Crops and livestock products","417","Kyrgyzstan","5510","Production","0111","Wheat","2023","2023","t","440415","A","Official value",""
"QCL","Crops and livestock products","417","Kyrgyzstan","5312","Area harvested","0111","Wheat","2024","2024","ha","240182","A","Official value",""
"QCL","Crops and livestock products","417","Kyrgyzstan","5412","Yield","0111","Wheat","2024","2024","kg/ha","2768","A","Official value",""
"QCL","Crops and livestock products","417","Kyrgyzstan","5510","Production","0111","Wheat","2024","2024","t","664830","A","Official value",""
"QCL","Crops and livestock products","418","Lao People's Democratic Republic","5312","Area harvested","0111","Wheat","2015","2015","","","","",""
"QCL","Crops and livestock products","418","Lao People's Democratic Republic","5412","Yield","0111","Wheat","2015","2015","","","","",""
"QCL","Crops and livestock products","418","Lao People's Democratic Republic","5510","Production","0111","Wheat","2015","2015","","","","",""
"QCL","Crops and livestock products","418","Lao People's Democratic Republic","5312","Area harvested","0111","Wheat","2016","2016","","","","",""
"QCL","Crops and livestock products","418","Lao People's Democratic Republic","5412","Yield","0111","Wheat","2016","2016","","","","",""
"QCL","Crops and livestock products","418","Lao People's Democratic Republic","5510","Production","0111","Wheat","2016","2016","","","","",""
"QCL","Crops and livestock products","418","Lao People's Democratic Republic","5312","Area harvested","0111","Wheat","2017","2017","","","","",""
"QCL","Crops and livestock products","418","Lao People's Democratic Republic","5412","Yield","0111","Wheat","2017","2017","","","","",""
"QCL","Crops and livestock products","418","Lao People's Democratic Republic","5510","Production","0111","Wheat","2017","2017","","","","",""
"QCL","Crops and livestock products","418","Lao People's Democratic Republic","5312","Area harvested","0111","Wheat","2018","2018","","","","",""
"QCL","Crops and livestock products","418","Lao People's Democratic Republic","5412","Yield","0111","Wheat","2018","2018","","","","",""
"QCL","Crops and livestock products","418","Lao People's Democratic Republic","5510","Production","0111","Wheat","2018","2018","","","","",""
"QCL","Crops and livestock products","418","Lao People's Democratic Republic","5312","Area harvested","0111","Wheat","2019","2019","","","","",""
"QCL","Crops and livestock products","418","Lao People's Democratic Republic","5412","Yield","0111","Wheat","2019","2019","","","","",""
"QCL","Crops and livestock products","418","Lao People's Democratic Republic","5510","Production","0111","Wheat","2019","2019","","","","",""
"QCL","Crops and livestock products","418","Lao People's Democratic Republic","5312","Area harvested","0111","Wheat","2020","2020","","","","",""
"QCL","Crops and livestock products","418","Lao People's Democratic Republic","5412","Yield","0111","Wheat","2020","2020","","","","",""
"QCL","Crops and livestock products","418","Lao People's Democratic Republic","5510","Production","0111","Wheat","2020","2020","","","","",""
"QCL","Crops and livestock products","418","Lao People's Democratic Republic","5312","Area harvested","0111","Wheat","2021","2021","","","","",""
"QCL","Crops and livestock products","418","Lao People's Democratic Republic","5412","Yield","0111","Wheat","2021","2021","","","","",""
"QCL","Crops and livestock products","418","Lao People's Democratic Republic","5510","Production","0111","Wheat","2021","2021","","","","",""
"QCL","Crops and livestock products","418","Lao People's Democratic Republic","5312","Area harvested","0111","Wheat","2022","2022","","","","",""
"QCL","Crops and livestock products","418","Lao People's Democratic Republic","5412","Yield","0111","Wheat","2022","2022","","","","",""
"QCL","Crops and livestock products","418","Lao People's Democratic Republic","5510","Production","0111","Wheat","2022","2022","","","","",""
"QCL","Crops and livestock products","418","Lao People's Democratic Republic","5312","Area harvested","0111","Wheat","2023","2023","","","","",""
"QCL","Crops and livestock products","418","Lao People's Democratic Republic","5412","Yield","0111","Wheat","2023","2023","","","","",""
"QCL","Crops and livestock products","418","Lao People's Democratic Republic","5510","Production","0111","Wheat","2023","2023","","","","",""
"QCL","Crops and livestock products","418","Lao People's Democratic Republic","5312","Area harvested","0111","Wheat","2024","2024","","","","",""
"QCL","Crops and livestock products","418","Lao People's Democratic Republic","5412","Yield","0111","Wheat","2024","2024","","","","",""
"QCL","Crops and livestock products","418","Lao People's Democratic Republic","5510","Production","0111","Wheat","2024","2024","","","","",""
"QCL","Crops and livestock products","428","Latvia","5312","Area harvested","0111","Wheat","2015","2015","ha","447300","A","Official value",""
"QCL","Crops and livestock products","428","Latvia","5412","Yield","0111","Wheat","2015","2015","kg/ha","5030.4","A","Official value",""
"QCL","Crops and livestock products","428","Latvia","5510","Production","0111","Wheat","2015","2015","t","2250100","A","Official value",""
"QCL","Crops and livestock products","428","Latvia","5312","Area harvested","0111","Wheat","2016","2016","ha","479100","A","Official value",""
"QCL","Crops and livestock products","428","Latvia","5412","Yield","0111","Wheat","2016","2016","kg/ha","4304.5","A","Official value",""
"QCL","Crops and livestock products","428","Latvia","5510","Production","0111","Wheat","2016","2016","t","2062300","A","Official value",""
"QCL","Crops and livestock products","428","Latvia","5312","Area harvested","0111","Wheat","2017","2017","ha","446800","A","Official value",""
"QCL","Crops and livestock products","428","Latvia","5412","Yield","0111","Wheat","2017","2017","kg/ha","4786.9","A","Official value",""
"QCL","Crops and livestock products","428","Latvia","5510","Production","0111","Wheat","2017","2017","t","2138800","A","Official value",""
"QCL","Crops and livestock products","428","Latvia","5312","Area harvested","0111","Wheat","2018","2018","ha","417200","A","Official value",""
"QCL","Crops and livestock products","428","Latvia","5412","Yield","0111","Wheat","2018","2018","kg/ha","3431.4","A","Official value",""
"QCL","Crops and livestock products","428","Latvia","5510","Production","0111","Wheat","2018","2018","t","1431600","A","Official value",""
"QCL","Crops and livestock products","428","Latvia","5312","Area harvested","0111","Wheat","2019","2019","ha","492700","A","Official value",""
"QCL","Crops and livestock products","428","Latvia","5412","Yield","0111","Wheat","2019","2019","kg/ha","4812.3","A","Official value",""
"QCL","Crops and livestock products","428","Latvia","5510","Production","0111","Wheat","2019","2019","t","2371000","A","Official value",""
"QCL","Crops and livestock products","428","Latvia","5312","Area harvested","0111","Wheat","2020","2020","ha","498200","A","Official value",""
"QCL","Crops and livestock products","428","Latvia","5412","Yield","0111","Wheat","2020","2020","kg/ha","5338.4","A","Official value",""
"QCL","Crops and livestock products","428","Latvia","5510","Production","0111","Wheat","2020","2020","t","2659600","A","Official value",""
"QCL","Crops and livestock products","428","Latvia","5312","Area harvested","0111","Wheat","2021","2021","ha","537300","A","Official value",""
"QCL","Crops and livestock products","428","Latvia","5412","Yield","0111","Wheat","2021","2021","kg/ha","4481.1","A","Official value",""
"QCL","Crops and livestock products","428","Latvia","5510","Production","0111","Wheat","2021","2021","t","2407700","A","Official value",""
"QCL","Crops and livestock products","428","Latvia","5312","Area harvested","0111","Wheat","2022","2022","ha","537500","A","Official value",""
"QCL","Crops and livestock products","428","Latvia","5412","Yield","0111","Wheat","2022","2022","kg/ha","4724.5","A","Official value",""
"QCL","Crops and livestock products","428","Latvia","5510","Production","0111","Wheat","2022","2022","t","2539400","A","Official value",""
"QCL","Crops and livestock products","428","Latvia","5312","Area harvested","0111","Wheat","2023","2023","ha","525000","A","Official value",""
"QCL","Crops and livestock products","428","Latvia","5412","Yield","0111","Wheat","2023","2023","kg/ha","4070.1","A","Official value",""
"QCL","Crops and livestock products","428","Latvia","5510","Production","0111","Wheat","2023","2023","t","2136800","A","Official value",""
"QCL","Crops and livestock products","428","Latvia","5312","Area harvested","0111","Wheat","2024","2024","ha","540000","A","Official value",""
"QCL","Crops and livestock products","428","Latvia","5412","Yield","0111","Wheat","2024","2024","kg/ha","4566.5","A","Official value",""
"QCL","Crops and livestock products","428","Latvia","5510","Production","0111","Wheat","2024","2024","t","2465900","A","Official value",""
"QCL","Crops and livestock products","422","Lebanon","5312","Area harvested","0111","Wheat","2015","2015","ha","40000","X","Value from external organization","Unofficial figure"
"QCL","Crops and livestock products","422","Lebanon","5412","Yield","0111","Wheat","2015","2015","kg/ha","3475","X","Value from external organization",""
"QCL","Crops and livestock products","422","Lebanon","5510","Production","0111","Wheat","2015","2015","t","139000","X","Value from external organization","Unofficial figure"
"QCL","Crops and livestock products","422","Lebanon","5312","Area harvested","0111","Wheat","2016","2016","ha","40977","A","Official value",""
"QCL","Crops and livestock products","422","Lebanon","5412","Yield","0111","Wheat","2016","2016","kg/ha","3149","A","Official value",""
"QCL","Crops and livestock products","422","Lebanon","5510","Production","0111","Wheat","2016","2016","t","129037","A","Official value",""
"QCL","Crops and livestock products","422","Lebanon","5312","Area harvested","0111","Wheat","2017","2017","ha","41715","A","Official value",""
"QCL","Crops and livestock products","422","Lebanon","5412","Yield","0111","Wheat","2017","2017","kg/ha","3015.6","A","Official value",""
"QCL","Crops and livestock products","422","Lebanon","5510","Production","0111","Wheat","2017","2017","t","125797","A","Official value",""
"QCL","Crops and livestock products","422","Lebanon","5312","Area harvested","0111","Wheat","2018","2018","ha","44937","X","Value from external organization","Unofficial figure"
"QCL","Crops and livestock products","422","Lebanon","5412","Yield","0111","Wheat","2018","2018","kg/ha","2936.9","X","Value from external organization",""
"QCL","Crops and livestock products","422","Lebanon","5510","Production","0111","Wheat","2018","2018","t","131977","X","Value from external organization","Unofficial figure"
"QCL","Crops and livestock products","422","Lebanon","5312","Area harvested","0111","Wheat","2019","2019","ha","47198","X","Value from external organization","Unofficial figure"
"QCL","Crops and livestock products","422","Lebanon","5412","Yield","0111","Wheat","2019","2019","kg/ha","2175.5","X","Value from external organization",""
"QCL","Crops and livestock products","422","Lebanon","5510","Production","0111","Wheat","2019","2019","t","102679","X","Value from external organization","Unofficial figure"
"QCL","Crops and livestock products","422","Lebanon","5312","Area harvested","0111","Wheat","2020","2020","ha","49393","X","Value from external organization","Unofficial figure"
"QCL","Crops and livestock products","422","Lebanon","5412","Yield","0111","Wheat","2020","2020","kg/ha","2986.4","X","Value from external organization",""
"QCL","Crops and livestock products","422","Lebanon","5510","Production","0111","Wheat","2020","2020","t","147508","X","Value from external organization","Unofficial figure"
"QCL","Crops and livestock products","422","Lebanon","5312","Area harvested","0111","Wheat","2021","2021","ha","51522","X","Value from external organization","Unofficial figure"
"QCL","Crops and livestock products","422","Lebanon","5412","Yield","0111","Wheat","2021","2021","kg/ha","2915.9","X","Value from external organization",""
"QCL","Crops and livestock products","422","Lebanon","5510","Production","0111","Wheat","2021","2021","t","150232","X","Value from external organization","Unofficial figure"
"QCL","Crops and livestock products","422","Lebanon","5312","Area harvested","0111","Wheat","2022","2022","ha","53362","X","Value from external organization","Unofficial figure"
"QCL","Crops and livestock products","422","Lebanon","5412","Yield","0111","Wheat","2022","2022","kg/ha","2864.9","X","Value from external organization",""
"QCL","Crops and livestock products","422","Lebanon","5510","Production","0111","Wheat","2022","2022","t","152877","X","Value from external organization","Unofficial figure"
"QCL","Crops and livestock products","422","Lebanon","5312","Area harvested","0111","Wheat","2023","2023","ha","55368","X","Value from external organization","Unofficial figure"
"QCL","Crops and livestock products","422","Lebanon","5412","Yield","0111","Wheat","2023","2023","kg/ha","2867.3","X","Value from external organization",""
"QCL","Crops and livestock products","422","Lebanon","5510","Production","0111","Wheat","2023","2023","t","158754","X","Value from external organization","Unofficial figure"
"QCL","Crops and livestock products","422","Lebanon","5312","Area harvested","0111","Wheat","2024","2024","ha","31647","I","Value imputed by a receiving agency",""
"QCL","Crops and livestock products","422","Lebanon","5412","Yield","0111","Wheat","2024","2024","kg/ha","2970.3","E","Estimated value",""
"QCL","Crops and livestock products","422","Lebanon","5510","Production","0111","Wheat","2024","2024","t","94000","X","Value from external organization","Unofficial figure"
"QCL","Crops and livestock products","426","Lesotho","5312","Area harvested","0111","Wheat","2015","2015","ha","8317","A","Official value",""
"QCL","Crops and livestock products","426","Lesotho","5412","Yield","0111","Wheat","2015","2015","kg/ha","849.9","A","Official value",""
"QCL","Crops and livestock products","426","Lesotho","5510","Production","0111","Wheat","2015","2015","t","7069","A","Official value",""
"QCL","Crops and livestock products","426","Lesotho","5312","Area harvested","0111","Wheat","2016","2016","ha","7900","A","Official value",""
"QCL","Crops and livestock products","426","Lesotho","5412","Yield","0111","Wheat","2016","2016","kg/ha","593.7","A","Official value",""
"QCL","Crops and livestock products","426","Lesotho","5510","Production","0111","Wheat","2016","2016","t","4690","A","Official value",""
"QCL","Crops and livestock products","426","Lesotho","5312","Area harvested","0111","Wheat","2017","2017","ha","6843","A","Official value",""
"QCL","Crops and livestock products","426","Lesotho","5412","Yield","0111","Wheat","2017","2017","kg/ha","1293.4","A","Official value",""
"QCL","Crops and livestock products","426","Lesotho","5510","Production","0111","Wheat","2017","2017","t","8851","A","Official value",""
"QCL","Crops and livestock products","426","Lesotho","5312","Area harvested","0111","Wheat","2018","2018","ha","7427","A","Official value",""
"QCL","Crops and livestock products","426","Lesotho","5412","Yield","0111","Wheat","2018","2018","kg/ha","939.1","A","Official value",""
"QCL","Crops and livestock products","426","Lesotho","5510","Production","0111","Wheat","2018","2018","t","6975","A","Official value",""
"QCL","Crops and livestock products","426","Lesotho","5312","Area harvested","0111","Wheat","2019","2019","ha","2292","A","Official value",""
"QCL","Crops and livestock products","426","Lesotho","5412","Yield","0111","Wheat","2019","2019","kg/ha","624.8","A","Official value",""
"QCL","Crops and livestock products","426","Lesotho","5510","Production","0111","Wheat","2019","2019","t","1432","A","Official value",""
"QCL","Crops and livestock products","426","Lesotho","5312","Area harvested","0111","Wheat","2020","2020","ha","2875","A","Official value",""
"QCL","Crops and livestock products","426","Lesotho","5412","Yield","0111","Wheat","2020","2020","kg/ha","697","A","Official value",""
"QCL","Crops and livestock products","426","Lesotho","5510","Production","0111","Wheat","2020","2020","t","2004","A","Official value",""
"QCL","Crops and livestock products","426","Lesotho","5312","Area harvested","0111","Wheat","2021","2021","ha","5191","A","Official value",""
"QCL","Crops and livestock products","426","Lesotho","5412","Yield","0111","Wheat","2021","2021","kg/ha","461.4","A","Official value",""
"QCL","Crops and livestock products","426","Lesotho","5510","Production","0111","Wheat","2021","2021","t","2395","A","Official value",""
"QCL","Crops and livestock products","426","Lesotho","5312","Area harvested","0111","Wheat","2022","2022","ha","7036","A","Official value",""
"QCL","Crops and livestock products","426","Lesotho","5412","Yield","0111","Wheat","2022","2022","kg/ha","810.7","A","Official value",""
"QCL","Crops and livestock products","426","Lesotho","5510","Production","0111","Wheat","2022","2022","t","5704","A","Official value",""
"QCL","Crops and livestock products","426","Lesotho","5312","Area harvested","0111","Wheat","2023","2023","ha","10639","A","Official value",""
"QCL","Crops and livestock products","426","Lesotho","5412","Yield","0111","Wheat","2023","2023","kg/ha","587.6","A","Official value",""
"QCL","Crops and livestock products","426","Lesotho","5510","Production","0111","Wheat","2023","2023","t","6251","A","Official value",""
"QCL","Crops and livestock products","426","Lesotho","5312","Area harvested","0111","Wheat","2024","2024","ha","5814","A","Official value",""
"QCL","Crops and livestock products","426","Lesotho","5412","Yield","0111","Wheat","2024","2024","kg/ha","719.5","A","Official value",""
"QCL","Crops and livestock products","426","Lesotho","5510","Production","0111","Wheat","2024","2024","t","4183","A","Official value",""
"QCL","Crops and livestock products","430","Liberia","5312","Area harvested","0111","Wheat","2015","2015","","","","",""
"QCL","Crops and livestock products","430","Liberia","5412","Yield","0111","Wheat","2015","2015","","","","",""
"QCL","Crops and livestock products","430","Liberia","5510","Production","0111","Wheat","2015","2015","","","","",""
"QCL","Crops and livestock products","430","Liberia","5312","Area harvested","0111","Wheat","2016","2016","","","","",""
"QCL","Crops and livestock products","430","Liberia","5412","Yield","0111","Wheat","2016","2016","","","","",""
"QCL","Crops and livestock products","430","Liberia","5510","Production","0111","Wheat","2016","2016","","","","",""
"QCL","Crops and livestock products","430","Liberia","5312","Area harvested","0111","Wheat","2017","2017","","","","",""
"QCL","Crops and livestock products","430","Liberia","5412","Yield","0111","Wheat","2017","2017","","","","",""
"QCL","Crops and livestock products","430","Liberia","5510","Production","0111","Wheat","2017","2017","","","","",""
"QCL","Crops and livestock products","430","Liberia","5312","Area harvested","0111","Wheat","2018","2018","","","","",""
"QCL","Crops and livestock products","430","Liberia","5412","Yield","0111","Wheat","2018","2018","","","","",""
"QCL","Crops and livestock products","430","Liberia","5510","Production","0111","Wheat","2018","2018","","","","",""
"QCL","Crops and livestock products","430","Liberia","5312","Area harvested","0111","Wheat","2019","2019","","","","",""
"QCL","Crops and livestock products","430","Liberia","5412","Yield","0111","Wheat","2019","2019","","","","",""
"QCL","Crops and livestock products","430","Liberia","5510","Production","0111","Wheat","2019","2019","","","","",""
"QCL","Crops and livestock products","430","Liberia","5312","Area harvested","0111","Wheat","2020","2020","","","","",""
"QCL","Crops and livestock products","430","Liberia","5412","Yield","0111","Wheat","2020","2020","","","","",""
"QCL","Crops and livestock products","430","Liberia","5510","Production","0111","Wheat","2020","2020","","","","",""
"QCL","Crops and livestock products","430","Liberia","5312","Area harvested","0111","Wheat","2021","2021","","","","",""
"QCL","Crops and livestock products","430","Liberia","5412","Yield","0111","Wheat","2021","2021","","","","",""
"QCL","Crops and livestock products","430","Liberia","5510","Production","0111","Wheat","2021","2021","","","","",""
"QCL","Crops and livestock products","430","Liberia","5312","Area harvested","0111","Wheat","2022","2022","","","","",""
"QCL","Crops and livestock products","430","Liberia","5412","Yield","0111","Wheat","2022","2022","","","","",""
"QCL","Crops and livestock products","430","Liberia","5510","Production","0111","Wheat","2022","2022","","","","",""
"QCL","Crops and livestock products","430","Liberia","5312","Area harvested","0111","Wheat","2023","2023","","","","",""
"QCL","Crops and livestock products","430","Liberia","5412","Yield","0111","Wheat","2023","2023","","","","",""
"QCL","Crops and livestock products","430","Liberia","5510","Production","0111","Wheat","2023","2023","","","","",""
"QCL","Crops and livestock products","430","Liberia","5312","Area harvested","0111","Wheat","2024","2024","","","","",""
"QCL","Crops and livestock products","430","Liberia","5412","Yield","0111","Wheat","2024","2024","","","","",""
"QCL","Crops and livestock products","430","Liberia","5510","Production","0111","Wheat","2024","2024","","","","",""
"QCL","Crops and livestock products","434","Libya","5312","Area harvested","0111","Wheat","2015","2015","ha","208819","I","Value imputed by a receiving agency",""
"QCL","Crops and livestock products","434","Libya","5412","Yield","0111","Wheat","2015","2015","kg/ha","766.2","E","Estimated value",""
"QCL","Crops and livestock products","434","Libya","5510","Production","0111","Wheat","2015","2015","t","160000","X","Value from external organization","Unofficial figure"
"QCL","Crops and livestock products","434","Libya","5312","Area harvested","0111","Wheat","2016","2016","ha","263598","I","Value imputed by a receiving agency",""
"QCL","Crops and livestock products","434","Libya","5412","Yield","0111","Wheat","2016","2016","kg/ha","758.7","E","Estimated value",""
"QCL","Crops and livestock products","434","Libya","5510","Production","0111","Wheat","2016","2016","t","200000","X","Value from external organization","Unofficial figure"
"QCL","Crops and livestock products","434","Libya","5312","Area harvested","0111","Wheat","2017","2017","ha","185928","I","Value imputed by a receiving agency",""
"QCL","Crops and livestock products","434","Libya","5412","Yield","0111","Wheat","2017","2017","kg/ha","753","E","Estimated value",""
"QCL","Crops and livestock products","434","Libya","5510","Production","0111","Wheat","2017","2017","t","140000","X","Value from external organization","Unofficial figure"
"QCL","Crops and livestock products","434","Libya","5312","Area harvested","0111","Wheat","2018","2018","ha","266939","I","Value imputed by a receiving agency",""
"QCL","Crops and livestock products","434","Libya","5412","Yield","0111","Wheat","2018","2018","kg/ha","749.2","E","Estimated value",""
"QCL","Crops and livestock products","434","Libya","5510","Production","0111","Wheat","2018","2018","t","200000","X","Value from external organization","Unofficial figure"
"QCL","Crops and livestock products","434","Libya","5312","Area harvested","0111","Wheat","2019","2019","ha","180940","A","Official value",""
"QCL","Crops and livestock products","434","Libya","5412","Yield","0111","Wheat","2019","2019","kg/ha","773.7","A","Official value",""
"QCL","Crops and livestock products","434","Libya","5510","Production","0111","Wheat","2019","2019","t","140000","A","Official value",""
"QCL","Crops and livestock products","434","Libya","5312","Area harvested","0111","Wheat","2020","2020","ha","168500","A","Official value",""
"QCL","Crops and livestock products","434","Libya","5412","Yield","0111","Wheat","2020","2020","kg/ha","771.5","A","Official value",""
"QCL","Crops and livestock products","434","Libya","5510","Production","0111","Wheat","2020","2020","t","130000","A","Official value",""
"QCL","Crops and livestock products","434","Libya","5312","Area harvested","0111","Wheat","2021","2021","ha","168770","A","Official value",""
"QCL","Crops and livestock products","434","Libya","5412","Yield","0111","Wheat","2021","2021","kg/ha","770.3","A","Official value",""
"QCL","Crops and livestock products","434","Libya","5510","Production","0111","Wheat","2021","2021","t","130000","A","Official value",""
"QCL","Crops and livestock products","434","Libya","5312","Area harvested","0111","Wheat","2022","2022","ha","169762","I","Value imputed by a receiving agency",""
"QCL","Crops and livestock products","434","Libya","5412","Yield","0111","Wheat","2022","2022","kg/ha","765.8","E","Estimated value",""
"QCL","Crops and livestock products","434","Libya","5510","Production","0111","Wheat","2022","2022","t","130000","X","Value from external organization","Unofficial figure"
"QCL","Crops and livestock products","434","Libya","5312","Area harvested","0111","Wheat","2023","2023","ha","170929","I","Value imputed by a receiving agency",""
"QCL","Crops and livestock products","434","Libya","5412","Yield","0111","Wheat","2023","2023","kg/ha","760.6","E","Estimated value",""
"QCL","Crops and livestock products","434","Libya","5510","Production","0111","Wheat","2023","2023","t","130000","X","Value from external organization","Unofficial figure"
"QCL","Crops and livestock products","434","Libya","5312","Area harvested","0111","Wheat","2024","2024","ha","117228","I","Value imputed by a receiving agency",""
"QCL","Crops and livestock products","434","Libya","5412","Yield","0111","Wheat","2024","2024","kg/ha","767.7","E","Estimated value",""
"QCL","Crops and livestock products","434","Libya","5510","Production","0111","Wheat","2024","2024","t","90000","X","Value from external organization","Unofficial figure"
"QCL","Crops and livestock products","440","Lithuania","5312","Area harvested","0111","Wheat","2015","2015","ha","836200","A","Official value",""
"QCL","Crops and livestock products","440","Lithuania","5412","Yield","0111","Wheat","2015","2015","kg/ha","5238.4","A","Official value",""
"QCL","Crops and livestock products","440","Lithuania","5510","Production","0111","Wheat","2015","2015","t","4380330","A","Official value",""
"QCL","Crops and livestock products","440","Lithuania","5312","Area harvested","0111","Wheat","2016","2016","ha","880534","A","Official value",""
"QCL","Crops and livestock products","440","Lithuania","5412","Yield","0111","Wheat","2016","2016","kg/ha","4366.1","A","Official value",""
"QCL","Crops and livestock products","440","Lithuania","5510","Production","0111","Wheat","2016","2016","t","3844491","A","Official value",""
"QCL","Crops and livestock products","440","Lithuania","5312","Area harvested","0111","Wheat","2017","2017","ha","811947","A","Official value",""
"QCL","Crops and livestock products","440","Lithuania","5412","Yield","0111","Wheat","2017","2017","kg/ha","4824.7","A","Official value",""
"QCL","Crops and livestock products","440","Lithuania","5510","Production","0111","Wheat","2017","2017","t","3917372","A","Official value",""
"QCL","Crops and livestock products","440","Lithuania","5312","Area harvested","0111","Wheat","2018","2018","ha","772890","A","Official value",""
"QCL","Crops and livestock products","440","Lithuania","5412","Yield","0111","Wheat","2018","2018","kg/ha","3673.1","A","Official value",""
"QCL","Crops and livestock products","440","Lithuania","5510","Production","0111","Wheat","2018","2018","t","2838900","A","Official value",""
"QCL","Crops and livestock products","440","Lithuania","5312","Area harvested","0111","Wheat","2019","2019","ha","895760","A","Official value",""
"QCL","Crops and livestock products","440","Lithuania","5412","Yield","0111","Wheat","2019","2019","kg/ha","4291.2","A","Official value",""
"QCL","Crops and livestock products","440","Lithuania","5510","Production","0111","Wheat","2019","2019","t","3843850","A","Official value",""
"QCL","Crops and livestock products","440","Lithuania","5312","Area harvested","0111","Wheat","2020","2020","ha","893510","A","Official value",""
"QCL","Crops and livestock products","440","Lithuania","5412","Yield","0111","Wheat","2020","2020","kg/ha","5393.1","A","Official value",""
"QCL","Crops and livestock products","440","Lithuania","5510","Production","0111","Wheat","2020","2020","t","4818750","A","Official value",""
"QCL","Crops and livestock products","440","Lithuania","5312","Area harvested","0111","Wheat","2021","2021","ha","944170","A","Official value",""
"QCL","Crops and livestock products","440","Lithuania","5412","Yield","0111","Wheat","2021","2021","kg/ha","4500.1","A","Official value",""
"QCL","Crops and livestock products","440","Lithuania","5510","Production","0111","Wheat","2021","2021","t","4248850","A","Official value",""
"QCL","Crops and livestock products","440","Lithuania","5312","Area harvested","0111","Wheat","2022","2022","ha","946720","A","Official value",""
"QCL","Crops and livestock products","440","Lithuania","5412","Yield","0111","Wheat","2022","2022","kg/ha","4735","A","Official value",""
"QCL","Crops and livestock products","440","Lithuania","5510","Production","0111","Wheat","2022","2022","t","4482760","A","Official value",""
"QCL","Crops and livestock products","440","Lithuania","5312","Area harvested","0111","Wheat","2023","2023","ha","940290","A","Official value",""
"QCL","Crops and livestock products","440","Lithuania","5412","Yield","0111","Wheat","2023","2023","kg/ha","4738.3","A","Official value",""
"QCL","Crops and livestock products","440","Lithuania","5510","Production","0111","Wheat","2023","2023","t","4455390","A","Official value",""
"QCL","Crops and livestock products","440","Lithuania","5312","Area harvested","0111","Wheat","2024","2024","ha","836970","A","Official value",""
"QCL","Crops and livestock products","440","Lithuania","5412","Yield","0111","Wheat","2024","2024","kg/ha","5041.2","A","Official value",""
"QCL","Crops and livestock products","440","Lithuania","5510","Production","0111","Wheat","2024","2024","t","4219300","A","Official value",""
"QCL","Crops and livestock products","442","Luxembourg","5312","Area harvested","0111","Wheat","2015","2015","ha","14494","A","Official value",""
"QCL","Crops and livestock products","442","Luxembourg","5412","Yield","0111","Wheat","2015","2015","kg/ha","6282.5","A","Official value",""
"QCL","Crops and livestock products","442","Luxembourg","5510","Production","0111","Wheat","2015","2015","t","91058","A","Official value",""
"QCL","Crops and livestock products","442","Luxembourg","5312","Area harvested","0111","Wheat","2016","2016","ha","13808","A","Official value",""
"QCL","Crops and livestock products","442","Luxembourg","5412","Yield","0111","Wheat","2016","2016","kg/ha","5074.4","A","Official value",""
"QCL","Crops and livestock products","442","Luxembourg","5510","Production","0111","Wheat","2016","2016","t","70069","A","Official value",""
"QCL","Crops and livestock products","442","Luxembourg","5312","Area harvested","0111","Wheat","2017","2017","ha","14185","A","Official value",""
"QCL","Crops and livestock products","442","Luxembourg","5412","Yield","0111","Wheat","2017","2017","kg/ha","5483.4","A","Official value",""
"QCL","Crops and livestock products","442","Luxembourg","5510","Production","0111","Wheat","2017","2017","t","77781","A","Official value",""
"QCL","Crops and livestock products","442","Luxembourg","5312","Area harvested","0111","Wheat","2018","2018","ha","12870","A","Official value",""
"QCL","Crops and livestock products","442","Luxembourg","5412","Yield","0111","Wheat","2018","2018","kg/ha","6188.8","A","Official value",""
"QCL","Crops and livestock products","442","Luxembourg","5510","Production","0111","Wheat","2018","2018","t","79650","A","Official value",""
"QCL","Crops and livestock products","442","Luxembourg","5312","Area harvested","0111","Wheat","2019","2019","ha","13360","A","Official value",""
"QCL","Crops and livestock products","442","Luxembourg","5412","Yield","0111","Wheat","2019","2019","kg/ha","6157.2","A","Official value",""
"QCL","Crops and livestock products","442","Luxembourg","5510","Production","0111","Wheat","2019","2019","t","82260","A","Official value",""
"QCL","Crops and livestock products","442","Luxembourg","5312","Area harvested","0111","Wheat","2020","2020","ha","11930","A","Official value",""
"QCL","Crops and livestock products","442","Luxembourg","5412","Yield","0111","Wheat","2020","2020","kg/ha","6068.7","A","Official value",""
"QCL","Crops and livestock products","442","Luxembourg","5510","Production","0111","Wheat","2020","2020","t","72400","A","Official value",""
"QCL","Crops and livestock products","442","Luxembourg","5312","Area harvested","0111","Wheat","2021","2021","ha","12870","A","Official value",""
"QCL","Crops and livestock products","442","Luxembourg","5412","Yield","0111","Wheat","2021","2021","kg/ha","5916.1","A","Official value",""
"QCL","Crops and livestock products","442","Luxembourg","5510","Production","0111","Wheat","2021","2021","t","76140","A","Official value",""
"QCL","Crops and livestock products","442","Luxembourg","5312","Area harvested","0111","Wheat","2022","2022","ha","13570","A","Official value",""
"QCL","Crops and livestock products","442","Luxembourg","5412","Yield","0111","Wheat","2022","2022","kg/ha","6329.4","A","Official value",""
"QCL","Crops and livestock products","442","Luxembourg","5510","Production","0111","Wheat","2022","2022","t","85890","A","Official value",""
"QCL","Crops and livestock products","442","Luxembourg","5312","Area harvested","0111","Wheat","2023","2023","ha","12470","A","Official value",""
"QCL","Crops and livestock products","442","Luxembourg","5412","Yield","0111","Wheat","2023","2023","kg/ha","5802.7","A","Official value",""
"QCL","Crops and livestock products","442","Luxembourg","5510","Production","0111","Wheat","2023","2023","t","72360","A","Official value",""
"QCL","Crops and livestock products","442","Luxembourg","5312","Area harvested","0111","Wheat","2024","2024","ha","12710","A","Official value",""
"QCL","Crops and livestock products","442","Luxembourg","5412","Yield","0111","Wheat","2024","2024","kg/ha","5181.7","A","Official value",""
"QCL","Crops and livestock products","442","Luxembourg","5510","Production","0111","Wheat","2024","2024","t","65860","A","Official value",""
"QCL","Crops and livestock products","450","Madagascar","5312","Area harvested","0111","Wheat","2015","2015","ha","2089","I","Value imputed by a receiving agency",""
"QCL","Crops and livestock products","450","Madagascar","5412","Yield","0111","Wheat","2015","2015","kg/ha","2393.9","E","Estimated value",""
"QCL","Crops and livestock products","450","Madagascar","5510","Production","0111","Wheat","2015","2015","t","5000","X","Value from external organization","Unofficial figure"
"QCL","Crops and livestock products","450","Madagascar","5312","Area harvested","0111","Wheat","2016","2016","ha","2087","I","Value imputed by a receiving agency",""
"QCL","Crops and livestock products","450","Madagascar","5412","Yield","0111","Wheat","2016","2016","kg/ha","2395.8","E","Estimated value",""
"QCL","Crops and livestock products","450","Madagascar","5510","Production","0111","Wheat","2016","2016","t","5000","X","Value from external organization","Unofficial figure"
"QCL","Crops and livestock products","450","Madagascar","5312","Area harvested","0111","Wheat","2017","2017","ha","2084","I","Value imputed by a receiving agency",""
"QCL","Crops and livestock products","450","Madagascar","5412","Yield","0111","Wheat","2017","2017","kg/ha","2399.4","E","Estimated value",""
"QCL","Crops and livestock products","450","Madagascar","5510","Production","0111","Wheat","2017","2017","t","5000","X","Value from external organization","Unofficial figure"
"QCL","Crops and livestock products","450","Madagascar","5312","Area harvested","0111","Wheat","2018","2018","ha","2081","I","Value imputed by a receiving agency",""
"QCL","Crops and livestock products","450","Madagascar","5412","Yield","0111","Wheat","2018","2018","kg/ha","2402.5","E","Estimated value",""
"QCL","Crops and livestock products","450","Madagascar","5510","Production","0111","Wheat","2018","2018","t","5000","X","Value from external organization","Unofficial figure"
"QCL","Crops and livestock products","450","Madagascar","5312","Area harvested","0111","Wheat","2019","2019","ha","2080","I","Value imputed by a receiving agency",""
"QCL","Crops and livestock products","450","Madagascar","5412","Yield","0111","Wheat","2019","2019","kg/ha","2404","E","Estimated value",""
"QCL","Crops and livestock products","450","Madagascar","5510","Production","0111","Wheat","2019","2019","t","5000","X","Value from external organization","Unofficial figure"
"QCL","Crops and livestock products","450","Madagascar","5312","Area harvested","0111","Wheat","2020","2020","ha","416","I","Value imputed by a receiving agency",""
"QCL","Crops and livestock products","450","Madagascar","5412","Yield","0111","Wheat","2020","2020","kg/ha","2405.5","E","Estimated value",""
"QCL","Crops and livestock products","450","Madagascar","5510","Production","0111","Wheat","2020","2020","t","1000","X","Value from external organization","Unofficial figure"
"QCL","Crops and livestock products","450","Madagascar","5312","Area harvested","0111","Wheat","2021","2021","ha","416","I","Value imputed by a receiving agency",""
"QCL","Crops and livestock products","450","Madagascar","5412","Yield","0111","Wheat","2021","2021","kg/ha","2405.9","E","Estimated value",""
"QCL","Crops and livestock products","450","Madagascar","5510","Production","0111","Wheat","2021","2021","t","1000","X","Value from external organization","Unofficial figure"
"QCL","Crops and livestock products","450","Madagascar","5312","Area harvested","0111","Wheat","2022","2022","ha","833","I","Value imputed by a receiving agency",""
"QCL","Crops and livestock products","450","Madagascar","5412","Yield","0111","Wheat","2022","2022","kg/ha","2402.3","E","Estimated value",""
"QCL","Crops and livestock products","450","Madagascar","5510","Production","0111","Wheat","2022","2022","t","2000","X","Value from external organization","Unofficial figure"
"QCL","Crops and livestock products","450","Madagascar","5312","Area harvested","0111","Wheat","2023","2023","ha","416","I","Value imputed by a receiving agency",""
"QCL","Crops and livestock products","450","Madagascar","5412","Yield","0111","Wheat","2023","2023","kg/ha","2404.7","E","Estimated value",""
"QCL","Crops and livestock products","450","Madagascar","5510","Production","0111","Wheat","2023","2023","t","1000","X","Value from external organization","Unofficial figure"
"QCL","Crops and livestock products","450","Madagascar","5312","Area harvested","0111","Wheat","2024","2024","ha","415","I","Value imputed by a receiving agency",""
"QCL","Crops and livestock products","450","Madagascar","5412","Yield","0111","Wheat","2024","2024","kg/ha","2407","E","Estimated value",""
"QCL","Crops and livestock products","450","Madagascar","5510","Production","0111","Wheat","2024","2024","t","1000","X","Value from external organization","Unofficial figure"
"QCL","Crops and livestock products","454","Malawi","5312","Area harvested","0111","Wheat","2015","2015","ha","921","A","Official value",""
"QCL","Crops and livestock products","454","Malawi","5412","Yield","0111","Wheat","2015","2015","kg/ha","1279","A","Official value",""
"QCL","Crops and livestock products","454","Malawi","5510","Production","0111","Wheat","2015","2015","t","1178","A","Official value",""
"QCL","Crops and livestock products","454","Malawi","5312","Area harvested","0111","Wheat","2016","2016","ha","717","A","Official value",""
"QCL","Crops and livestock products","454","Malawi","5412","Yield","0111","Wheat","2016","2016","kg/ha","1111.6","A","Official value",""
"QCL","Crops and livestock products","454","Malawi","5510","Production","0111","Wheat","2016","2016","t","797","A","Official value",""
"QCL","Crops and livestock products","454","Malawi","5312","Area harvested","0111","Wheat","2017","2017","ha","607","A","Official value",""
"QCL","Crops and livestock products","454","Malawi","5412","Yield","0111","Wheat","2017","2017","kg/ha","1227.3","A","Official value",""
"QCL","Crops and livestock products","454","Malawi","5510","Production","0111","Wheat","2017","2017","t","745","A","Official value",""
"QCL","Crops and livestock products","454","Malawi","5312","Area harvested","0111","Wheat","2018","2018","ha","592","A","Official value",""
"QCL","Crops and livestock products","454","Malawi","5412","Yield","0111","Wheat","2018","2018","kg/ha","1231.4","A","Official value",""
"QCL","Crops and livestock products","454","Malawi","5510","Production","0111","Wheat","2018","2018","t","729","A","Official value",""
"QCL","Crops and livestock products","454","Malawi","5312","Area harvested","0111","Wheat","2019","2019","ha","716","A","Official value",""
"QCL","Crops and livestock products","454","Malawi","5412","Yield","0111","Wheat","2019","2019","kg/ha","790.5","A","Official value",""
"QCL","Crops and livestock products","454","Malawi","5510","Production","0111","Wheat","2019","2019","t","566","A","Official value",""
"QCL","Crops and livestock products","454","Malawi","5312","Area harvested","0111","Wheat","2020","2020","ha","551","A","Official value",""
"QCL","Crops and livestock products","454","Malawi","5412","Yield","0111","Wheat","2020","2020","kg/ha","1265","A","Official value",""
"QCL","Crops and livestock products","454","Malawi","5510","Production","0111","Wheat","2020","2020","t","697","A","Official value",""
"QCL","Crops and livestock products","454","Malawi","5312","Area harvested","0111","Wheat","2021","2021","ha","249","A","Official value",""
"QCL","Crops and livestock products","454","Malawi","5412","Yield","0111","Wheat","2021","2021","kg/ha","1212.9","A","Official value",""
"QCL","Crops and livestock products","454","Malawi","5510","Production","0111","Wheat","2021","2021","t","302","A","Official value",""
"QCL","Crops and livestock products","454","Malawi","5312","Area harvested","0111","Wheat","2022","2022","ha","1000","X","Value from external organization","Unofficial figure"
"QCL","Crops and livestock products","454","Malawi","5412","Yield","0111","Wheat","2022","2022","kg/ha","163","E","Estimated value",""
"QCL","Crops and livestock products","454","Malawi","5510","Production","0111","Wheat","2022","2022","t","163","A","Official value",""
"QCL","Crops and livestock products","454","Malawi","5312","Area harvested","0111","Wheat","2023","2023","ha","1000","X","Value from external organization","Unofficial figure"
"QCL","Crops and livestock products","454","Malawi","5412","Yield","0111","Wheat","2023","2023","kg/ha","190","E","Estimated value",""
"QCL","Crops and livestock products","454","Malawi","5510","Production","0111","Wheat","2023","2023","t","190","A","Official value",""
"QCL","Crops and livestock products","454","Malawi","5312","Area harvested","0111","Wheat","2024","2024","ha","658","I","Value imputed by a receiving agency",""
"QCL","Crops and livestock products","454","Malawi","5412","Yield","0111","Wheat","2024","2024","kg/ha","487.7","E","Estimated value",""
"QCL","Crops and livestock products","454","Malawi","5510","Production","0111","Wheat","2024","2024","t","320.68","I","Value imputed by a receiving agency",""
"QCL","Crops and livestock products","458","Malaysia","5312","Area harvested","0111","Wheat","2015","2015","","","","",""
"QCL","Crops and livestock products","458","Malaysia","5412","Yield","0111","Wheat","2015","2015","","","","",""
"QCL","Crops and livestock products","458","Malaysia","5510","Production","0111","Wheat","2015","2015","","","","",""
"QCL","Crops and livestock products","458","Malaysia","5312","Area harvested","0111","Wheat","2016","2016","","","","",""
"QCL","Crops and livestock products","458","Malaysia","5412","Yield","0111","Wheat","2016","2016","","","","",""
"QCL","Crops and livestock products","458","Malaysia","5510","Production","0111","Wheat","2016","2016","","","","",""
"QCL","Crops and livestock products","458","Malaysia","5312","Area harvested","0111","Wheat","2017","2017","","","","",""
"QCL","Crops and livestock products","458","Malaysia","5412","Yield","0111","Wheat","2017","2017","","","","",""
"QCL","Crops and livestock products","458","Malaysia","5510","Production","0111","Wheat","2017","2017","","","","",""
"QCL","Crops and livestock products","458","Malaysia","5312","Area harvested","0111","Wheat","2018","2018","","","","",""
"QCL","Crops and livestock products","458","Malaysia","5412","Yield","0111","Wheat","2018","2018","","","","",""
"QCL","Crops and livestock products","458","Malaysia","5510","Production","0111","Wheat","2018","2018","","","","",""
"QCL","Crops and livestock products","458","Malaysia","5312","Area harvested","0111","Wheat","2019","2019","","","","",""
"QCL","Crops and livestock products","458","Malaysia","5412","Yield","0111","Wheat","2019","2019","","","","",""
"QCL","Crops and livestock products","458","Malaysia","5510","Production","0111","Wheat","2019","2019","","","","",""
"QCL","Crops and livestock products","458","Malaysia","5312","Area harvested","0111","Wheat","2020","2020","","","","",""
"QCL","Crops and livestock products","458","Malaysia","5412","Yield","0111","Wheat","2020","2020","","","","",""
"QCL","Crops and livestock products","458","Malaysia","5510","Production","0111","Wheat","2020","2020","","","","",""
"QCL","Crops and livestock products","458","Malaysia","5312","Area harvested","0111","Wheat","2021","2021","","","","",""
"QCL","Crops and livestock products","458","Malaysia","5412","Yield","0111","Wheat","2021","2021","","","","",""
"QCL","Crops and livestock products","458","Malaysia","5510","Production","0111","Wheat","2021","2021","","","","",""
"QCL","Crops and livestock products","458","Malaysia","5312","Area harvested","0111","Wheat","2022","2022","","","","",""
"QCL","Crops and livestock products","458","Malaysia","5412","Yield","0111","Wheat","2022","2022","","","","",""
"QCL","Crops and livestock products","458","Malaysia","5510","Production","0111","Wheat","2022","2022","","","","",""
"QCL","Crops and livestock products","458","Malaysia","5312","Area harvested","0111","Wheat","2023","2023","","","","",""
"QCL","Crops and livestock products","458","Malaysia","5412","Yield","0111","Wheat","2023","2023","","","","",""
"QCL","Crops and livestock products","458","Malaysia","5510","Production","0111","Wheat","2023","2023","","","","",""
"QCL","Crops and livestock products","458","Malaysia","5312","Area harvested","0111","Wheat","2024","2024","","","","",""
"QCL","Crops and livestock products","458","Malaysia","5412","Yield","0111","Wheat","2024","2024","","","","",""
"QCL","Crops and livestock products","458","Malaysia","5510","Production","0111","Wheat","2024","2024","","","","",""
"QCL","Crops and livestock products","462","Maldives","5312","Area harvested","0111","Wheat","2015","2015","","","","",""
"QCL","Crops and livestock products","462","Maldives","5412","Yield","0111","Wheat","2015","2015","","","","",""
"QCL","Crops and livestock products","462","Maldives","5510","Production","0111","Wheat","2015","2015","","","","",""
"QCL","Crops and livestock products","462","Maldives","5312","Area harvested","0111","Wheat","2016","2016","","","","",""
"QCL","Crops and livestock products","462","Maldives","5412","Yield","0111","Wheat","2016","2016","","","","",""
"QCL","Crops and livestock products","462","Maldives","5510","Production","0111","Wheat","2016","2016","","","","",""
"QCL","Crops and livestock products","462","Maldives","5312","Area harvested","0111","Wheat","2017","2017","","","","",""
"QCL","Crops and livestock products","462","Maldives","5412","Yield","0111","Wheat","2017","2017","","","","",""
"QCL","Crops and livestock products","462","Maldives","5510","Production","0111","Wheat","2017","2017","","","","",""
"QCL","Crops and livestock products","462","Maldives","5312","Area harvested","0111","Wheat","2018","2018","","","","",""
"QCL","Crops and livestock products","462","Maldives","5412","Yield","0111","Wheat","2018","2018","","","","",""
"QCL","Crops and livestock products","462","Maldives","5510","Production","0111","Wheat","2018","2018","","","","",""
"QCL","Crops and livestock products","462","Maldives","5312","Area harvested","0111","Wheat","2019","2019","","","","",""
"QCL","Crops and livestock products","462","Maldives","5412","Yield","0111","Wheat","2019","2019","","","","",""
"QCL","Crops and livestock products","462","Maldives","5510","Production","0111","Wheat","2019","2019","","","","",""
"QCL","Crops and livestock products","462","Maldives","5312","Area harvested","0111","Wheat","2020","2020","","","","",""
"QCL","Crops and livestock products","462","Maldives","5412","Yield","0111","Wheat","2020","2020","","","","",""
"QCL","Crops and livestock products","462","Maldives","5510","Production","0111","Wheat","2020","2020","","","","",""
"QCL","Crops and livestock products","462","Maldives","5312","Area harvested","0111","Wheat","2021","2021","","","","",""
"QCL","Crops and livestock products","462","Maldives","5412","Yield","0111","Wheat","2021","2021","","","","",""
"QCL","Crops and livestock products","462","Maldives","5510","Production","0111","Wheat","2021","2021","","","","",""
"QCL","Crops and livestock products","462","Maldives","5312","Area harvested","0111","Wheat","2022","2022","","","","",""
"QCL","Crops and livestock products","462","Maldives","5412","Yield","0111","Wheat","2022","2022","","","","",""
"QCL","Crops and livestock products","462","Maldives","5510","Production","0111","Wheat","2022","2022","","","","",""
"QCL","Crops and livestock products","462","Maldives","5312","Area harvested","0111","Wheat","2023","2023","","","","",""
"QCL","Crops and livestock products","462","Maldives","5412","Yield","0111","Wheat","2023","2023","","","","",""
"QCL","Crops and livestock products","462","Maldives","5510","Production","0111","Wheat","2023","2023","","","","",""
"QCL","Crops and livestock products","462","Maldives","5312","Area harvested","0111","Wheat","2024","2024","","","","",""
"QCL","Crops and livestock products","462","Maldives","5412","Yield","0111","Wheat","2024","2024","","","","",""
"QCL","Crops and livestock products","462","Maldives","5510","Production","0111","Wheat","2024","2024","","","","",""
"QCL","Crops and livestock products","466","Mali","5312","Area harvested","0111","Wheat","2015","2015","ha","9075","A","Official value",""
"QCL","Crops and livestock products","466","Mali","5412","Yield","0111","Wheat","2015","2015","kg/ha","3940.1","A","Official value",""
"QCL","Crops and livestock products","466","Mali","5510","Production","0111","Wheat","2015","2015","t","35756","A","Official value",""
"QCL","Crops and livestock products","466","Mali","5312","Area harvested","0111","Wheat","2016","2016","ha","4496","A","Official value",""
"QCL","Crops and livestock products","466","Mali","5412","Yield","0111","Wheat","2016","2016","kg/ha","8927.3","A","Official value",""
"QCL","Crops and livestock products","466","Mali","5510","Production","0111","Wheat","2016","2016","t","40137","A","Official value",""
"QCL","Crops and livestock products","466","Mali","5312","Area harvested","0111","Wheat","2017","2017","ha","4496","A","Official value",""
"QCL","Crops and livestock products","466","Mali","5412","Yield","0111","Wheat","2017","2017","kg/ha","6231.1","A","Official value",""
"QCL","Crops and livestock products","466","Mali","5510","Production","0111","Wheat","2017","2017","t","28015","A","Official value",""
"QCL","Crops and livestock products","466","Mali","5312","Area harvested","0111","Wheat","2018","2018","ha","8240","A","Official value",""
"QCL","Crops and livestock products","466","Mali","5412","Yield","0111","Wheat","2018","2018","kg/ha","3541.9","A","Official value",""
"QCL","Crops and livestock products","466","Mali","5510","Production","0111","Wheat","2018","2018","t","29185","A","Official value",""
"QCL","Crops and livestock products","466","Mali","5312","Area harvested","0111","Wheat","2019","2019","ha","4262","A","Official value",""
"QCL","Crops and livestock products","466","Mali","5412","Yield","0111","Wheat","2019","2019","kg/ha","1930.1","A","Official value",""
"QCL","Crops and livestock products","466","Mali","5510","Production","0111","Wheat","2019","2019","t","8226","A","Official value",""
"QCL","Crops and livestock products","466","Mali","5312","Area harvested","0111","Wheat","2020","2020","ha","7000","A","Official value",""
"QCL","Crops and livestock products","466","Mali","5412","Yield","0111","Wheat","2020","2020","kg/ha","5303.4","A","Official value",""
"QCL","Crops and livestock products","466","Mali","5510","Production","0111","Wheat","2020","2020","t","37124","A","Official value",""
"QCL","Crops and livestock products","466","Mali","5312","Area harvested","0111","Wheat","2021","2021","ha","7000","A","Official value",""
"QCL","Crops and livestock products","466","Mali","5412","Yield","0111","Wheat","2021","2021","kg/ha","3000","A","Official value",""
"QCL","Crops and livestock products","466","Mali","5510","Production","0111","Wheat","2021","2021","t","21000","A","Official value",""
"QCL","Crops and livestock products","466","Mali","5312","Area harvested","0111","Wheat","2022","2022","ha","7289","A","Official value",""
"QCL","Crops and livestock products","466","Mali","5412","Yield","0111","Wheat","2022","2022","kg/ha","4601.7","A","Official value",""
"QCL","Crops and livestock products","466","Mali","5510","Production","0111","Wheat","2022","2022","t","33542","A","Official value",""
"QCL","Crops and livestock products","466","Mali","5312","Area harvested","0111","Wheat","2023","2023","ha","6833","A","Official value",""
"QCL","Crops and livestock products","466","Mali","5412","Yield","0111","Wheat","2023","2023","kg/ha","5634.4","A","Official value",""
"QCL","Crops and livestock products","466","Mali","5510","Production","0111","Wheat","2023","2023","t","38500","A","Official value",""
"QCL","Crops and livestock products","466","Mali","5312","Area harvested","0111","Wheat","2024","2024","ha","13755","A","Official value",""
"QCL","Crops and livestock products","466","Mali","5412","Yield","0111","Wheat","2024","2024","kg/ha","2965.3","A","Official value",""
"QCL","Crops and livestock products","466","Mali","5510","Production","0111","Wheat","2024","2024","t","40788","A","Official value",""
"QCL","Crops and livestock products","470","Malta","5312","Area harvested","0111","Wheat","2015","2015","ha","2003","I","Value imputed by a receiving agency",""
"QCL","Crops and livestock products","470","Malta","5412","Yield","0111","Wheat","2015","2015","kg/ha","4992","E","Estimated value",""
"QCL","Crops and livestock products","470","Malta","5510","Production","0111","Wheat","2015","2015","t","10000","E","Estimated value",""
"QCL","Crops and livestock products","470","Malta","5312","Area harvested","0111","Wheat","2016","2016","ha","2127","I","Value imputed by a receiving agency",""
"QCL","Crops and livestock products","470","Malta","5412","Yield","0111","Wheat","2016","2016","kg/ha","4982.6","E","Estimated value",""
"QCL","Crops and livestock products","470","Malta","5510","Production","0111","Wheat","2016","2016","t","10595.53","I","Value imputed by a receiving agency",""
"QCL","Crops and livestock products","470","Malta","5312","Area harvested","0111","Wheat","2017","2017","ha","2467","I","Value imputed by a receiving agency",""
"QCL","Crops and livestock products","470","Malta","5412","Yield","0111","Wheat","2017","2017","kg/ha","5031.1","E","Estimated value",""
"QCL","Crops and livestock products","470","Malta","5510","Production","0111","Wheat","2017","2017","t","12412.68","I","Value imputed by a receiving agency",""
"QCL","Crops and livestock products","470","Malta","5312","Area harvested","0111","Wheat","2018","2018","ha","0","A","Official value",""
"QCL","Crops and livestock products","470","Malta","5412","Yield","0111","Wheat","2018","2018","","","","",""
"QCL","Crops and livestock products","470","Malta","5510","Production","0111","Wheat","2018","2018","t","0","A","Official value",""
"QCL","Crops and livestock products","470","Malta","5312","Area harvested","0111","Wheat","2019","2019","ha","0","A","Official value",""
"QCL","Crops and livestock products","470","Malta","5412","Yield","0111","Wheat","2019","2019","","","","",""
"QCL","Crops and livestock products","470","Malta","5510","Production","0111","Wheat","2019","2019","t","0","A","Official value",""
"QCL","Crops and livestock products","470","Malta","5312","Area harvested","0111","Wheat","2020","2020","ha","0","A","Official value",""
"QCL","Crops and livestock products","470","Malta","5412","Yield","0111","Wheat","2020","2020","","","","",""
"QCL","Crops and livestock products","470","Malta","5510","Production","0111","Wheat","2020","2020","t","0","A","Official value",""
"QCL","Crops and livestock products","470","Malta","5312","Area harvested","0111","Wheat","2021","2021","ha","0","A","Official value",""
"QCL","Crops and livestock products","470","Malta","5412","Yield","0111","Wheat","2021","2021","","","","",""
"QCL","Crops and livestock products","470","Malta","5510","Production","0111","Wheat","2021","2021","t","0","A","Official value",""
"QCL","Crops and livestock products","470","Malta","5312","Area harvested","0111","Wheat","2022","2022","ha","0","A","Official value",""
"QCL","Crops and livestock products","470","Malta","5412","Yield","0111","Wheat","2022","2022","","","","",""
"QCL","Crops and livestock products","470","Malta","5510","Production","0111","Wheat","2022","2022","t","0","A","Official value",""
"QCL","Crops and livestock products","470","Malta","5312","Area harvested","0111","Wheat","2023","2023","ha","0","A","Official value",""
"QCL","Crops and livestock products","470","Malta","5412","Yield","0111","Wheat","2023","2023","","","","",""
"QCL","Crops and livestock products","470","Malta","5510","Production","0111","Wheat","2023","2023","t","0","A","Official value",""
"QCL","Crops and livestock products","470","Malta","5312","Area harvested","0111","Wheat","2024","2024","ha","0","A","Official value",""
"QCL","Crops and livestock products","470","Malta","5412","Yield","0111","Wheat","2024","2024","","","","",""
"QCL","Crops and livestock products","470","Malta","5510","Production","0111","Wheat","2024","2024","t","0","A","Official value",""
"QCL","Crops and livestock products","584","Marshall Islands","5312","Area harvested","0111","Wheat","2015","2015","","","","",""
"QCL","Crops and livestock products","584","Marshall Islands","5412","Yield","0111","Wheat","2015","2015","","","","",""
"QCL","Crops and livestock products","584","Marshall Islands","5510","Production","0111","Wheat","2015","2015","","","","",""
"QCL","Crops and livestock products","584","Marshall Islands","5312","Area harvested","0111","Wheat","2016","2016","","","","",""
"QCL","Crops and livestock products","584","Marshall Islands","5412","Yield","0111","Wheat","2016","2016","","","","",""
"QCL","Crops and livestock products","584","Marshall Islands","5510","Production","0111","Wheat","2016","2016","","","","",""
"QCL","Crops and livestock products","584","Marshall Islands","5312","Area harvested","0111","Wheat","2017","2017","","","","",""
"QCL","Crops and livestock products","584","Marshall Islands","5412","Yield","0111","Wheat","2017","2017","","","","",""
"QCL","Crops and livestock products","584","Marshall Islands","5510","Production","0111","Wheat","2017","2017","","","","",""
"QCL","Crops and livestock products","584","Marshall Islands","5312","Area harvested","0111","Wheat","2018","2018","","","","",""
"QCL","Crops and livestock products","584","Marshall Islands","5412","Yield","0111","Wheat","2018","2018","","","","",""
"QCL","Crops and livestock products","584","Marshall Islands","5510","Production","0111","Wheat","2018","2018","","","","",""
"QCL","Crops and livestock products","584","Marshall Islands","5312","Area harvested","0111","Wheat","2019","2019","","","","",""
"QCL","Crops and livestock products","584","Marshall Islands","5412","Yield","0111","Wheat","2019","2019","","","","",""
"QCL","Crops and livestock products","584","Marshall Islands","5510","Production","0111","Wheat","2019","2019","","","","",""
"QCL","Crops and livestock products","584","Marshall Islands","5312","Area harvested","0111","Wheat","2020","2020","","","","",""
"QCL","Crops and livestock products","584","Marshall Islands","5412","Yield","0111","Wheat","2020","2020","","","","",""
"QCL","Crops and livestock products","584","Marshall Islands","5510","Production","0111","Wheat","2020","2020","","","","",""
"QCL","Crops and livestock products","584","Marshall Islands","5312","Area harvested","0111","Wheat","2021","2021","","","","",""
"QCL","Crops and livestock products","584","Marshall Islands","5412","Yield","0111","Wheat","2021","2021","","","","",""
"QCL","Crops and livestock products","584","Marshall Islands","5510","Production","0111","Wheat","2021","2021","","","","",""
"QCL","Crops and livestock products","584","Marshall Islands","5312","Area harvested","0111","Wheat","2022","2022","","","","",""
"QCL","Crops and livestock products","584","Marshall Islands","5412","Yield","0111","Wheat","2022","2022","","","","",""
"QCL","Crops and livestock products","584","Marshall Islands","5510","Production","0111","Wheat","2022","2022","","","","",""
"QCL","Crops and livestock products","584","Marshall Islands","5312","Area harvested","0111","Wheat","2023","2023","","","","",""
"QCL","Crops and livestock products","584","Marshall Islands","5412","Yield","0111","Wheat","2023","2023","","","","",""
"QCL","Crops and livestock products","584","Marshall Islands","5510","Production","0111","Wheat","2023","2023","","","","",""
"QCL","Crops and livestock products","584","Marshall Islands","5312","Area harvested","0111","Wheat","2024","2024","","","","",""
"QCL","Crops and livestock products","584","Marshall Islands","5412","Yield","0111","Wheat","2024","2024","","","","",""
"QCL","Crops and livestock products","584","Marshall Islands","5510","Production","0111","Wheat","2024","2024","","","","",""
"QCL","Crops and livestock products","474","Martinique","5312","Area harvested","0111","Wheat","2015","2015","","","","",""
"QCL","Crops and livestock products","474","Martinique","5412","Yield","0111","Wheat","2015","2015","","","","",""
"QCL","Crops and livestock products","474","Martinique","5510","Production","0111","Wheat","2015","2015","","","","",""
"QCL","Crops and livestock products","474","Martinique","5312","Area harvested","0111","Wheat","2016","2016","","","","",""
"QCL","Crops and livestock products","474","Martinique","5412","Yield","0111","Wheat","2016","2016","","","","",""
"QCL","Crops and livestock products","474","Martinique","5510","Production","0111","Wheat","2016","2016","","","","",""
"QCL","Crops and livestock products","474","Martinique","5312","Area harvested","0111","Wheat","2017","2017","","","","",""
"QCL","Crops and livestock products","474","Martinique","5412","Yield","0111","Wheat","2017","2017","","","","",""
"QCL","Crops and livestock products","474","Martinique","5510","Production","0111","Wheat","2017","2017","","","","",""
"QCL","Crops and livestock products","474","Martinique","5312","Area harvested","0111","Wheat","2018","2018","","","","",""
"QCL","Crops and livestock products","474","Martinique","5412","Yield","0111","Wheat","2018","2018","","","","",""
"QCL","Crops and livestock products","474","Martinique","5510","Production","0111","Wheat","2018","2018","","","","",""
"QCL","Crops and livestock products","474","Martinique","5312","Area harvested","0111","Wheat","2019","2019","","","","",""
"QCL","Crops and livestock products","474","Martinique","5412","Yield","0111","Wheat","2019","2019","","","","",""
"QCL","Crops and livestock products","474","Martinique","5510","Production","0111","Wheat","2019","2019","","","","",""
"QCL","Crops and livestock products","474","Martinique","5312","Area harvested","0111","Wheat","2020","2020","","","","",""
"QCL","Crops and livestock products","474","Martinique","5412","Yield","0111","Wheat","2020","2020","","","","",""
"QCL","Crops and livestock products","474","Martinique","5510","Production","0111","Wheat","2020","2020","","","","",""
"QCL","Crops and livestock products","474","Martinique","5312","Area harvested","0111","Wheat","2021","2021","","","","",""
"QCL","Crops and livestock products","474","Martinique","5412","Yield","0111","Wheat","2021","2021","","","","",""
"QCL","Crops and livestock products","474","Martinique","5510","Production","0111","Wheat","2021","2021","","","","",""
"QCL","Crops and livestock products","474","Martinique","5312","Area harvested","0111","Wheat","2022","2022","","","","",""
"QCL","Crops and livestock products","474","Martinique","5412","Yield","0111","Wheat","2022","2022","","","","",""
"QCL","Crops and livestock products","474","Martinique","5510","Production","0111","Wheat","2022","2022","","","","",""
"QCL","Crops and livestock products","474","Martinique","5312","Area harvested","0111","Wheat","2023","2023","","","","",""
"QCL","Crops and livestock products","474","Martinique","5412","Yield","0111","Wheat","2023","2023","","","","",""
"QCL","Crops and livestock products","474","Martinique","5510","Production","0111","Wheat","2023","2023","","","","",""
"QCL","Crops and livestock products","474","Martinique","5312","Area harvested","0111","Wheat","2024","2024","","","","",""
"QCL","Crops and livestock products","474","Martinique","5412","Yield","0111","Wheat","2024","2024","","","","",""
"QCL","Crops and livestock products","474","Martinique","5510","Production","0111","Wheat","2024","2024","","","","",""
"QCL","Crops and livestock products","478","Mauritania","5312","Area harvested","0111","Wheat","2015","2015","ha","3500","X","Value from external organization","Unofficial figure"
"QCL","Crops and livestock products","478","Mauritania","5412","Yield","0111","Wheat","2015","2015","kg/ha","2014.3","X","Value from external organization",""
"QCL","Crops and livestock products","478","Mauritania","5510","Production","0111","Wheat","2015","2015","t","7050","X","Value from external organization","Unofficial figure"
"QCL","Crops and livestock products","478","Mauritania","5312","Area harvested","0111","Wheat","2016","2016","ha","3590","X","Value from external organization","Unofficial figure"
"QCL","Crops and livestock products","478","Mauritania","5412","Yield","0111","Wheat","2016","2016","kg/ha","2150.4","X","Value from external organization",""
"QCL","Crops and livestock products","478","Mauritania","5510","Production","0111","Wheat","2016","2016","t","7720","X","Value from external organization","Unofficial figure"
"QCL","Crops and livestock products","478","Mauritania","5312","Area harvested","0111","Wheat","2017","2017","ha","3559","I","Value imputed by a receiving agency",""
"QCL","Crops and livestock products","478","Mauritania","5412","Yield","0111","Wheat","2017","2017","kg/ha","2128.8","E","Estimated value",""
"QCL","Crops and livestock products","478","Mauritania","5510","Production","0111","Wheat","2017","2017","t","7577.16","I","Value imputed by a receiving agency",""
"QCL","Crops and livestock products","478","Mauritania","5312","Area harvested","0111","Wheat","2018","2018","ha","3497","I","Value imputed by a receiving agency",""
"QCL","Crops and livestock products","478","Mauritania","5412","Yield","0111","Wheat","2018","2018","kg/ha","2132.7","E","Estimated value",""
"QCL","Crops and livestock products","478","Mauritania","5510","Production","0111","Wheat","2018","2018","t","7457.45","I","Value imputed by a receiving agency",""
"QCL","Crops and livestock products","478","Mauritania","5312","Area harvested","0111","Wheat","2019","2019","ha","3434","I","Value imputed by a receiving agency",""
"QCL","Crops and livestock products","478","Mauritania","5412","Yield","0111","Wheat","2019","2019","kg/ha","2148.6","E","Estimated value",""
"QCL","Crops and livestock products","478","Mauritania","5510","Production","0111","Wheat","2019","2019","t","7378.73","I","Value imputed by a receiving agency",""
"QCL","Crops and livestock products","478","Mauritania","5312","Area harvested","0111","Wheat","2020","2020","ha","3369","I","Value imputed by a receiving agency",""
"QCL","Crops and livestock products","478","Mauritania","5412","Yield","0111","Wheat","2020","2020","kg/ha","2158.1","E","Estimated value",""
"QCL","Crops and livestock products","478","Mauritania","5510","Production","0111","Wheat","2020","2020","t","7270.45","I","Value imputed by a receiving agency",""
"QCL","Crops and livestock products","478","Mauritania","5312","Area harvested","0111","Wheat","2021","2021","ha","3173","I","Value imputed by a receiving agency",""
"QCL","Crops and livestock products","478","Mauritania","5412","Yield","0111","Wheat","2021","2021","kg/ha","2205.8","E","Estimated value",""
"QCL","Crops and livestock products","478","Mauritania","5510","Production","0111","Wheat","2021","2021","t","7000","X","Value from external organization","Unofficial figure"
"QCL","Crops and livestock products","478","Mauritania","5312","Area harvested","0111","Wheat","2022","2022","ha","919","I","Value imputed by a receiving agency",""
"QCL","Crops and livestock products","478","Mauritania","5412","Yield","0111","Wheat","2022","2022","kg/ha","2175.3","E","Estimated value",""
"QCL","Crops and livestock products","478","Mauritania","5510","Production","0111","Wheat","2022","2022","t","2000","X","Value from external organization","Unofficial figure"
"QCL","Crops and livestock products","478","Mauritania","5312","Area harvested","0111","Wheat","2023","2023","ha","915","I","Value imputed by a receiving agency",""
"QCL","Crops and livestock products","478","Mauritania","5412","Yield","0111","Wheat","2023","2023","kg/ha","2186.3","E","Estimated value",""
"QCL","Crops and livestock products","478","Mauritania","5510","Production","0111","Wheat","2023","2023","t","2000","X","Value from external organization","Unofficial figure"
"QCL","Crops and livestock products","478","Mauritania","5312","Area harvested","0111","Wheat","2024","2024","ha","933","I","Value imputed by a receiving agency",""
"QCL","Crops and livestock products","478","Mauritania","5412","Yield","0111","Wheat","2024","2024","kg/ha","2197.3","E","Estimated value",""
"QCL","Crops and livestock products","478","Mauritania","5510","Production","0111","Wheat","2024","2024","t","2050.8","I","Value imputed by a receiving agency",""
"QCL","Crops and livestock products","480","Mauritius","5312","Area harvested","0111","Wheat","2015","2015","","","","",""
"QCL","Crops and livestock products","480","Mauritius","5412","Yield","0111","Wheat","2015","2015","","","","",""
"QCL","Crops and livestock products","480","Mauritius","5510","Production","0111","Wheat","2015","2015","","","","",""
"QCL","Crops and livestock products","480","Mauritius","5312","Area harvested","0111","Wheat","2016","2016","","","","",""
"QCL","Crops and livestock products","480","Mauritius","5412","Yield","0111","Wheat","2016","2016","","","","",""
"QCL","Crops and livestock products","480","Mauritius","5510","Production","0111","Wheat","2016","2016","","","","",""
"QCL","Crops and livestock products","480","Mauritius","5312","Area harvested","0111","Wheat","2017","2017","","","","",""
"QCL","Crops and livestock products","480","Mauritius","5412","Yield","0111","Wheat","2017","2017","","","","",""
"QCL","Crops and livestock products","480","Mauritius","5510","Production","0111","Wheat","2017","2017","","","","",""
"QCL","Crops and livestock products","480","Mauritius","5312","Area harvested","0111","Wheat","2018","2018","","","","",""
"QCL","Crops and livestock products","480","Mauritius","5412","Yield","0111","Wheat","2018","2018","","","","",""
"QCL","Crops and livestock products","480","Mauritius","5510","Production","0111","Wheat","2018","2018","","","","",""
"QCL","Crops and livestock products","480","Mauritius","5312","Area harvested","0111","Wheat","2019","2019","","","","",""
"QCL","Crops and livestock products","480","Mauritius","5412","Yield","0111","Wheat","2019","2019","","","","",""
"QCL","Crops and livestock products","480","Mauritius","5510","Production","0111","Wheat","2019","2019","","","","",""
"QCL","Crops and livestock products","480","Mauritius","5312","Area harvested","0111","Wheat","2020","2020","","","","",""
"QCL","Crops and livestock products","480","Mauritius","5412","Yield","0111","Wheat","2020","2020","","","","",""
"QCL","Crops and livestock products","480","Mauritius","5510","Production","0111","Wheat","2020","2020","","","","",""
"QCL","Crops and livestock products","480","Mauritius","5312","Area harvested","0111","Wheat","2021","2021","","","","",""
"QCL","Crops and livestock products","480","Mauritius","5412","Yield","0111","Wheat","2021","2021","","","","",""
"QCL","Crops and livestock products","480","Mauritius","5510","Production","0111","Wheat","2021","2021","","","","",""
"QCL","Crops and livestock products","480","Mauritius","5312","Area harvested","0111","Wheat","2022","2022","","","","",""
"QCL","Crops and livestock products","480","Mauritius","5412","Yield","0111","Wheat","2022","2022","","","","",""
"QCL","Crops and livestock products","480","Mauritius","5510","Production","0111","Wheat","2022","2022","","","","",""
"QCL","Crops and livestock products","480","Mauritius","5312","Area harvested","0111","Wheat","2023","2023","","","","",""
"QCL","Crops and livestock products","480","Mauritius","5412","Yield","0111","Wheat","2023","2023","","","","",""
"QCL","Crops and livestock products","480","Mauritius","5510","Production","0111","Wheat","2023","2023","","","","",""
"QCL","Crops and livestock products","480","Mauritius","5312","Area harvested","0111","Wheat","2024","2024","","","","",""
"QCL","Crops and livestock products","480","Mauritius","5412","Yield","0111","Wheat","2024","2024","","","","",""
"QCL","Crops and livestock products","480","Mauritius","5510","Production","0111","Wheat","2024","2024","","","","",""
"QCL","Crops and livestock products","484","Mexico","5312","Area harvested","0111","Wheat","2015","2015","ha","819928","A","Official value",""
"QCL","Crops and livestock products","484","Mexico","5412","Yield","0111","Wheat","2015","2015","kg/ha","4525.6","A","Official value",""
"QCL","Crops and livestock products","484","Mexico","5510","Production","0111","Wheat","2015","2015","t","3710706.27","A","Official value",""
"QCL","Crops and livestock products","484","Mexico","5312","Area harvested","0111","Wheat","2016","2016","ha","723559","A","Official value",""
"QCL","Crops and livestock products","484","Mexico","5412","Yield","0111","Wheat","2016","2016","kg/ha","5338.8","A","Official value",""
"QCL","Crops and livestock products","484","Mexico","5510","Production","0111","Wheat","2016","2016","t","3862914.27","A","Official value",""
"QCL","Crops and livestock products","484","Mexico","5312","Area harvested","0111","Wheat","2017","2017","ha","661450","A","Official value",""
"QCL","Crops and livestock products","484","Mexico","5412","Yield","0111","Wheat","2017","2017","kg/ha","5296.7","A","Official value",""
"QCL","Crops and livestock products","484","Mexico","5510","Production","0111","Wheat","2017","2017","t","3503521","A","Official value",""
"QCL","Crops and livestock products","484","Mexico","5312","Area harvested","0111","Wheat","2018","2018","ha","541345","A","Official value",""
"QCL","Crops and livestock products","484","Mexico","5412","Yield","0111","Wheat","2018","2018","kg/ha","5437.3","A","Official value",""
"QCL","Crops and livestock products","484","Mexico","5510","Production","0111","Wheat","2018","2018","t","2943445.12","A","Official value",""
"QCL","Crops and livestock products","484","Mexico","5312","Area harvested","0111","Wheat","2019","2019","ha","586543","A","Official value",""
"QCL","Crops and livestock products","484","Mexico","5412","Yield","0111","Wheat","2019","2019","kg/ha","5530.8","A","Official value",""
"QCL","Crops and livestock products","484","Mexico","5510","Production","0111","Wheat","2019","2019","t","3244062.03","A","Official value",""
"QCL","Crops and livestock products","484","Mexico","5312","Area harvested","0111","Wheat","2020","2020","ha","561282","A","Official value",""
"QCL","Crops and livestock products","484","Mexico","5412","Yield","0111","Wheat","2020","2020","kg/ha","5321.2","A","Official value",""
"QCL","Crops and livestock products","484","Mexico","5510","Production","0111","Wheat","2020","2020","t","2986689.24","A","Official value",""
"QCL","Crops and livestock products","484","Mexico","5312","Area harvested","0111","Wheat","2021","2021","ha","547779","A","Official value",""
"QCL","Crops and livestock products","484","Mexico","5412","Yield","0111","Wheat","2021","2021","kg/ha","5994.4","A","Official value",""
"QCL","Crops and livestock products","484","Mexico","5510","Production","0111","Wheat","2021","2021","t","3283613.73","A","Official value",""
"QCL","Crops and livestock products","484","Mexico","5312","Area harvested","0111","Wheat","2022","2022","ha","595823","A","Official value",""
"QCL","Crops and livestock products","484","Mexico","5412","Yield","0111","Wheat","2022","2022","kg/ha","6060.3","A","Official value",""
"QCL","Crops and livestock products","484","Mexico","5510","Production","0111","Wheat","2022","2022","t","3610847.35","A","Official value",""
"QCL","Crops and livestock products","484","Mexico","5312","Area harvested","0111","Wheat","2023","2023","ha","560369","A","Official value",""
"QCL","Crops and livestock products","484","Mexico","5412","Yield","0111","Wheat","2023","2023","kg/ha","6203.1","A","Official value",""
"QCL","Crops and livestock products","484","Mexico","5510","Production","0111","Wheat","2023","2023","t","3476026.8","A","Official value",""
"QCL","Crops and livestock products","484","Mexico","5312","Area harvested","0111","Wheat","2024","2024","ha","468036","A","Official value",""
"QCL","Crops and livestock products","484","Mexico","5412","Yield","0111","Wheat","2024","2024","kg/ha","5658.5","A","Official value",""
"QCL","Crops and livestock products","484","Mexico","5510","Production","0111","Wheat","2024","2024","t","2648377.74","A","Official value",""
"QCL","Crops and livestock products","583","Micronesia (Federated States of)","5312","Area harvested","0111","Wheat","2015","2015","","","","",""
"QCL","Crops and livestock products","583","Micronesia (Federated States of)","5412","Yield","0111","Wheat","2015","2015","","","","",""
"QCL","Crops and livestock products","583","Micronesia (Federated States of)","5510","Production","0111","Wheat","2015","2015","","","","",""
"QCL","Crops and livestock products","583","Micronesia (Federated States of)","5312","Area harvested","0111","Wheat","2016","2016","","","","",""
"QCL","Crops and livestock products","583","Micronesia (Federated States of)","5412","Yield","0111","Wheat","2016","2016","","","","",""
"QCL","Crops and livestock products","583","Micronesia (Federated States of)","5510","Production","0111","Wheat","2016","2016","","","","",""
"QCL","Crops and livestock products","583","Micronesia (Federated States of)","5312","Area harvested","0111","Wheat","2017","2017","","","","",""
"QCL","Crops and livestock products","583","Micronesia (Federated States of)","5412","Yield","0111","Wheat","2017","2017","","","","",""
"QCL","Crops and livestock products","583","Micronesia (Federated States of)","5510","Production","0111","Wheat","2017","2017","","","","",""
"QCL","Crops and livestock products","583","Micronesia (Federated States of)","5312","Area harvested","0111","Wheat","2018","2018","","","","",""
"QCL","Crops and livestock products","583","Micronesia (Federated States of)","5412","Yield","0111","Wheat","2018","2018","","","","",""
"QCL","Crops and livestock products","583","Micronesia (Federated States of)","5510","Production","0111","Wheat","2018","2018","","","","",""
"QCL","Crops and livestock products","583","Micronesia (Federated States of)","5312","Area harvested","0111","Wheat","2019","2019","","","","",""
"QCL","Crops and livestock products","583","Micronesia (Federated States of)","5412","Yield","0111","Wheat","2019","2019","","","","",""
"QCL","Crops and livestock products","583","Micronesia (Federated States of)","5510","Production","0111","Wheat","2019","2019","","","","",""
"QCL","Crops and livestock products","583","Micronesia (Federated States of)","5312","Area harvested","0111","Wheat","2020","2020","","","","",""
"QCL","Crops and livestock products","583","Micronesia (Federated States of)","5412","Yield","0111","Wheat","2020","2020","","","","",""
"QCL","Crops and livestock products","583","Micronesia (Federated States of)","5510","Production","0111","Wheat","2020","2020","","","","",""
"QCL","Crops and livestock products","583","Micronesia (Federated States of)","5312","Area harvested","0111","Wheat","2021","2021","","","","",""
"QCL","Crops and livestock products","583","Micronesia (Federated States of)","5412","Yield","0111","Wheat","2021","2021","","","","",""
"QCL","Crops and livestock products","583","Micronesia (Federated States of)","5510","Production","0111","Wheat","2021","2021","","","","",""
"QCL","Crops and livestock products","583","Micronesia (Federated States of)","5312","Area harvested","0111","Wheat","2022","2022","","","","",""
"QCL","Crops and livestock products","583","Micronesia (Federated States of)","5412","Yield","0111","Wheat","2022","2022","","","","",""
"QCL","Crops and livestock products","583","Micronesia (Federated States of)","5510","Production","0111","Wheat","2022","2022","","","","",""
"QCL","Crops and livestock products","583","Micronesia (Federated States of)","5312","Area harvested","0111","Wheat","2023","2023","","","","",""
"QCL","Crops and livestock products","583","Micronesia (Federated States of)","5412","Yield","0111","Wheat","2023","2023","","","","",""
"QCL","Crops and livestock products","583","Micronesia (Federated States of)","5510","Production","0111","Wheat","2023","2023","","","","",""
"QCL","Crops and livestock products","583","Micronesia (Federated States of)","5312","Area harvested","0111","Wheat","2024","2024","","","","",""
"QCL","Crops and livestock products","583","Micronesia (Federated States of)","5412","Yield","0111","Wheat","2024","2024","","","","",""
"QCL","Crops and livestock products","583","Micronesia (Federated States of)","5510","Production","0111","Wheat","2024","2024","","","","",""
"QCL","Crops and livestock products","496","Mongolia","5312","Area harvested","0111","Wheat","2015","2015","ha","361219","A","Official value",""
"QCL","Crops and livestock products","496","Mongolia","5412","Yield","0111","Wheat","2015","2015","kg/ha","571.7","A","Official value",""
"QCL","Crops and livestock products","496","Mongolia","5510","Production","0111","Wheat","2015","2015","t","206508","A","Official value",""
"QCL","Crops and livestock products","496","Mongolia","5312","Area harvested","0111","Wheat","2016","2016","ha","355075","A","Official value",""
"QCL","Crops and livestock products","496","Mongolia","5412","Yield","0111","Wheat","2016","2016","kg/ha","1315.4","A","Official value",""
"QCL","Crops and livestock products","496","Mongolia","5510","Production","0111","Wheat","2016","2016","t","467052.79","A","Official value",""
"QCL","Crops and livestock products","496","Mongolia","5312","Area harvested","0111","Wheat","2017","2017","ha","270989","A","Official value",""
"QCL","Crops and livestock products","496","Mongolia","5412","Yield","0111","Wheat","2017","2017","kg/ha","853.8","A","Official value",""
"QCL","Crops and livestock products","496","Mongolia","5510","Production","0111","Wheat","2017","2017","t","231364.35","A","Official value",""
"QCL","Crops and livestock products","496","Mongolia","5312","Area harvested","0111","Wheat","2018","2018","ha","307897","A","Official value",""
"QCL","Crops and livestock products","496","Mongolia","5412","Yield","0111","Wheat","2018","2018","kg/ha","1416.4","A","Official value",""
"QCL","Crops and livestock products","496","Mongolia","5510","Production","0111","Wheat","2018","2018","t","436114.89","A","Official value",""
"QCL","Crops and livestock products","496","Mongolia","5312","Area harvested","0111","Wheat","2019","2019","ha","321040","A","Official value",""
"QCL","Crops and livestock products","496","Mongolia","5412","Yield","0111","Wheat","2019","2019","kg/ha","1281.5","A","Official value",""
"QCL","Crops and livestock products","496","Mongolia","5510","Production","0111","Wheat","2019","2019","t","411414.78","A","Official value",""
"QCL","Crops and livestock products","496","Mongolia","5312","Area harvested","0111","Wheat","2020","2020","ha","328831","A","Official value",""
"QCL","Crops and livestock products","496","Mongolia","5412","Yield","0111","Wheat","2020","2020","kg/ha","1235.1","A","Official value",""
"QCL","Crops and livestock products","496","Mongolia","5510","Production","0111","Wheat","2020","2020","t","406129.13","A","Official value",""
"QCL","Crops and livestock products","496","Mongolia","5312","Area harvested","0111","Wheat","2021","2021","ha","392503","A","Official value",""
"QCL","Crops and livestock products","496","Mongolia","5412","Yield","0111","Wheat","2021","2021","kg/ha","1442.7","A","Official value",""
"QCL","Crops and livestock products","496","Mongolia","5510","Production","0111","Wheat","2021","2021","t","566273.03","A","Official value",""
"QCL","Crops and livestock products","496","Mongolia","5312","Area harvested","0111","Wheat","2022","2022","ha","357950","A","Official value",""
"QCL","Crops and livestock products","496","Mongolia","5412","Yield","0111","Wheat","2022","2022","kg/ha","1122.8","A","Official value",""
"QCL","Crops and livestock products","496","Mongolia","5510","Production","0111","Wheat","2022","2022","t","401903.45","A","Official value",""
"QCL","Crops and livestock products","496","Mongolia","5312","Area harvested","0111","Wheat","2023","2023","ha","335807","A","Official value",""
"QCL","Crops and livestock products","496","Mongolia","5412","Yield","0111","Wheat","2023","2023","kg/ha","1320.4","A","Official value",""
"QCL","Crops and livestock products","496","Mongolia","5510","Production","0111","Wheat","2023","2023","t","443415.59","A","Official value",""
"QCL","Crops and livestock products","496","Mongolia","5312","Area harvested","0111","Wheat","2024","2024","ha","317739","A","Official value",""
"QCL","Crops and livestock products","496","Mongolia","5412","Yield","0111","Wheat","2024","2024","kg/ha","1250.3","A","Official value",""
"QCL","Crops and livestock products","496","Mongolia","5510","Production","0111","Wheat","2024","2024","t","397258.23","A","Official value",""
"QCL","Crops and livestock products","499","Montenegro","5312","Area harvested","0111","Wheat","2015","2015","ha","736","A","Official value",""
"QCL","Crops and livestock products","499","Montenegro","5412","Yield","0111","Wheat","2015","2015","kg/ha","2868.2","A","Official value",""
"QCL","Crops and livestock products","499","Montenegro","5510","Production","0111","Wheat","2015","2015","t","2111","A","Official value",""
"QCL","Crops and livestock products","499","Montenegro","5312","Area harvested","0111","Wheat","2016","2016","ha","747","A","Official value",""
"QCL","Crops and livestock products","499","Montenegro","5412","Yield","0111","Wheat","2016","2016","kg/ha","3150.6","A","Official value",""
"QCL","Crops and livestock products","499","Montenegro","5510","Production","0111","Wheat","2016","2016","t","2353.8","A","Official value",""
"QCL","Crops and livestock products","499","Montenegro","5312","Area harvested","0111","Wheat","2017","2017","ha","766","A","Official value",""
"QCL","Crops and livestock products","499","Montenegro","5412","Yield","0111","Wheat","2017","2017","kg/ha","3213.5","A","Official value",""
"QCL","Crops and livestock products","499","Montenegro","5510","Production","0111","Wheat","2017","2017","t","2462.5","A","Official value",""
"QCL","Crops and livestock products","499","Montenegro","5312","Area harvested","0111","Wheat","2018","2018","ha","769","A","Official value",""
"QCL","Crops and livestock products","499","Montenegro","5412","Yield","0111","Wheat","2018","2018","kg/ha","3208.8","A","Official value",""
"QCL","Crops and livestock products","499","Montenegro","5510","Production","0111","Wheat","2018","2018","t","2466.9","A","Official value",""
"QCL","Crops and livestock products","499","Montenegro","5312","Area harvested","0111","Wheat","2019","2019","ha","770","A","Official value",""
"QCL","Crops and livestock products","499","Montenegro","5412","Yield","0111","Wheat","2019","2019","kg/ha","2788.3","A","Official value",""
"QCL","Crops and livestock products","499","Montenegro","5510","Production","0111","Wheat","2019","2019","t","2147","A","Official value",""
"QCL","Crops and livestock products","499","Montenegro","5312","Area harvested","0111","Wheat","2020","2020","ha","735","A","Official value",""
"QCL","Crops and livestock products","499","Montenegro","5412","Yield","0111","Wheat","2020","2020","kg/ha","3046.3","A","Official value",""
"QCL","Crops and livestock products","499","Montenegro","5510","Production","0111","Wheat","2020","2020","t","2239","A","Official value",""
"QCL","Crops and livestock products","499","Montenegro","5312","Area harvested","0111","Wheat","2021","2021","ha","722","A","Official value",""
"QCL","Crops and livestock products","499","Montenegro","5412","Yield","0111","Wheat","2021","2021","kg/ha","2846.3","A","Official value",""
"QCL","Crops and livestock products","499","Montenegro","5510","Production","0111","Wheat","2021","2021","t","2055","A","Official value",""
"QCL","Crops and livestock products","499","Montenegro","5312","Area harvested","0111","Wheat","2022","2022","ha","757","A","Official value",""
"QCL","Crops and livestock products","499","Montenegro","5412","Yield","0111","Wheat","2022","2022","kg/ha","2742.4","A","Official value",""
"QCL","Crops and livestock products","499","Montenegro","5510","Production","0111","Wheat","2022","2022","t","2074.9","A","Official value",""
"QCL","Crops and livestock products","499","Montenegro","5312","Area harvested","0111","Wheat","2023","2023","ha","757","A","Official value",""
"QCL","Crops and livestock products","499","Montenegro","5412","Yield","0111","Wheat","2023","2023","kg/ha","2790.5","A","Official value",""
"QCL","Crops and livestock products","499","Montenegro","5510","Production","0111","Wheat","2023","2023","t","2111.3","A","Official value",""
"QCL","Crops and livestock products","499","Montenegro","5312","Area harvested","0111","Wheat","2024","2024","ha","659","A","Official value",""
"QCL","Crops and livestock products","499","Montenegro","5412","Yield","0111","Wheat","2024","2024","kg/ha","2840","A","Official value",""
"QCL","Crops and livestock products","499","Montenegro","5510","Production","0111","Wheat","2024","2024","t","1870.4","A","Official value",""
"QCL","Crops and livestock products","504","Morocco","5312","Area harvested","0111","Wheat","2015","2015","ha","3273869","A","Official value",""
"QCL","Crops and livestock products","504","Morocco","5412","Yield","0111","Wheat","2015","2015","kg/ha","2466.4","A","Official value",""
"QCL","Crops and livestock products","504","Morocco","5510","Production","0111","Wheat","2015","2015","t","8074658.89","A","Official value",""
"QCL","Crops and livestock products","504","Morocco","5312","Area harvested","0111","Wheat","2016","2016","ha","2413638","A","Official value",""
"QCL","Crops and livestock products","504","Morocco","5412","Yield","0111","Wheat","2016","2016","kg/ha","1131.5","A","Official value",""
"QCL","Crops and livestock products","504","Morocco","5510","Production","0111","Wheat","2016","2016","t","2731123","A","Official value",""
"QCL","Crops and livestock products","504","Morocco","5312","Area harvested","0111","Wheat","2017","2017","ha","3384225","A","Official value",""
"QCL","Crops and livestock products","504","Morocco","5412","Yield","0111","Wheat","2017","2017","kg/ha","2095.3","A","Official value",""
"QCL","Crops and livestock products","504","Morocco","5510","Production","0111","Wheat","2017","2017","t","7090817","A","Official value",""
"QCL","Crops and livestock products","504","Morocco","5312","Area harvested","0111","Wheat","2018","2018","ha","2842748","A","Official value",""
"QCL","Crops and livestock products","504","Morocco","5412","Yield","0111","Wheat","2018","2018","kg/ha","2575.2","A","Official value",""
"QCL","Crops and livestock products","504","Morocco","5510","Production","0111","Wheat","2018","2018","t","7320620.11","A","Official value",""
"QCL","Crops and livestock products","504","Morocco","5312","Area harvested","0111","Wheat","2019","2019","ha","2505987","A","Official value",""
"QCL","Crops and livestock products","504","Morocco","5412","Yield","0111","Wheat","2019","2019","kg/ha","1606.3","A","Official value",""
"QCL","Crops and livestock products","504","Morocco","5510","Production","0111","Wheat","2019","2019","t","4025302.52","A","Official value",""
"QCL","Crops and livestock products","504","Morocco","5312","Area harvested","0111","Wheat","2020","2020","ha","2845290","A","Official value",""
"QCL","Crops and livestock products","504","Morocco","5412","Yield","0111","Wheat","2020","2020","kg/ha","900.4","A","Official value",""
"QCL","Crops and livestock products","504","Morocco","5510","Production","0111","Wheat","2020","2020","t","2561897.5","A","Official value",""
"QCL","Crops and livestock products","504","Morocco","5312","Area harvested","0111","Wheat","2021","2021","ha","2864567","A","Official value",""
"QCL","Crops and livestock products","504","Morocco","5412","Yield","0111","Wheat","2021","2021","kg/ha","2633.5","A","Official value",""
"QCL","Crops and livestock products","504","Morocco","5510","Production","0111","Wheat","2021","2021","t","7543847.9","A","Official value",""
"QCL","Crops and livestock products","504","Morocco","5312","Area harvested","0111","Wheat","2022","2022","ha","2436350","A","Official value",""
"QCL","Crops and livestock products","504","Morocco","5412","Yield","0111","Wheat","2022","2022","kg/ha","1111.4","A","Official value",""
"QCL","Crops and livestock products","504","Morocco","5510","Production","0111","Wheat","2022","2022","t","2707652.17","A","Official value",""
"QCL","Crops and livestock products","504","Morocco","5312","Area harvested","0111","Wheat","2023","2023","ha","2434223","A","Official value",""
"QCL","Crops and livestock products","504","Morocco","5412","Yield","0111","Wheat","2023","2023","kg/ha","1708.3","A","Official value",""
"QCL","Crops and livestock products","504","Morocco","5510","Production","0111","Wheat","2023","2023","t","4158471.49","A","Official value",""
"QCL","Crops and livestock products","504","Morocco","5312","Area harvested","0111","Wheat","2024","2024","ha","1758589","A","Official value",""
"QCL","Crops and livestock products","504","Morocco","5412","Yield","0111","Wheat","2024","2024","kg/ha","1388.4","A","Official value",""
"QCL","Crops and livestock products","504","Morocco","5510","Production","0111","Wheat","2024","2024","t","2441670.47","A","Official value",""
"QCL","Crops and livestock products","508","Mozambique","5312","Area harvested","0111","Wheat","2015","2015","ha","18800","A","Official value",""
"QCL","Crops and livestock products","508","Mozambique","5412","Yield","0111","Wheat","2015","2015","kg/ha","1078.7","A","Official value",""
"QCL","Crops and livestock products","508","Mozambique","5510","Production","0111","Wheat","2015","2015","t","20280","A","Official value",""
"QCL","Crops and livestock products","508","Mozambique","5312","Area harvested","0111","Wheat","2016","2016","ha","15623","A","Official value",""
"QCL","Crops and livestock products","508","Mozambique","5412","Yield","0111","Wheat","2016","2016","kg/ha","1093.8","A","Official value",""
"QCL","Crops and livestock products","508","Mozambique","5510","Production","0111","Wheat","2016","2016","t","17088","A","Official value",""
"QCL","Crops and livestock products","508","Mozambique","5312","Area harvested","0111","Wheat","2017","2017","ha","15500","A","Official value",""
"QCL","Crops and livestock products","508","Mozambique","5412","Yield","0111","Wheat","2017","2017","kg/ha","1103.2","A","Official value",""
"QCL","Crops and livestock products","508","Mozambique","5510","Production","0111","Wheat","2017","2017","t","17100","A","Official value",""
"QCL","Crops and livestock products","508","Mozambique","5312","Area harvested","0111","Wheat","2018","2018","ha","15008","I","Value imputed by a receiving agency",""
"QCL","Crops and livestock products","508","Mozambique","5412","Yield","0111","Wheat","2018","2018","kg/ha","1132.7","E","Estimated value",""
"QCL","Crops and livestock products","508","Mozambique","5510","Production","0111","Wheat","2018","2018","t","17000","A","Official value",""
"QCL","Crops and livestock products","508","Mozambique","5312","Area harvested","0111","Wheat","2019","2019","ha","16000","X","Value from external organization","Unofficial figure"
"QCL","Crops and livestock products","508","Mozambique","5412","Yield","0111","Wheat","2019","2019","kg/ha","1125","X","Value from external organization",""
"QCL","Crops and livestock products","508","Mozambique","5510","Production","0111","Wheat","2019","2019","t","18000","X","Value from external organization","Unofficial figure"
"QCL","Crops and livestock products","508","Mozambique","5312","Area harvested","0111","Wheat","2020","2020","ha","13000","X","Value from external organization","Unofficial figure"
"QCL","Crops and livestock products","508","Mozambique","5412","Yield","0111","Wheat","2020","2020","kg/ha","1153.8","X","Value from external organization",""
"QCL","Crops and livestock products","508","Mozambique","5510","Production","0111","Wheat","2020","2020","t","15000","X","Value from external organization","Unofficial figure"
"QCL","Crops and livestock products","508","Mozambique","5312","Area harvested","0111","Wheat","2021","2021","ha","13000","X","Value from external organization","Unofficial figure"
"QCL","Crops and livestock products","508","Mozambique","5412","Yield","0111","Wheat","2021","2021","kg/ha","1153.8","X","Value from external organization",""
"QCL","Crops and livestock products","508","Mozambique","5510","Production","0111","Wheat","2021","2021","t","15000","X","Value from external organization","Unofficial figure"
"QCL","Crops and livestock products","508","Mozambique","5312","Area harvested","0111","Wheat","2022","2022","ha","16000","X","Value from external organization","Unofficial figure"
"QCL","Crops and livestock products","508","Mozambique","5412","Yield","0111","Wheat","2022","2022","kg/ha","1000","X","Value from external organization",""
"QCL","Crops and livestock products","508","Mozambique","5510","Production","0111","Wheat","2022","2022","t","16000","X","Value from external organization","Unofficial figure"
"QCL","Crops and livestock products","508","Mozambique","5312","Area harvested","0111","Wheat","2023","2023","ha","16000","X","Value from external organization","Unofficial figure"
"QCL","Crops and livestock products","508","Mozambique","5412","Yield","0111","Wheat","2023","2023","kg/ha","1000","X","Value from external organization",""
"QCL","Crops and livestock products","508","Mozambique","5510","Production","0111","Wheat","2023","2023","t","16000","X","Value from external organization","Unofficial figure"
"QCL","Crops and livestock products","508","Mozambique","5312","Area harvested","0111","Wheat","2024","2024","ha","16000","X","Value from external organization","Unofficial figure"
"QCL","Crops and livestock products","508","Mozambique","5412","Yield","0111","Wheat","2024","2024","kg/ha","312.5","X","Value from external organization",""
"QCL","Crops and livestock products","508","Mozambique","5510","Production","0111","Wheat","2024","2024","t","5000","X","Value from external organization","Unofficial figure"
"QCL","Crops and livestock products","104","Myanmar","5312","Area harvested","0111","Wheat","2015","2015","ha","96315","A","Official value",""
"QCL","Crops and livestock products","104","Myanmar","5412","Yield","0111","Wheat","2015","2015","kg/ha","1861.6","A","Official value",""
"QCL","Crops and livestock products","104","Myanmar","5510","Production","0111","Wheat","2015","2015","t","179300","A","Official value",""
"QCL","Crops and livestock products","104","Myanmar","5312","Area harvested","0111","Wheat","2016","2016","ha","86548","A","Official value",""
"QCL","Crops and livestock products","104","Myanmar","5412","Yield","0111","Wheat","2016","2016","kg/ha","1185.9","A","Official value",""
"QCL","Crops and livestock products","104","Myanmar","5510","Production","0111","Wheat","2016","2016","t","102636","A","Official value",""
"QCL","Crops and livestock products","104","Myanmar","5312","Area harvested","0111","Wheat","2017","2017","ha","65448","A","Official value",""
"QCL","Crops and livestock products","104","Myanmar","5412","Yield","0111","Wheat","2017","2017","kg/ha","1883.2","A","Official value",""
"QCL","Crops and livestock products","104","Myanmar","5510","Production","0111","Wheat","2017","2017","t","123251.86","A","Official value",""
"QCL","Crops and livestock products","104","Myanmar","5312","Area harvested","0111","Wheat","2018","2018","ha","61940","A","Official value",""
"QCL","Crops and livestock products","104","Myanmar","5412","Yield","0111","Wheat","2018","2018","kg/ha","1872.7","A","Official value",""
"QCL","Crops and livestock products","104","Myanmar","5510","Production","0111","Wheat","2018","2018","t","115995.52","A","Official value",""
"QCL","Crops and livestock products","104","Myanmar","5312","Area harvested","0111","Wheat","2019","2019","ha","58866","A","Official value",""
"QCL","Crops and livestock products","104","Myanmar","5412","Yield","0111","Wheat","2019","2019","kg/ha","1879.9","A","Official value",""
"QCL","Crops and livestock products","104","Myanmar","5510","Production","0111","Wheat","2019","2019","t","110663","A","Official value",""
"QCL","Crops and livestock products","104","Myanmar","5312","Area harvested","0111","Wheat","2020","2020","ha","56593","A","Official value",""
"QCL","Crops and livestock products","104","Myanmar","5412","Yield","0111","Wheat","2020","2020","kg/ha","1863.4","A","Official value",""
"QCL","Crops and livestock products","104","Myanmar","5510","Production","0111","Wheat","2020","2020","t","105457","A","Official value",""
"QCL","Crops and livestock products","104","Myanmar","5312","Area harvested","0111","Wheat","2021","2021","ha","53500","A","Official value",""
"QCL","Crops and livestock products","104","Myanmar","5412","Yield","0111","Wheat","2021","2021","kg/ha","1861.8","A","Official value",""
"QCL","Crops and livestock products","104","Myanmar","5510","Production","0111","Wheat","2021","2021","t","99607","A","Official value",""
"QCL","Crops and livestock products","104","Myanmar","5312","Area harvested","0111","Wheat","2022","2022","ha","52400","A","Official value",""
"QCL","Crops and livestock products","104","Myanmar","5412","Yield","0111","Wheat","2022","2022","kg/ha","1845.9","A","Official value",""
"QCL","Crops and livestock products","104","Myanmar","5510","Production","0111","Wheat","2022","2022","t","96723","A","Official value",""
"QCL","Crops and livestock products","104","Myanmar","5312","Area harvested","0111","Wheat","2023","2023","ha","58000","X","Value from external organization","Unofficial figure"
"QCL","Crops and livestock products","104","Myanmar","5412","Yield","0111","Wheat","2023","2023","kg/ha","1379.3","X","Value from external organization",""
"QCL","Crops and livestock products","104","Myanmar","5510","Production","0111","Wheat","2023","2023","t","80000","X","Value from external organization","Unofficial figure"
"QCL","Crops and livestock products","104","Myanmar","5312","Area harvested","0111","Wheat","2024","2024","ha","55000","X","Value from external organization","Unofficial figure"
"QCL","Crops and livestock products","104","Myanmar","5412","Yield","0111","Wheat","2024","2024","kg/ha","1454.5","X","Value from external organization",""
"QCL","Crops and livestock products","104","Myanmar","5510","Production","0111","Wheat","2024","2024","t","80000","X","Value from external organization","Unofficial figure"
"QCL","Crops and livestock products","516","Namibia","5312","Area harvested","0111","Wheat","2015","2015","ha","1799","I","Value imputed by a receiving agency",""
"QCL","Crops and livestock products","516","Namibia","5412","Yield","0111","Wheat","2015","2015","kg/ha","5639.5","E","Estimated value",""
"QCL","Crops and livestock products","516","Namibia","5510","Production","0111","Wheat","2015","2015","t","10147.71","I","Value imputed by a receiving agency",""
"QCL","Crops and livestock products","516","Namibia","5312","Area harvested","0111","Wheat","2016","2016","ha","2077","A","Official value",""
"QCL","Crops and livestock products","516","Namibia","5412","Yield","0111","Wheat","2016","2016","kg/ha","4728.9","A","Official value",""
"QCL","Crops and livestock products","516","Namibia","5510","Production","0111","Wheat","2016","2016","t","9822","A","Official value",""
"QCL","Crops and livestock products","516","Namibia","5312","Area harvested","0111","Wheat","2017","2017","ha","1149","A","Official value",""
"QCL","Crops and livestock products","516","Namibia","5412","Yield","0111","Wheat","2017","2017","kg/ha","5306.1","A","Official value",""
"QCL","Crops and livestock products","516","Namibia","5510","Production","0111","Wheat","2017","2017","t","6094","A","Official value",""
"QCL","Crops and livestock products","516","Namibia","5312","Area harvested","0111","Wheat","2018","2018","ha","1149","A","Official value",""
"QCL","Crops and livestock products","516","Namibia","5412","Yield","0111","Wheat","2018","2018","kg/ha","5306.1","A","Official value",""
"QCL","Crops and livestock products","516","Namibia","5510","Production","0111","Wheat","2018","2018","t","6094","A","Official value",""
"QCL","Crops and livestock products","516","Namibia","5312","Area harvested","0111","Wheat","2019","2019","ha","1108","I","Value imputed by a receiving agency",""
"QCL","Crops and livestock products","516","Namibia","5412","Yield","0111","Wheat","2019","2019","kg/ha","5505.8","E","Estimated value",""
"QCL","Crops and livestock products","516","Namibia","5510","Production","0111","Wheat","2019","2019","t","6100","A","Official value",""
"QCL","Crops and livestock products","516","Namibia","5312","Area harvested","0111","Wheat","2020","2020","ha","2068","A","Official value",""
"QCL","Crops and livestock products","516","Namibia","5412","Yield","0111","Wheat","2020","2020","kg/ha","5560","A","Official value",""
"QCL","Crops and livestock products","516","Namibia","5510","Production","0111","Wheat","2020","2020","t","11498","A","Official value",""
"QCL","Crops and livestock products","516","Namibia","5312","Area harvested","0111","Wheat","2021","2021","ha","2068","A","Official value",""
"QCL","Crops and livestock products","516","Namibia","5412","Yield","0111","Wheat","2021","2021","kg/ha","5560","A","Official value",""
"QCL","Crops and livestock products","516","Namibia","5510","Production","0111","Wheat","2021","2021","t","11498","A","Official value",""
"QCL","Crops and livestock products","516","Namibia","5312","Area harvested","0111","Wheat","2022","2022","ha","3416","A","Official value",""
"QCL","Crops and livestock products","516","Namibia","5412","Yield","0111","Wheat","2022","2022","kg/ha","5412.5","A","Official value",""
"QCL","Crops and livestock products","516","Namibia","5510","Production","0111","Wheat","2022","2022","t","18489","A","Official value",""
"QCL","Crops and livestock products","516","Namibia","5312","Area harvested","0111","Wheat","2023","2023","ha","4254","A","Official value",""
"QCL","Crops and livestock products","516","Namibia","5412","Yield","0111","Wheat","2023","2023","kg/ha","5805.4","A","Official value",""
"QCL","Crops and livestock products","516","Namibia","5510","Production","0111","Wheat","2023","2023","t","24696","A","Official value",""
"QCL","Crops and livestock products","516","Namibia","5312","Area harvested","0111","Wheat","2024","2024","ha","2594","A","Official value",""
"QCL","Crops and livestock products","516","Namibia","5412","Yield","0111","Wheat","2024","2024","kg/ha","7065.5","A","Official value",""
"QCL","Crops and livestock products","516","Namibia","5510","Production","0111","Wheat","2024","2024","t","18328","A","Official value",""
"QCL","Crops and livestock products","520","Naoero","5312","Area harvested","0111","Wheat","2015","2015","","","","",""
"QCL","Crops and livestock products","520","Naoero","5412","Yield","0111","Wheat","2015","2015","","","","",""
"QCL","Crops and livestock products","520","Naoero","5510","Production","0111","Wheat","2015","2015","","","","",""
"QCL","Crops and livestock products","520","Naoero","5312","Area harvested","0111","Wheat","2016","2016","","","","",""
"QCL","Crops and livestock products","520","Naoero","5412","Yield","0111","Wheat","2016","2016","","","","",""
"QCL","Crops and livestock products","520","Naoero","5510","Production","0111","Wheat","2016","2016","","","","",""
"QCL","Crops and livestock products","520","Naoero","5312","Area harvested","0111","Wheat","2017","2017","","","","",""
"QCL","Crops and livestock products","520","Naoero","5412","Yield","0111","Wheat","2017","2017","","","","",""
"QCL","Crops and livestock products","520","Naoero","5510","Production","0111","Wheat","2017","2017","","","","",""
"QCL","Crops and livestock products","520","Naoero","5312","Area harvested","0111","Wheat","2018","2018","","","","",""
"QCL","Crops and livestock products","520","Naoero","5412","Yield","0111","Wheat","2018","2018","","","","",""
"QCL","Crops and livestock products","520","Naoero","5510","Production","0111","Wheat","2018","2018","","","","",""
"QCL","Crops and livestock products","520","Naoero","5312","Area harvested","0111","Wheat","2019","2019","","","","",""
"QCL","Crops and livestock products","520","Naoero","5412","Yield","0111","Wheat","2019","2019","","","","",""
"QCL","Crops and livestock products","520","Naoero","5510","Production","0111","Wheat","2019","2019","","","","",""
"QCL","Crops and livestock products","520","Naoero","5312","Area harvested","0111","Wheat","2020","2020","","","","",""
"QCL","Crops and livestock products","520","Naoero","5412","Yield","0111","Wheat","2020","2020","","","","",""
"QCL","Crops and livestock products","520","Naoero","5510","Production","0111","Wheat","2020","2020","","","","",""
"QCL","Crops and livestock products","520","Naoero","5312","Area harvested","0111","Wheat","2021","2021","","","","",""
"QCL","Crops and livestock products","520","Naoero","5412","Yield","0111","Wheat","2021","2021","","","","",""
"QCL","Crops and livestock products","520","Naoero","5510","Production","0111","Wheat","2021","2021","","","","",""
"QCL","Crops and livestock products","520","Naoero","5312","Area harvested","0111","Wheat","2022","2022","","","","",""
"QCL","Crops and livestock products","520","Naoero","5412","Yield","0111","Wheat","2022","2022","","","","",""
"QCL","Crops and livestock products","520","Naoero","5510","Production","0111","Wheat","2022","2022","","","","",""
"QCL","Crops and livestock products","520","Naoero","5312","Area harvested","0111","Wheat","2023","2023","","","","",""
"QCL","Crops and livestock products","520","Naoero","5412","Yield","0111","Wheat","2023","2023","","","","",""
"QCL","Crops and livestock products","520","Naoero","5510","Production","0111","Wheat","2023","2023","","","","",""
"QCL","Crops and livestock products","520","Naoero","5312","Area harvested","0111","Wheat","2024","2024","","","","",""
"QCL","Crops and livestock products","520","Naoero","5412","Yield","0111","Wheat","2024","2024","","","","",""
"QCL","Crops and livestock products","520","Naoero","5510","Production","0111","Wheat","2024","2024","","","","",""
"QCL","Crops and livestock products","524","Nepal","5312","Area harvested","0111","Wheat","2015","2015","ha","762373","A","Official value",""
"QCL","Crops and livestock products","524","Nepal","5412","Yield","0111","Wheat","2015","2015","kg/ha","2591.4","A","Official value",""
"QCL","Crops and livestock products","524","Nepal","5510","Production","0111","Wheat","2015","2015","t","1975625","A","Official value",""
"QCL","Crops and livestock products","524","Nepal","5312","Area harvested","0111","Wheat","2016","2016","ha","745823","A","Official value",""
"QCL","Crops and livestock products","524","Nepal","5412","Yield","0111","Wheat","2016","2016","kg/ha","2328.8","A","Official value",""
"QCL","Crops and livestock products","524","Nepal","5510","Production","0111","Wheat","2016","2016","t","1736848.58","A","Official value",""
"QCL","Crops and livestock products","524","Nepal","5312","Area harvested","0111","Wheat","2017","2017","ha","735850","A","Official value",""
"QCL","Crops and livestock products","524","Nepal","5412","Yield","0111","Wheat","2017","2017","kg/ha","2553.8","A","Official value",""
"QCL","Crops and livestock products","524","Nepal","5510","Production","0111","Wheat","2017","2017","t","1879191.46","A","Official value",""
"QCL","Crops and livestock products","524","Nepal","5312","Area harvested","0111","Wheat","2018","2018","ha","706843","A","Official value",""
"QCL","Crops and livestock products","524","Nepal","5412","Yield","0111","Wheat","2018","2018","kg/ha","2757.3","A","Official value",""
"QCL","Crops and livestock products","524","Nepal","5510","Production","0111","Wheat","2018","2018","t","1949001","A","Official value",""
"QCL","Crops and livestock products","524","Nepal","5312","Area harvested","0111","Wheat","2019","2019","ha","703992","A","Official value",""
"QCL","Crops and livestock products","524","Nepal","5412","Yield","0111","Wheat","2019","2019","kg/ha","2849","A","Official value",""
"QCL","Crops and livestock products","524","Nepal","5510","Production","0111","Wheat","2019","2019","t","2005665","A","Official value",""
"QCL","Crops and livestock products","524","Nepal","5312","Area harvested","0111","Wheat","2020","2020","ha","707505","A","Official value",""
"QCL","Crops and livestock products","524","Nepal","5412","Yield","0111","Wheat","2020","2020","kg/ha","3088.7","A","Official value",""
"QCL","Crops and livestock products","524","Nepal","5510","Production","0111","Wheat","2020","2020","t","2185289","A","Official value",""
"QCL","Crops and livestock products","524","Nepal","5312","Area harvested","0111","Wheat","2021","2021","ha","711067","A","Official value",""
"QCL","Crops and livestock products","524","Nepal","5412","Yield","0111","Wheat","2021","2021","kg/ha","2991.7","A","Official value",""
"QCL","Crops and livestock products","524","Nepal","5510","Production","0111","Wheat","2021","2021","t","2127276","A","Official value",""
"QCL","Crops and livestock products","524","Nepal","5312","Area harvested","0111","Wheat","2022","2022","ha","716978","A","Official value",""
"QCL","Crops and livestock products","524","Nepal","5412","Yield","0111","Wheat","2022","2022","kg/ha","2991.1","A","Official value",""
"QCL","Crops and livestock products","524","Nepal","5510","Production","0111","Wheat","2022","2022","t","2144568","A","Official value",""
"QCL","Crops and livestock products","524","Nepal","5312","Area harvested","0111","Wheat","2023","2023","ha","697762","A","Official value",""
"QCL","Crops and livestock products","524","Nepal","5412","Yield","0111","Wheat","2023","2023","kg/ha","3007.4","A","Official value",""
"QCL","Crops and livestock products","524","Nepal","5510","Production","0111","Wheat","2023","2023","t","2098462.16","A","Official value",""
"QCL","Crops and livestock products","524","Nepal","5312","Area harvested","0111","Wheat","2024","2024","ha","681851","A","Official value",""
"QCL","Crops and livestock products","524","Nepal","5412","Yield","0111","Wheat","2024","2024","kg/ha","2985.3","A","Official value",""
"QCL","Crops and livestock products","524","Nepal","5510","Production","0111","Wheat","2024","2024","t","2035559","A","Official value",""
"QCL","Crops and livestock products","528","Netherlands (Kingdom of the)","5312","Area harvested","0111","Wheat","2015","2015","ha","142468","A","Official value",""
"QCL","Crops and livestock products","528","Netherlands (Kingdom of the)","5412","Yield","0111","Wheat","2015","2015","kg/ha","9125.5","A","Official value",""
"QCL","Crops and livestock products","528","Netherlands (Kingdom of the)","5510","Production","0111","Wheat","2015","2015","t","1300085","A","Official value",""
"QCL","Crops and livestock products","528","Netherlands (Kingdom of the)","5312","Area harvested","0111","Wheat","2016","2016","ha","127328","A","Official value",""
"QCL","Crops and livestock products","528","Netherlands (Kingdom of the)","5412","Yield","0111","Wheat","2016","2016","kg/ha","7983.2","A","Official value",""
"QCL","Crops and livestock products","528","Netherlands (Kingdom of the)","5510","Production","0111","Wheat","2016","2016","t","1016479","A","Official value",""
"QCL","Crops and livestock products","528","Netherlands (Kingdom of the)","5312","Area harvested","0111","Wheat","2017","2017","ha","115923","A","Official value",""
"QCL","Crops and livestock products","528","Netherlands (Kingdom of the)","5412","Yield","0111","Wheat","2017","2017","kg/ha","9093.5","A","Official value",""
"QCL","Crops and livestock products","528","Netherlands (Kingdom of the)","5510","Production","0111","Wheat","2017","2017","t","1054151","A","Official value",""
"QCL","Crops and livestock products","528","Netherlands (Kingdom of the)","5312","Area harvested","0111","Wheat","2018","2018","ha","111660","A","Official value",""
"QCL","Crops and livestock products","528","Netherlands (Kingdom of the)","5412","Yield","0111","Wheat","2018","2018","kg/ha","8614.7","A","Official value",""
"QCL","Crops and livestock products","528","Netherlands (Kingdom of the)","5510","Production","0111","Wheat","2018","2018","t","961920","A","Official value",""
"QCL","Crops and livestock products","528","Netherlands (Kingdom of the)","5312","Area harvested","0111","Wheat","2019","2019","ha","120550","A","Official value",""
"QCL","Crops and livestock products","528","Netherlands (Kingdom of the)","5412","Yield","0111","Wheat","2019","2019","kg/ha","9378.1","A","Official value",""
"QCL","Crops and livestock products","528","Netherlands (Kingdom of the)","5510","Production","0111","Wheat","2019","2019","t","1130530","A","Official value",""
"QCL","Crops and livestock products","528","Netherlands (Kingdom of the)","5312","Area harvested","0111","Wheat","2020","2020","ha","108910","A","Official value",""
"QCL","Crops and livestock products","528","Netherlands (Kingdom of the)","5412","Yield","0111","Wheat","2020","2020","kg/ha","8556","A","Official value",""
"QCL","Crops and livestock products","528","Netherlands (Kingdom of the)","5510","Production","0111","Wheat","2020","2020","t","931830","A","Official value",""
"QCL","Crops and livestock products","528","Netherlands (Kingdom of the)","5312","Area harvested","0111","Wheat","2021","2021","ha","118140","A","Official value",""
"QCL","Crops and livestock products","528","Netherlands (Kingdom of the)","5412","Yield","0111","Wheat","2021","2021","kg/ha","8018","A","Official value",""
"QCL","Crops and livestock products","528","Netherlands (Kingdom of the)","5510","Production","0111","Wheat","2021","2021","t","947250","A","Official value",""
"QCL","Crops and livestock products","528","Netherlands (Kingdom of the)","5312","Area harvested","0111","Wheat","2022","2022","ha","123800","A","Official value",""
"QCL","Crops and livestock products","528","Netherlands (Kingdom of the)","5412","Yield","0111","Wheat","2022","2022","kg/ha","9393.1","A","Official value",""
"QCL","Crops and livestock products","528","Netherlands (Kingdom of the)","5510","Production","0111","Wheat","2022","2022","t","1162860","A","Official value",""
"QCL","Crops and livestock products","528","Netherlands (Kingdom of the)","5312","Area harvested","0111","Wheat","2023","2023","ha","129540","A","Official value",""
"QCL","Crops and livestock products","528","Netherlands (Kingdom of the)","5412","Yield","0111","Wheat","2023","2023","kg/ha","8467","A","Official value",""
"QCL","Crops and livestock products","528","Netherlands (Kingdom of the)","5510","Production","0111","Wheat","2023","2023","t","1096820","A","Official value",""
"QCL","Crops and livestock products","528","Netherlands (Kingdom of the)","5312","Area harvested","0111","Wheat","2024","2024","ha","95850","A","Official value",""
"QCL","Crops and livestock products","528","Netherlands (Kingdom of the)","5412","Yield","0111","Wheat","2024","2024","kg/ha","6971","A","Official value",""
"QCL","Crops and livestock products","528","Netherlands (Kingdom of the)","5510","Production","0111","Wheat","2024","2024","t","668170","A","Official value",""
"QCL","Crops and livestock products","540","New Caledonia","5312","Area harvested","0111","Wheat","2015","2015","ha","9","I","Value imputed by a receiving agency",""
"QCL","Crops and livestock products","540","New Caledonia","5412","Yield","0111","Wheat","2015","2015","kg/ha","702.2","E","Estimated value",""
"QCL","Crops and livestock products","540","New Caledonia","5510","Production","0111","Wheat","2015","2015","t","6.58","I","Value imputed by a receiving agency",""
"QCL","Crops and livestock products","540","New Caledonia","5312","Area harvested","0111","Wheat","2016","2016","ha","13","I","Value imputed by a receiving agency",""
"QCL","Crops and livestock products","540","New Caledonia","5412","Yield","0111","Wheat","2016","2016","kg/ha","654.3","E","Estimated value",""
"QCL","Crops and livestock products","540","New Caledonia","5510","Production","0111","Wheat","2016","2016","t","8.48","I","Value imputed by a receiving agency",""
"QCL","Crops and livestock products","540","New Caledonia","5312","Area harvested","0111","Wheat","2017","2017","ha","24","I","Value imputed by a receiving agency",""
"QCL","Crops and livestock products","540","New Caledonia","5412","Yield","0111","Wheat","2017","2017","kg/ha","601.7","E","Estimated value",""
"QCL","Crops and livestock products","540","New Caledonia","5510","Production","0111","Wheat","2017","2017","t","14.26","I","Value imputed by a receiving agency",""
"QCL","Crops and livestock products","540","New Caledonia","5312","Area harvested","0111","Wheat","2018","2018","ha","8","I","Value imputed by a receiving agency",""
"QCL","Crops and livestock products","540","New Caledonia","5412","Yield","0111","Wheat","2018","2018","kg/ha","522.4","E","Estimated value",""
"QCL","Crops and livestock products","540","New Caledonia","5510","Production","0111","Wheat","2018","2018","t","4.4","A","Official value",""
"QCL","Crops and livestock products","540","New Caledonia","5312","Area harvested","0111","Wheat","2019","2019","ha","184","E","Estimated value",""
"QCL","Crops and livestock products","540","New Caledonia","5412","Yield","0111","Wheat","2019","2019","kg/ha","592.8","E","Estimated value",""
"QCL","Crops and livestock products","540","New Caledonia","5510","Production","0111","Wheat","2019","2019","t","109","A","Official value",""
"QCL","Crops and livestock products","540","New Caledonia","5312","Area harvested","0111","Wheat","2020","2020","ha","96","I","Value imputed by a receiving agency",""
"QCL","Crops and livestock products","540","New Caledonia","5412","Yield","0111","Wheat","2020","2020","kg/ha","557.3","E","Estimated value",""
"QCL","Crops and livestock products","540","New Caledonia","5510","Production","0111","Wheat","2020","2020","t","53.6","A","Official value",""
"QCL","Crops and livestock products","540","New Caledonia","5312","Area harvested","0111","Wheat","2021","2021","ha","145","I","Value imputed by a receiving agency",""
"QCL","Crops and livestock products","540","New Caledonia","5412","Yield","0111","Wheat","2021","2021","kg/ha","584.6","E","Estimated value",""
"QCL","Crops and livestock products","540","New Caledonia","5510","Production","0111","Wheat","2021","2021","t","84.5","A","Official value",""
"QCL","Crops and livestock products","540","New Caledonia","5312","Area harvested","0111","Wheat","2022","2022","ha","7","I","Value imputed by a receiving agency",""
"QCL","Crops and livestock products","540","New Caledonia","5412","Yield","0111","Wheat","2022","2022","kg/ha","667.8","E","Estimated value",""
"QCL","Crops and livestock products","540","New Caledonia","5510","Production","0111","Wheat","2022","2022","t","5","A","Official value",""
"QCL","Crops and livestock products","540","New Caledonia","5312","Area harvested","0111","Wheat","2023","2023","ha","19","I","Value imputed by a receiving agency",""
"QCL","Crops and livestock products","540","New Caledonia","5412","Yield","0111","Wheat","2023","2023","kg/ha","670.1","E","Estimated value",""
"QCL","Crops and livestock products","540","New Caledonia","5510","Production","0111","Wheat","2023","2023","t","13.06","I","Value imputed by a receiving agency",""
"QCL","Crops and livestock products","540","New Caledonia","5312","Area harvested","0111","Wheat","2024","2024","ha","43","I","Value imputed by a receiving agency",""
"QCL","Crops and livestock products","540","New Caledonia","5412","Yield","0111","Wheat","2024","2024","kg/ha","673.2","E","Estimated value",""
"QCL","Crops and livestock products","540","New Caledonia","5510","Production","0111","Wheat","2024","2024","t","28.82","I","Value imputed by a receiving agency",""
"QCL","Crops and livestock products","554","New Zealand","5312","Area harvested","0111","Wheat","2015","2015","ha","47685","A","Official value",""
"QCL","Crops and livestock products","554","New Zealand","5412","Yield","0111","Wheat","2015","2015","kg/ha","8672.2","A","Official value",""
"QCL","Crops and livestock products","554","New Zealand","5510","Production","0111","Wheat","2015","2015","t","413533","A","Official value",""
"QCL","Crops and livestock products","554","New Zealand","5312","Area harvested","0111","Wheat","2016","2016","ha","49945","A","Official value",""
"QCL","Crops and livestock products","554","New Zealand","5412","Yield","0111","Wheat","2016","2016","kg/ha","9197.1","A","Official value",""
"QCL","Crops and livestock products","554","New Zealand","5510","Production","0111","Wheat","2016","2016","t","459349","A","Official value",""
"QCL","Crops and livestock products","554","New Zealand","5312","Area harvested","0111","Wheat","2017","2017","ha","41075","A","Official value",""
"QCL","Crops and livestock products","554","New Zealand","5412","Yield","0111","Wheat","2017","2017","kg/ha","9864.4","A","Official value",""
"QCL","Crops and livestock products","554","New Zealand","5510","Production","0111","Wheat","2017","2017","t","405182.3","A","Official value",""
"QCL","Crops and livestock products","554","New Zealand","5312","Area harvested","0111","Wheat","2018","2018","ha","41411","A","Official value",""
"QCL","Crops and livestock products","554","New Zealand","5412","Yield","0111","Wheat","2018","2018","kg/ha","8959.6","A","Official value",""
"QCL","Crops and livestock products","554","New Zealand","5510","Production","0111","Wheat","2018","2018","t","371026.79","A","Official value",""
"QCL","Crops and livestock products","554","New Zealand","5312","Area harvested","0111","Wheat","2019","2019","ha","44971","A","Official value",""
"QCL","Crops and livestock products","554","New Zealand","5412","Yield","0111","Wheat","2019","2019","kg/ha","8852.2","A","Official value",""
"QCL","Crops and livestock products","554","New Zealand","5510","Production","0111","Wheat","2019","2019","t","398092","A","Official value",""
"QCL","Crops and livestock products","554","New Zealand","5312","Area harvested","0111","Wheat","2020","2020","ha","45680","A","Official value",""
"QCL","Crops and livestock products","554","New Zealand","5412","Yield","0111","Wheat","2020","2020","kg/ha","9933.2","A","Official value",""
"QCL","Crops and livestock products","554","New Zealand","5510","Production","0111","Wheat","2020","2020","t","453749","A","Official value",""
"QCL","Crops and livestock products","554","New Zealand","5312","Area harvested","0111","Wheat","2021","2021","ha","43536","A","Official value",""
"QCL","Crops and livestock products","554","New Zealand","5412","Yield","0111","Wheat","2021","2021","kg/ha","9712.2","A","Official value",""
"QCL","Crops and livestock products","554","New Zealand","5510","Production","0111","Wheat","2021","2021","t","422831","A","Official value",""
"QCL","Crops and livestock products","554","New Zealand","5312","Area harvested","0111","Wheat","2022","2022","ha","42871","A","Official value",""
"QCL","Crops and livestock products","554","New Zealand","5412","Yield","0111","Wheat","2022","2022","kg/ha","9390","A","Official value",""
"QCL","Crops and livestock products","554","New Zealand","5510","Production","0111","Wheat","2022","2022","t","402557","A","Official value",""
"QCL","Crops and livestock products","554","New Zealand","5312","Area harvested","0111","Wheat","2023","2023","ha","40506","A","Official value",""
"QCL","Crops and livestock products","554","New Zealand","5412","Yield","0111","Wheat","2023","2023","kg/ha","9668.1","A","Official value",""
"QCL","Crops and livestock products","554","New Zealand","5510","Production","0111","Wheat","2023","2023","t","391615","A","Official value",""
"QCL","Crops and livestock products","554","New Zealand","5312","Area harvested","0111","Wheat","2024","2024","ha","46395","A","Official value",""
"QCL","Crops and livestock products","554","New Zealand","5412","Yield","0111","Wheat","2024","2024","kg/ha","10014.1","A","Official value",""
"QCL","Crops and livestock products","554","New Zealand","5510","Production","0111","Wheat","2024","2024","t","464602","A","Official value",""
"QCL","Crops and livestock products","558","Nicaragua","5312","Area harvested","0111","Wheat","2015","2015","","","","",""
"QCL","Crops and livestock products","558","Nicaragua","5412","Yield","0111","Wheat","2015","2015","","","","",""
"QCL","Crops and livestock products","558","Nicaragua","5510","Production","0111","Wheat","2015","2015","","","","",""
"QCL","Crops and livestock products","558","Nicaragua","5312","Area harvested","0111","Wheat","2016","2016","","","","",""
"QCL","Crops and livestock products","558","Nicaragua","5412","Yield","0111","Wheat","2016","2016","","","","",""
"QCL","Crops and livestock products","558","Nicaragua","5510","Production","0111","Wheat","2016","2016","","","","",""
"QCL","Crops and livestock products","558","Nicaragua","5312","Area harvested","0111","Wheat","2017","2017","","","","",""
"QCL","Crops and livestock products","558","Nicaragua","5412","Yield","0111","Wheat","2017","2017","","","","",""
"QCL","Crops and livestock products","558","Nicaragua","5510","Production","0111","Wheat","2017","2017","","","","",""
"QCL","Crops and livestock products","558","Nicaragua","5312","Area harvested","0111","Wheat","2018","2018","","","","",""
"QCL","Crops and livestock products","558","Nicaragua","5412","Yield","0111","Wheat","2018","2018","","","","",""
"QCL","Crops and livestock products","558","Nicaragua","5510","Production","0111","Wheat","2018","2018","","","","",""
"QCL","Crops and livestock products","558","Nicaragua","5312","Area harvested","0111","Wheat","2019","2019","","","","",""
"QCL","Crops and livestock products","558","Nicaragua","5412","Yield","0111","Wheat","2019","2019","","","","",""
"QCL","Crops and livestock products","558","Nicaragua","5510","Production","0111","Wheat","2019","2019","","","","",""
"QCL","Crops and livestock products","558","Nicaragua","5312","Area harvested","0111","Wheat","2020","2020","","","","",""
"QCL","Crops and livestock products","558","Nicaragua","5412","Yield","0111","Wheat","2020","2020","","","","",""
"QCL","Crops and livestock products","558","Nicaragua","5510","Production","0111","Wheat","2020","2020","","","","",""
"QCL","Crops and livestock products","558","Nicaragua","5312","Area harvested","0111","Wheat","2021","2021","","","","",""
"QCL","Crops and livestock products","558","Nicaragua","5412","Yield","0111","Wheat","2021","2021","","","","",""
"QCL","Crops and livestock products","558","Nicaragua","5510","Production","0111","Wheat","2021","2021","","","","",""
"QCL","Crops and livestock products","558","Nicaragua","5312","Area harvested","0111","Wheat","2022","2022","","","","",""
"QCL","Crops and livestock products","558","Nicaragua","5412","Yield","0111","Wheat","2022","2022","","","","",""
"QCL","Crops and livestock products","558","Nicaragua","5510","Production","0111","Wheat","2022","2022","","","","",""
"QCL","Crops and livestock products","558","Nicaragua","5312","Area harvested","0111","Wheat","2023","2023","","","","",""
"QCL","Crops and livestock products","558","Nicaragua","5412","Yield","0111","Wheat","2023","2023","","","","",""
"QCL","Crops and livestock products","558","Nicaragua","5510","Production","0111","Wheat","2023","2023","","","","",""
"QCL","Crops and livestock products","558","Nicaragua","5312","Area harvested","0111","Wheat","2024","2024","","","","",""
"QCL","Crops and livestock products","558","Nicaragua","5412","Yield","0111","Wheat","2024","2024","","","","",""
"QCL","Crops and livestock products","558","Nicaragua","5510","Production","0111","Wheat","2024","2024","","","","",""
"QCL","Crops and livestock products","562","Niger","5312","Area harvested","0111","Wheat","2015","2015","ha","3915","A","Official value",""
"QCL","Crops and livestock products","562","Niger","5412","Yield","0111","Wheat","2015","2015","kg/ha","2066.4","A","Official value",""
"QCL","Crops and livestock products","562","Niger","5510","Production","0111","Wheat","2015","2015","t","8090","A","Official value",""
"QCL","Crops and livestock products","562","Niger","5312","Area harvested","0111","Wheat","2016","2016","ha","4100","A","Official value",""
"QCL","Crops and livestock products","562","Niger","5412","Yield","0111","Wheat","2016","2016","kg/ha","2008.5","A","Official value",""
"QCL","Crops and livestock products","562","Niger","5510","Production","0111","Wheat","2016","2016","t","8234.18","A","Official value",""
"QCL","Crops and livestock products","562","Niger","5312","Area harvested","0111","Wheat","2017","2017","ha","2180","A","Official value",""
"QCL","Crops and livestock products","562","Niger","5412","Yield","0111","Wheat","2017","2017","kg/ha","2753.6","A","Official value",""
"QCL","Crops and livestock products","562","Niger","5510","Production","0111","Wheat","2017","2017","t","6003.39","A","Official value",""
"QCL","Crops and livestock products","562","Niger","5312","Area harvested","0111","Wheat","2018","2018","ha","1623","A","Official value",""
"QCL","Crops and livestock products","562","Niger","5412","Yield","0111","Wheat","2018","2018","kg/ha","2961.5","A","Official value",""
"QCL","Crops and livestock products","562","Niger","5510","Production","0111","Wheat","2018","2018","t","4807.08","A","Official value",""
"QCL","Crops and livestock products","562","Niger","5312","Area harvested","0111","Wheat","2019","2019","ha","1734","A","Official value",""
"QCL","Crops and livestock products","562","Niger","5412","Yield","0111","Wheat","2019","2019","kg/ha","2836.8","A","Official value",""
"QCL","Crops and livestock products","562","Niger","5510","Production","0111","Wheat","2019","2019","t","4919.88","A","Official value",""
"QCL","Crops and livestock products","562","Niger","5312","Area harvested","0111","Wheat","2020","2020","ha","1909","A","Official value",""
"QCL","Crops and livestock products","562","Niger","5412","Yield","0111","Wheat","2020","2020","kg/ha","2891.1","A","Official value",""
"QCL","Crops and livestock products","562","Niger","5510","Production","0111","Wheat","2020","2020","t","5519.8","A","Official value",""
"QCL","Crops and livestock products","562","Niger","5312","Area harvested","0111","Wheat","2021","2021","ha","1910","A","Official value",""
"QCL","Crops and livestock products","562","Niger","5412","Yield","0111","Wheat","2021","2021","kg/ha","2864.3","A","Official value",""
"QCL","Crops and livestock products","562","Niger","5510","Production","0111","Wheat","2021","2021","t","5471.44","A","Official value",""
"QCL","Crops and livestock products","562","Niger","5312","Area harvested","0111","Wheat","2022","2022","ha","1968","I","Value imputed by a receiving agency",""
"QCL","Crops and livestock products","562","Niger","5412","Yield","0111","Wheat","2022","2022","kg/ha","2934.2","E","Estimated value",""
"QCL","Crops and livestock products","562","Niger","5510","Production","0111","Wheat","2022","2022","t","5774.51","I","Value imputed by a receiving agency",""
"QCL","Crops and livestock products","562","Niger","5312","Area harvested","0111","Wheat","2023","2023","ha","2018","A","Official value",""
"QCL","Crops and livestock products","562","Niger","5412","Yield","0111","Wheat","2023","2023","kg/ha","3199","A","Official value",""
"QCL","Crops and livestock products","562","Niger","5510","Production","0111","Wheat","2023","2023","t","6457","A","Official value",""
"QCL","Crops and livestock products","562","Niger","5312","Area harvested","0111","Wheat","2024","2024","ha","2216","A","Official value",""
"QCL","Crops and livestock products","562","Niger","5412","Yield","0111","Wheat","2024","2024","kg/ha","3069.3","A","Official value",""
"QCL","Crops and livestock products","562","Niger","5510","Production","0111","Wheat","2024","2024","t","6803","A","Official value",""
"QCL","Crops and livestock products","566","Nigeria","5312","Area harvested","0111","Wheat","2015","2015","ha","60000","X","Value from external organization","Unofficial figure"
"QCL","Crops and livestock products","566","Nigeria","5412","Yield","0111","Wheat","2015","2015","kg/ha","1000","X","Value from external organization",""
"QCL","Crops and livestock products","566","Nigeria","5510","Production","0111","Wheat","2015","2015","t","60000","X","Value from external organization","Unofficial figure"
"QCL","Crops and livestock products","566","Nigeria","5312","Area harvested","0111","Wheat","2016","2016","ha","60000","X","Value from external organization","Unofficial figure"
"QCL","Crops and livestock products","566","Nigeria","5412","Yield","0111","Wheat","2016","2016","kg/ha","1000","X","Value from external organization",""
"QCL","Crops and livestock products","566","Nigeria","5510","Production","0111","Wheat","2016","2016","t","60000","X","Value from external organization","Unofficial figure"
"QCL","Crops and livestock products","566","Nigeria","5312","Area harvested","0111","Wheat","2017","2017","ha","49322","A","Official value",""
"QCL","Crops and livestock products","566","Nigeria","5412","Yield","0111","Wheat","2017","2017","kg/ha","1677.9","A","Official value",""
"QCL","Crops and livestock products","566","Nigeria","5510","Production","0111","Wheat","2017","2017","t","82758","A","Official value",""
"QCL","Crops and livestock products","566","Nigeria","5312","Area harvested","0111","Wheat","2018","2018","ha","51548","A","Official value",""
"QCL","Crops and livestock products","566","Nigeria","5412","Yield","0111","Wheat","2018","2018","kg/ha","1714.2","A","Official value",""
"QCL","Crops and livestock products","566","Nigeria","5510","Production","0111","Wheat","2018","2018","t","88362","A","Official value",""
"QCL","Crops and livestock products","566","Nigeria","5312","Area harvested","0111","Wheat","2019","2019","ha","51646","A","Official value",""
"QCL","Crops and livestock products","566","Nigeria","5412","Yield","0111","Wheat","2019","2019","kg/ha","1682.6","A","Official value",""
"QCL","Crops and livestock products","566","Nigeria","5510","Production","0111","Wheat","2019","2019","t","86900","A","Official value",""
"QCL","Crops and livestock products","566","Nigeria","5312","Area harvested","0111","Wheat","2020","2020","ha","50000","X","Value from external organization","Unofficial figure"
"QCL","Crops and livestock products","566","Nigeria","5412","Yield","0111","Wheat","2020","2020","kg/ha","1100","X","Value from external organization",""
"QCL","Crops and livestock products","566","Nigeria","5510","Production","0111","Wheat","2020","2020","t","55000","X","Value from external organization","Unofficial figure"
"QCL","Crops and livestock products","566","Nigeria","5312","Area harvested","0111","Wheat","2021","2021","ha","11820","A","Official value",""
"QCL","Crops and livestock products","566","Nigeria","5412","Yield","0111","Wheat","2021","2021","kg/ha","3125.5","A","Official value",""
"QCL","Crops and livestock products","566","Nigeria","5510","Production","0111","Wheat","2021","2021","t","36944","A","Official value",""
"QCL","Crops and livestock products","566","Nigeria","5312","Area harvested","0111","Wheat","2022","2022","ha","14374","I","Value imputed by a receiving agency",""
"QCL","Crops and livestock products","566","Nigeria","5412","Yield","0111","Wheat","2022","2022","kg/ha","2182.7","E","Estimated value",""
"QCL","Crops and livestock products","566","Nigeria","5510","Production","0111","Wheat","2022","2022","t","31373.56","I","Value imputed by a receiving agency",""
"QCL","Crops and livestock products","566","Nigeria","5312","Area harvested","0111","Wheat","2023","2023","ha","30801","I","Value imputed by a receiving agency",""
"QCL","Crops and livestock products","566","Nigeria","5412","Yield","0111","Wheat","2023","2023","kg/ha","1586.6","E","Estimated value",""
"QCL","Crops and livestock products","566","Nigeria","5510","Production","0111","Wheat","2023","2023","t","48868.93","I","Value imputed by a receiving agency",""
"QCL","Crops and livestock products","566","Nigeria","5312","Area harvested","0111","Wheat","2024","2024","ha","27906","I","Value imputed by a receiving agency",""
"QCL","Crops and livestock products","566","Nigeria","5412","Yield","0111","Wheat","2024","2024","kg/ha","1574.1","E","Estimated value",""
"QCL","Crops and livestock products","566","Nigeria","5510","Production","0111","Wheat","2024","2024","t","43926.98","I","Value imputed by a receiving agency",""
"QCL","Crops and livestock products","570","Niue","5312","Area harvested","0111","Wheat","2015","2015","","","","",""
"QCL","Crops and livestock products","570","Niue","5412","Yield","0111","Wheat","2015","2015","","","","",""
"QCL","Crops and livestock products","570","Niue","5510","Production","0111","Wheat","2015","2015","","","","",""
"QCL","Crops and livestock products","570","Niue","5312","Area harvested","0111","Wheat","2016","2016","","","","",""
"QCL","Crops and livestock products","570","Niue","5412","Yield","0111","Wheat","2016","2016","","","","",""
"QCL","Crops and livestock products","570","Niue","5510","Production","0111","Wheat","2016","2016","","","","",""
"QCL","Crops and livestock products","570","Niue","5312","Area harvested","0111","Wheat","2017","2017","","","","",""
"QCL","Crops and livestock products","570","Niue","5412","Yield","0111","Wheat","2017","2017","","","","",""
"QCL","Crops and livestock products","570","Niue","5510","Production","0111","Wheat","2017","2017","","","","",""
"QCL","Crops and livestock products","570","Niue","5312","Area harvested","0111","Wheat","2018","2018","","","","",""
"QCL","Crops and livestock products","570","Niue","5412","Yield","0111","Wheat","2018","2018","","","","",""
"QCL","Crops and livestock products","570","Niue","5510","Production","0111","Wheat","2018","2018","","","","",""
"QCL","Crops and livestock products","570","Niue","5312","Area harvested","0111","Wheat","2019","2019","","","","",""
"QCL","Crops and livestock products","570","Niue","5412","Yield","0111","Wheat","2019","2019","","","","",""
"QCL","Crops and livestock products","570","Niue","5510","Production","0111","Wheat","2019","2019","","","","",""
"QCL","Crops and livestock products","570","Niue","5312","Area harvested","0111","Wheat","2020","2020","","","","",""
"QCL","Crops and livestock products","570","Niue","5412","Yield","0111","Wheat","2020","2020","","","","",""
"QCL","Crops and livestock products","570","Niue","5510","Production","0111","Wheat","2020","2020","","","","",""
"QCL","Crops and livestock products","570","Niue","5312","Area harvested","0111","Wheat","2021","2021","","","","",""
"QCL","Crops and livestock products","570","Niue","5412","Yield","0111","Wheat","2021","2021","","","","",""
"QCL","Crops and livestock products","570","Niue","5510","Production","0111","Wheat","2021","2021","","","","",""
"QCL","Crops and livestock products","570","Niue","5312","Area harvested","0111","Wheat","2022","2022","","","","",""
"QCL","Crops and livestock products","570","Niue","5412","Yield","0111","Wheat","2022","2022","","","","",""
"QCL","Crops and livestock products","570","Niue","5510","Production","0111","Wheat","2022","2022","","","","",""
"QCL","Crops and livestock products","570","Niue","5312","Area harvested","0111","Wheat","2023","2023","","","","",""
"QCL","Crops and livestock products","570","Niue","5412","Yield","0111","Wheat","2023","2023","","","","",""
"QCL","Crops and livestock products","570","Niue","5510","Production","0111","Wheat","2023","2023","","","","",""
"QCL","Crops and livestock products","570","Niue","5312","Area harvested","0111","Wheat","2024","2024","","","","",""
"QCL","Crops and livestock products","570","Niue","5412","Yield","0111","Wheat","2024","2024","","","","",""
"QCL","Crops and livestock products","570","Niue","5510","Production","0111","Wheat","2024","2024","","","","",""
"QCL","Crops and livestock products","807","North Macedonia","5312","Area harvested","0111","Wheat","2015","2015","ha","73060","A","Official value",""
"QCL","Crops and livestock products","807","North Macedonia","5412","Yield","0111","Wheat","2015","2015","kg/ha","2754.1","A","Official value",""
"QCL","Crops and livestock products","807","North Macedonia","5510","Production","0111","Wheat","2015","2015","t","201218","A","Official value",""
"QCL","Crops and livestock products","807","North Macedonia","5312","Area harvested","0111","Wheat","2016","2016","ha","79832","A","Official value",""
"QCL","Crops and livestock products","807","North Macedonia","5412","Yield","0111","Wheat","2016","2016","kg/ha","3838.5","A","Official value",""
"QCL","Crops and livestock products","807","North Macedonia","5510","Production","0111","Wheat","2016","2016","t","306433","A","Official value",""
"QCL","Crops and livestock products","807","North Macedonia","5312","Area harvested","0111","Wheat","2017","2017","ha","72864","A","Official value",""
"QCL","Crops and livestock products","807","North Macedonia","5412","Yield","0111","Wheat","2017","2017","kg/ha","2746.4","A","Official value",""
"QCL","Crops and livestock products","807","North Macedonia","5510","Production","0111","Wheat","2017","2017","t","200112","A","Official value",""
"QCL","Crops and livestock products","807","North Macedonia","5312","Area harvested","0111","Wheat","2018","2018","ha","70987","A","Official value",""
"QCL","Crops and livestock products","807","North Macedonia","5412","Yield","0111","Wheat","2018","2018","kg/ha","3396.5","A","Official value",""
"QCL","Crops and livestock products","807","North Macedonia","5510","Production","0111","Wheat","2018","2018","t","241106","A","Official value",""
"QCL","Crops and livestock products","807","North Macedonia","5312","Area harvested","0111","Wheat","2019","2019","ha","68847","A","Official value",""
"QCL","Crops and livestock products","807","North Macedonia","5412","Yield","0111","Wheat","2019","2019","kg/ha","3484.8","A","Official value",""
"QCL","Crops and livestock products","807","North Macedonia","5510","Production","0111","Wheat","2019","2019","t","239916","A","Official value",""
"QCL","Crops and livestock products","807","North Macedonia","5312","Area harvested","0111","Wheat","2020","2020","ha","69765","A","Official value",""
"QCL","Crops and livestock products","807","North Macedonia","5412","Yield","0111","Wheat","2020","2020","kg/ha","3526.6","A","Official value",""
"QCL","Crops and livestock products","807","North Macedonia","5510","Production","0111","Wheat","2020","2020","t","246031","A","Official value",""
"QCL","Crops and livestock products","807","North Macedonia","5312","Area harvested","0111","Wheat","2021","2021","ha","70366","A","Official value",""
"QCL","Crops and livestock products","807","North Macedonia","5412","Yield","0111","Wheat","2021","2021","kg/ha","3463","A","Official value",""
"QCL","Crops and livestock products","807","North Macedonia","5510","Production","0111","Wheat","2021","2021","t","243676","A","Official value",""
"QCL","Crops and livestock products","807","North Macedonia","5312","Area harvested","0111","Wheat","2022","2022","ha","70107","A","Official value",""
"QCL","Crops and livestock products","807","North Macedonia","5412","Yield","0111","Wheat","2022","2022","kg/ha","3204.1","A","Official value",""
"QCL","Crops and livestock products","807","North Macedonia","5510","Production","0111","Wheat","2022","2022","t","224632","A","Official value",""
"QCL","Crops and livestock products","807","North Macedonia","5312","Area harvested","0111","Wheat","2023","2023","ha","69522","A","Official value",""
"QCL","Crops and livestock products","807","North Macedonia","5412","Yield","0111","Wheat","2023","2023","kg/ha","3094.9","A","Official value",""
"QCL","Crops and livestock products","807","North Macedonia","5510","Production","0111","Wheat","2023","2023","t","215165","A","Official value",""
"QCL","Crops and livestock products","807","North Macedonia","5312","Area harvested","0111","Wheat","2024","2024","ha","67226","A","Official value",""
"QCL","Crops and livestock products","807","North Macedonia","5412","Yield","0111","Wheat","2024","2024","kg/ha","3411","A","Official value",""
"QCL","Crops and livestock products","807","North Macedonia","5510","Production","0111","Wheat","2024","2024","t","229309","A","Official value",""
"QCL","Crops and livestock products","578","Norway","5312","Area harvested","0111","Wheat","2015","2015","ha","85757","A","Official value",""
"QCL","Crops and livestock products","578","Norway","5412","Yield","0111","Wheat","2015","2015","kg/ha","5774.5","A","Official value",""
"QCL","Crops and livestock products","578","Norway","5510","Production","0111","Wheat","2015","2015","t","495200","A","Official value",""
"QCL","Crops and livestock products","578","Norway","5312","Area harvested","0111","Wheat","2016","2016","ha","66769","A","Official value",""
"QCL","Crops and livestock products","578","Norway","5412","Yield","0111","Wheat","2016","2016","kg/ha","4633.9","A","Official value",""
"QCL","Crops and livestock products","578","Norway","5510","Production","0111","Wheat","2016","2016","t","309400","A","Official value",""
"QCL","Crops and livestock products","578","Norway","5312","Area harvested","0111","Wheat","2017","2017","ha","75755","A","Official value",""
"QCL","Crops and livestock products","578","Norway","5412","Yield","0111","Wheat","2017","2017","kg/ha","5286.8","A","Official value",""
"QCL","Crops and livestock products","578","Norway","5510","Production","0111","Wheat","2017","2017","t","400500","A","Official value",""
"QCL","Crops and livestock products","578","Norway","5312","Area harvested","0111","Wheat","2018","2018","ha","58653","A","Official value",""
"QCL","Crops and livestock products","578","Norway","5412","Yield","0111","Wheat","2018","2018","kg/ha","2347.7","A","Official value",""
"QCL","Crops and livestock products","578","Norway","5510","Production","0111","Wheat","2018","2018","t","137700","A","Official value",""
"QCL","Crops and livestock products","578","Norway","5312","Area harvested","0111","Wheat","2019","2019","ha","80351","A","Official value",""
"QCL","Crops and livestock products","578","Norway","5412","Yield","0111","Wheat","2019","2019","kg/ha","5601.7","A","Official value",""
"QCL","Crops and livestock products","578","Norway","5510","Production","0111","Wheat","2019","2019","t","450100","A","Official value",""
"QCL","Crops and livestock products","578","Norway","5312","Area harvested","0111","Wheat","2020","2020","ha","67670","A","Official value",""
"QCL","Crops and livestock products","578","Norway","5412","Yield","0111","Wheat","2020","2020","kg/ha","4765.8","A","Official value",""
"QCL","Crops and livestock products","578","Norway","5510","Production","0111","Wheat","2020","2020","t","322500","A","Official value",""
"QCL","Crops and livestock products","578","Norway","5312","Area harvested","0111","Wheat","2021","2021","ha","63593","A","Official value",""
"QCL","Crops and livestock products","578","Norway","5412","Yield","0111","Wheat","2021","2021","kg/ha","4165.6","A","Official value",""
"QCL","Crops and livestock products","578","Norway","5510","Production","0111","Wheat","2021","2021","t","264900","A","Official value",""
"QCL","Crops and livestock products","578","Norway","5312","Area harvested","0111","Wheat","2022","2022","ha","75244","A","Official value",""
"QCL","Crops and livestock products","578","Norway","5412","Yield","0111","Wheat","2022","2022","kg/ha","5103.4","A","Official value",""
"QCL","Crops and livestock products","578","Norway","5510","Production","0111","Wheat","2022","2022","t","384000","A","Official value",""
"QCL","Crops and livestock products","578","Norway","5312","Area harvested","0111","Wheat","2023","2023","ha","64458","A","Official value",""
"QCL","Crops and livestock products","578","Norway","5412","Yield","0111","Wheat","2023","2023","kg/ha","2668.4","A","Official value",""
"QCL","Crops and livestock products","578","Norway","5510","Production","0111","Wheat","2023","2023","t","172000","A","Official value",""
"QCL","Crops and livestock products","578","Norway","5312","Area harvested","0111","Wheat","2024","2024","ha","59184","A","Official value",""
"QCL","Crops and livestock products","578","Norway","5412","Yield","0111","Wheat","2024","2024","kg/ha","3886.2","A","Official value",""
"QCL","Crops and livestock products","578","Norway","5510","Production","0111","Wheat","2024","2024","t","230000","A","Official value",""
"QCL","Crops and livestock products","512","Oman","5312","Area harvested","0111","Wheat","2015","2015","ha","845","A","Official value",""
"QCL","Crops and livestock products","512","Oman","5412","Yield","0111","Wheat","2015","2015","kg/ha","2988.2","A","Official value",""
"QCL","Crops and livestock products","512","Oman","5510","Production","0111","Wheat","2015","2015","t","2525","A","Official value",""
"QCL","Crops and livestock products","512","Oman","5312","Area harvested","0111","Wheat","2016","2016","ha","929","A","Official value",""
"QCL","Crops and livestock products","512","Oman","5412","Yield","0111","Wheat","2016","2016","kg/ha","4284.2","A","Official value",""
"QCL","Crops and livestock products","512","Oman","5510","Production","0111","Wheat","2016","2016","t","3980","A","Official value",""
"QCL","Crops and livestock products","512","Oman","5312","Area harvested","0111","Wheat","2017","2017","ha","929","A","Official value",""
"QCL","Crops and livestock products","512","Oman","5412","Yield","0111","Wheat","2017","2017","kg/ha","4284.2","A","Official value",""
"QCL","Crops and livestock products","512","Oman","5510","Production","0111","Wheat","2017","2017","t","3980","A","Official value",""
"QCL","Crops and livestock products","512","Oman","5312","Area harvested","0111","Wheat","2018","2018","ha","929","A","Official value",""
"QCL","Crops and livestock products","512","Oman","5412","Yield","0111","Wheat","2018","2018","kg/ha","3852.5","A","Official value",""
"QCL","Crops and livestock products","512","Oman","5510","Production","0111","Wheat","2018","2018","t","3579","A","Official value",""
"QCL","Crops and livestock products","512","Oman","5312","Area harvested","0111","Wheat","2019","2019","ha","939","A","Official value",""
"QCL","Crops and livestock products","512","Oman","5412","Yield","0111","Wheat","2019","2019","kg/ha","3849.8","A","Official value",""
"QCL","Crops and livestock products","512","Oman","5510","Production","0111","Wheat","2019","2019","t","3615","A","Official value",""
"QCL","Crops and livestock products","512","Oman","5312","Area harvested","0111","Wheat","2020","2020","ha","1131","A","Official value",""
"QCL","Crops and livestock products","512","Oman","5412","Yield","0111","Wheat","2020","2020","kg/ha","2533.2","A","Official value",""
"QCL","Crops and livestock products","512","Oman","5510","Production","0111","Wheat","2020","2020","t","2865","A","Official value",""
"QCL","Crops and livestock products","512","Oman","5312","Area harvested","0111","Wheat","2021","2021","ha","1096","A","Official value",""
"QCL","Crops and livestock products","512","Oman","5412","Yield","0111","Wheat","2021","2021","kg/ha","3231.2","A","Official value",""
"QCL","Crops and livestock products","512","Oman","5510","Production","0111","Wheat","2021","2021","t","3542","A","Official value",""
"QCL","Crops and livestock products","512","Oman","5312","Area harvested","0111","Wheat","2022","2022","ha","1766","A","Official value",""
"QCL","Crops and livestock products","512","Oman","5412","Yield","0111","Wheat","2022","2022","kg/ha","2008.5","A","Official value",""
"QCL","Crops and livestock products","512","Oman","5510","Production","0111","Wheat","2022","2022","t","3547","A","Official value",""
"QCL","Crops and livestock products","512","Oman","5312","Area harvested","0111","Wheat","2023","2023","ha","3003","A","Official value",""
"QCL","Crops and livestock products","512","Oman","5412","Yield","0111","Wheat","2023","2023","kg/ha","2628","A","Official value",""
"QCL","Crops and livestock products","512","Oman","5510","Production","0111","Wheat","2023","2023","t","7892","A","Official value",""
"QCL","Crops and livestock products","512","Oman","5312","Area harvested","0111","Wheat","2024","2024","ha","3749","A","Official value",""
"QCL","Crops and livestock products","512","Oman","5412","Yield","0111","Wheat","2024","2024","kg/ha","3131.5","A","Official value",""
"QCL","Crops and livestock products","512","Oman","5510","Production","0111","Wheat","2024","2024","t","11740","A","Official value",""
"QCL","Crops and livestock products","586","Pakistan","5312","Area harvested","0111","Wheat","2015","2015","ha","9203874","A","Official value",""
"QCL","Crops and livestock products","586","Pakistan","5412","Yield","0111","Wheat","2015","2015","kg/ha","2725.6","A","Official value",""
"QCL","Crops and livestock products","586","Pakistan","5510","Production","0111","Wheat","2015","2015","t","25086174","A","Official value",""
"QCL","Crops and livestock products","586","Pakistan","5312","Area harvested","0111","Wheat","2016","2016","ha","9223723","A","Official value",""
"QCL","Crops and livestock products","586","Pakistan","5412","Yield","0111","Wheat","2016","2016","kg/ha","2779","A","Official value",""
"QCL","Crops and livestock products","586","Pakistan","5510","Production","0111","Wheat","2016","2016","t","25633028","A","Official value",""
"QCL","Crops and livestock products","586","Pakistan","5312","Area harvested","0111","Wheat","2017","2017","ha","8972422","A","Official value",""
"QCL","Crops and livestock products","586","Pakistan","5412","Yield","0111","Wheat","2017","2017","kg/ha","2972.9","A","Official value",""
"QCL","Crops and livestock products","586","Pakistan","5510","Production","0111","Wheat","2017","2017","t","26673703","A","Official value",""
"QCL","Crops and livestock products","586","Pakistan","5312","Area harvested","0111","Wheat","2018","2018","ha","8797227","A","Official value",""
"QCL","Crops and livestock products","586","Pakistan","5412","Yield","0111","Wheat","2018","2018","kg/ha","2850.5","A","Official value",""
"QCL","Crops and livestock products","586","Pakistan","5510","Production","0111","Wheat","2018","2018","t","25076149","A","Official value",""
"QCL","Crops and livestock products","586","Pakistan","5312","Area harvested","0111","Wheat","2019","2019","ha","8677730","A","Official value",""
"QCL","Crops and livestock products","586","Pakistan","5412","Yield","0111","Wheat","2019","2019","kg/ha","2805.9","A","Official value",""
"QCL","Crops and livestock products","586","Pakistan","5510","Production","0111","Wheat","2019","2019","t","24348983","A","Official value",""
"QCL","Crops and livestock products","586","Pakistan","5312","Area harvested","0111","Wheat","2020","2020","ha","8804677","A","Official value",""
"QCL","Crops and livestock products","586","Pakistan","5412","Yield","0111","Wheat","2020","2020","kg/ha","2867.5","A","Official value",""
"QCL","Crops and livestock products","586","Pakistan","5510","Production","0111","Wheat","2020","2020","t","25247511","A","Official value",""
"QCL","Crops and livestock products","586","Pakistan","5312","Area harvested","0111","Wheat","2021","2021","ha","9168249","A","Official value",""
"QCL","Crops and livestock products","586","Pakistan","5412","Yield","0111","Wheat","2021","2021","kg/ha","2995.6","A","Official value",""
"QCL","Crops and livestock products","586","Pakistan","5510","Production","0111","Wheat","2021","2021","t","27464081","A","Official value",""
"QCL","Crops and livestock products","586","Pakistan","5312","Area harvested","0111","Wheat","2022","2022","ha","8976900","A","Official value",""
"QCL","Crops and livestock products","586","Pakistan","5412","Yield","0111","Wheat","2022","2022","kg/ha","2919.6","A","Official value",""
"QCL","Crops and livestock products","586","Pakistan","5510","Production","0111","Wheat","2022","2022","t","26208672","A","Official value",""
"QCL","Crops and livestock products","586","Pakistan","5312","Area harvested","0111","Wheat","2023","2023","ha","9032688","A","Official value",""
"QCL","Crops and livestock products","586","Pakistan","5412","Yield","0111","Wheat","2023","2023","kg/ha","3117.6","A","Official value",""
"QCL","Crops and livestock products","586","Pakistan","5510","Production","0111","Wheat","2023","2023","t","28160527","A","Official value",""
"QCL","Crops and livestock products","586","Pakistan","5312","Area harvested","0111","Wheat","2024","2024","ha","9734249","A","Official value",""
"QCL","Crops and livestock products","586","Pakistan","5412","Yield","0111","Wheat","2024","2024","kg/ha","3268.3","A","Official value",""
"QCL","Crops and livestock products","586","Pakistan","5510","Production","0111","Wheat","2024","2024","t","31814444","A","Official value",""
"QCL","Crops and livestock products","275","Palestine","5312","Area harvested","0111","Wheat","2015","2015","ha","13270","A","Official value",""
"QCL","Crops and livestock products","275","Palestine","5412","Yield","0111","Wheat","2015","2015","kg/ha","1983.4","A","Official value",""
"QCL","Crops and livestock products","275","Palestine","5510","Production","0111","Wheat","2015","2015","t","26320","A","Official value",""
"QCL","Crops and livestock products","275","Palestine","5312","Area harvested","0111","Wheat","2016","2016","ha","14400","A","Official value",""
"QCL","Crops and livestock products","275","Palestine","5412","Yield","0111","Wheat","2016","2016","kg/ha","2571.5","A","Official value",""
"QCL","Crops and livestock products","275","Palestine","5510","Production","0111","Wheat","2016","2016","t","37030","A","Official value",""
"QCL","Crops and livestock products","275","Palestine","5312","Area harvested","0111","Wheat","2017","2017","ha","15459","I","Value imputed by a receiving agency",""
"QCL","Crops and livestock products","275","Palestine","5412","Yield","0111","Wheat","2017","2017","kg/ha","2235.5","E","Estimated value",""
"QCL","Crops and livestock products","275","Palestine","5510","Production","0111","Wheat","2017","2017","t","34559.88","I","Value imputed by a receiving agency",""
"QCL","Crops and livestock products","275","Palestine","5312","Area harvested","0111","Wheat","2018","2018","ha","29190","A","Official value",""
"QCL","Crops and livestock products","275","Palestine","5412","Yield","0111","Wheat","2018","2018","kg/ha","2366.6","A","Official value",""
"QCL","Crops and livestock products","275","Palestine","5510","Production","0111","Wheat","2018","2018","t","69080","A","Official value",""
"QCL","Crops and livestock products","275","Palestine","5312","Area harvested","0111","Wheat","2019","2019","ha","15300","A","Official value",""
"QCL","Crops and livestock products","275","Palestine","5412","Yield","0111","Wheat","2019","2019","kg/ha","2246.4","A","Official value",""
"QCL","Crops and livestock products","275","Palestine","5510","Production","0111","Wheat","2019","2019","t","34370","A","Official value",""
"QCL","Crops and livestock products","275","Palestine","5312","Area harvested","0111","Wheat","2020","2020","ha","15150","A","Official value",""
"QCL","Crops and livestock products","275","Palestine","5412","Yield","0111","Wheat","2020","2020","kg/ha","2268.6","A","Official value",""
"QCL","Crops and livestock products","275","Palestine","5510","Production","0111","Wheat","2020","2020","t","34370","A","Official value",""
"QCL","Crops and livestock products","275","Palestine","5312","Area harvested","0111","Wheat","2021","2021","ha","8490","A","Official value",""
"QCL","Crops and livestock products","275","Palestine","5412","Yield","0111","Wheat","2021","2021","kg/ha","3055.2","A","Official value",""
"QCL","Crops and livestock products","275","Palestine","5510","Production","0111","Wheat","2021","2021","t","25939","A","Official value",""
"QCL","Crops and livestock products","275","Palestine","5312","Area harvested","0111","Wheat","2022","2022","ha","12761","I","Value imputed by a receiving agency",""
"QCL","Crops and livestock products","275","Palestine","5412","Yield","0111","Wheat","2022","2022","kg/ha","2571.3","E","Estimated value",""
"QCL","Crops and livestock products","275","Palestine","5510","Production","0111","Wheat","2022","2022","t","32811","A","Official value",""
"QCL","Crops and livestock products","275","Palestine","5312","Area harvested","0111","Wheat","2023","2023","","","","",""
"QCL","Crops and livestock products","275","Palestine","5412","Yield","0111","Wheat","2023","2023","","","","",""
"QCL","Crops and livestock products","275","Palestine","5510","Production","0111","Wheat","2023","2023","","","","",""
"QCL","Crops and livestock products","275","Palestine","5312","Area harvested","0111","Wheat","2024","2024","","","","",""
"QCL","Crops and livestock products","275","Palestine","5412","Yield","0111","Wheat","2024","2024","","","","",""
"QCL","Crops and livestock products","275","Palestine","5510","Production","0111","Wheat","2024","2024","","","","",""
"QCL","Crops and livestock products","591","Panama","5312","Area harvested","0111","Wheat","2015","2015","","","","",""
"QCL","Crops and livestock products","591","Panama","5412","Yield","0111","Wheat","2015","2015","","","","",""
"QCL","Crops and livestock products","591","Panama","5510","Production","0111","Wheat","2015","2015","","","","",""
"QCL","Crops and livestock products","591","Panama","5312","Area harvested","0111","Wheat","2016","2016","","","","",""
"QCL","Crops and livestock products","591","Panama","5412","Yield","0111","Wheat","2016","2016","","","","",""
"QCL","Crops and livestock products","591","Panama","5510","Production","0111","Wheat","2016","2016","","","","",""
"QCL","Crops and livestock products","591","Panama","5312","Area harvested","0111","Wheat","2017","2017","","","","",""
"QCL","Crops and livestock products","591","Panama","5412","Yield","0111","Wheat","2017","2017","","","","",""
"QCL","Crops and livestock products","591","Panama","5510","Production","0111","Wheat","2017","2017","","","","",""
"QCL","Crops and livestock products","591","Panama","5312","Area harvested","0111","Wheat","2018","2018","","","","",""
"QCL","Crops and livestock products","591","Panama","5412","Yield","0111","Wheat","2018","2018","","","","",""
"QCL","Crops and livestock products","591","Panama","5510","Production","0111","Wheat","2018","2018","","","","",""
"QCL","Crops and livestock products","591","Panama","5312","Area harvested","0111","Wheat","2019","2019","","","","",""
"QCL","Crops and livestock products","591","Panama","5412","Yield","0111","Wheat","2019","2019","","","","",""
"QCL","Crops and livestock products","591","Panama","5510","Production","0111","Wheat","2019","2019","","","","",""
"QCL","Crops and livestock products","591","Panama","5312","Area harvested","0111","Wheat","2020","2020","","","","",""
"QCL","Crops and livestock products","591","Panama","5412","Yield","0111","Wheat","2020","2020","","","","",""
"QCL","Crops and livestock products","591","Panama","5510","Production","0111","Wheat","2020","2020","","","","",""
"QCL","Crops and livestock products","591","Panama","5312","Area harvested","0111","Wheat","2021","2021","","","","",""
"QCL","Crops and livestock products","591","Panama","5412","Yield","0111","Wheat","2021","2021","","","","",""
"QCL","Crops and livestock products","591","Panama","5510","Production","0111","Wheat","2021","2021","","","","",""
"QCL","Crops and livestock products","591","Panama","5312","Area harvested","0111","Wheat","2022","2022","","","","",""
"QCL","Crops and livestock products","591","Panama","5412","Yield","0111","Wheat","2022","2022","","","","",""
"QCL","Crops and livestock products","591","Panama","5510","Production","0111","Wheat","2022","2022","","","","",""
"QCL","Crops and livestock products","591","Panama","5312","Area harvested","0111","Wheat","2023","2023","","","","",""
"QCL","Crops and livestock products","591","Panama","5412","Yield","0111","Wheat","2023","2023","","","","",""
"QCL","Crops and livestock products","591","Panama","5510","Production","0111","Wheat","2023","2023","","","","",""
"QCL","Crops and livestock products","591","Panama","5312","Area harvested","0111","Wheat","2024","2024","","","","",""
"QCL","Crops and livestock products","591","Panama","5412","Yield","0111","Wheat","2024","2024","","","","",""
"QCL","Crops and livestock products","591","Panama","5510","Production","0111","Wheat","2024","2024","","","","",""
"QCL","Crops and livestock products","598","Papua New Guinea","5312","Area harvested","0111","Wheat","2015","2015","","","","",""
"QCL","Crops and livestock products","598","Papua New Guinea","5412","Yield","0111","Wheat","2015","2015","","","","",""
"QCL","Crops and livestock products","598","Papua New Guinea","5510","Production","0111","Wheat","2015","2015","","","","",""
"QCL","Crops and livestock products","598","Papua New Guinea","5312","Area harvested","0111","Wheat","2016","2016","","","","",""
"QCL","Crops and livestock products","598","Papua New Guinea","5412","Yield","0111","Wheat","2016","2016","","","","",""
"QCL","Crops and livestock products","598","Papua New Guinea","5510","Production","0111","Wheat","2016","2016","","","","",""
"QCL","Crops and livestock products","598","Papua New Guinea","5312","Area harvested","0111","Wheat","2017","2017","","","","",""
"QCL","Crops and livestock products","598","Papua New Guinea","5412","Yield","0111","Wheat","2017","2017","","","","",""
"QCL","Crops and livestock products","598","Papua New Guinea","5510","Production","0111","Wheat","2017","2017","","","","",""
"QCL","Crops and livestock products","598","Papua New Guinea","5312","Area harvested","0111","Wheat","2018","2018","","","","",""
"QCL","Crops and livestock products","598","Papua New Guinea","5412","Yield","0111","Wheat","2018","2018","","","","",""
"QCL","Crops and livestock products","598","Papua New Guinea","5510","Production","0111","Wheat","2018","2018","","","","",""
"QCL","Crops and livestock products","598","Papua New Guinea","5312","Area harvested","0111","Wheat","2019","2019","","","","",""
"QCL","Crops and livestock products","598","Papua New Guinea","5412","Yield","0111","Wheat","2019","2019","","","","",""
"QCL","Crops and livestock products","598","Papua New Guinea","5510","Production","0111","Wheat","2019","2019","","","","",""
"QCL","Crops and livestock products","598","Papua New Guinea","5312","Area harvested","0111","Wheat","2020","2020","","","","",""
"QCL","Crops and livestock products","598","Papua New Guinea","5412","Yield","0111","Wheat","2020","2020","","","","",""
"QCL","Crops and livestock products","598","Papua New Guinea","5510","Production","0111","Wheat","2020","2020","","","","",""
"QCL","Crops and livestock products","598","Papua New Guinea","5312","Area harvested","0111","Wheat","2021","2021","","","","",""
"QCL","Crops and livestock products","598","Papua New Guinea","5412","Yield","0111","Wheat","2021","2021","","","","",""
"QCL","Crops and livestock products","598","Papua New Guinea","5510","Production","0111","Wheat","2021","2021","","","","",""
"QCL","Crops and livestock products","598","Papua New Guinea","5312","Area harvested","0111","Wheat","2022","2022","","","","",""
"QCL","Crops and livestock products","598","Papua New Guinea","5412","Yield","0111","Wheat","2022","2022","","","","",""
"QCL","Crops and livestock products","598","Papua New Guinea","5510","Production","0111","Wheat","2022","2022","","","","",""
"QCL","Crops and livestock products","598","Papua New Guinea","5312","Area harvested","0111","Wheat","2023","2023","","","","",""
"QCL","Crops and livestock products","598","Papua New Guinea","5412","Yield","0111","Wheat","2023","2023","","","","",""
"QCL","Crops and livestock products","598","Papua New Guinea","5510","Production","0111","Wheat","2023","2023","","","","",""
"QCL","Crops and livestock products","598","Papua New Guinea","5312","Area harvested","0111","Wheat","2024","2024","","","","",""
"QCL","Crops and livestock products","598","Papua New Guinea","5412","Yield","0111","Wheat","2024","2024","","","","",""
"QCL","Crops and livestock products","598","Papua New Guinea","5510","Production","0111","Wheat","2024","2024","","","","",""
"QCL","Crops and livestock products","600","Paraguay","5312","Area harvested","0111","Wheat","2015","2015","ha","600000","A","Official value",""
"QCL","Crops and livestock products","600","Paraguay","5412","Yield","0111","Wheat","2015","2015","kg/ha","1898.6","A","Official value",""
"QCL","Crops and livestock products","600","Paraguay","5510","Production","0111","Wheat","2015","2015","t","1139147","A","Official value",""
"QCL","Crops and livestock products","600","Paraguay","5312","Area harvested","0111","Wheat","2016","2016","ha","520000","A","Official value",""
"QCL","Crops and livestock products","600","Paraguay","5412","Yield","0111","Wheat","2016","2016","kg/ha","2200","A","Official value",""
"QCL","Crops and livestock products","600","Paraguay","5510","Production","0111","Wheat","2016","2016","t","1144000","A","Official value",""
"QCL","Crops and livestock products","600","Paraguay","5312","Area harvested","0111","Wheat","2017","2017","ha","510000","A","Official value",""
"QCL","Crops and livestock products","600","Paraguay","5412","Yield","0111","Wheat","2017","2017","kg/ha","2000","A","Official value",""
"QCL","Crops and livestock products","600","Paraguay","5510","Production","0111","Wheat","2017","2017","t","1020000","A","Official value",""
"QCL","Crops and livestock products","600","Paraguay","5312","Area harvested","0111","Wheat","2018","2018","ha","430000","A","Official value",""
"QCL","Crops and livestock products","600","Paraguay","5412","Yield","0111","Wheat","2018","2018","kg/ha","1680","A","Official value",""
"QCL","Crops and livestock products","600","Paraguay","5510","Production","0111","Wheat","2018","2018","t","722400","A","Official value",""
"QCL","Crops and livestock products","600","Paraguay","5312","Area harvested","0111","Wheat","2019","2019","ha","485000","A","Official value",""
"QCL","Crops and livestock products","600","Paraguay","5412","Yield","0111","Wheat","2019","2019","kg/ha","2800","A","Official value",""
"QCL","Crops and livestock products","600","Paraguay","5510","Production","0111","Wheat","2019","2019","t","1358000","A","Official value",""
"QCL","Crops and livestock products","600","Paraguay","5312","Area harvested","0111","Wheat","2020","2020","ha","480800","A","Official value",""
"QCL","Crops and livestock products","600","Paraguay","5412","Yield","0111","Wheat","2020","2020","kg/ha","2709.8","A","Official value",""
"QCL","Crops and livestock products","600","Paraguay","5510","Production","0111","Wheat","2020","2020","t","1302870","A","Official value",""
"QCL","Crops and livestock products","600","Paraguay","5312","Area harvested","0111","Wheat","2021","2021","ha","450000","A","Official value",""
"QCL","Crops and livestock products","600","Paraguay","5412","Yield","0111","Wheat","2021","2021","kg/ha","2061.7","A","Official value",""
"QCL","Crops and livestock products","600","Paraguay","5510","Production","0111","Wheat","2021","2021","t","927776","A","Official value",""
"QCL","Crops and livestock products","600","Paraguay","5312","Area harvested","0111","Wheat","2022","2022","ha","433144","A","Official value",""
"QCL","Crops and livestock products","600","Paraguay","5412","Yield","0111","Wheat","2022","2022","kg/ha","2246.1","A","Official value",""
"QCL","Crops and livestock products","600","Paraguay","5510","Production","0111","Wheat","2022","2022","t","972872","A","Official value",""
"QCL","Crops and livestock products","600","Paraguay","5312","Area harvested","0111","Wheat","2023","2023","ha","447800","A","Official value",""
"QCL","Crops and livestock products","600","Paraguay","5412","Yield","0111","Wheat","2023","2023","kg/ha","2163.4","A","Official value",""
"QCL","Crops and livestock products","600","Paraguay","5510","Production","0111","Wheat","2023","2023","t","968789","A","Official value",""
"QCL","Crops and livestock products","600","Paraguay","5312","Area harvested","0111","Wheat","2024","2024","ha","450000","A","Official value",""
"QCL","Crops and livestock products","600","Paraguay","5412","Yield","0111","Wheat","2024","2024","kg/ha","1706","A","Official value",""
"QCL","Crops and livestock products","600","Paraguay","5510","Production","0111","Wheat","2024","2024","t","767700","A","Official value",""
"QCL","Crops and livestock products","604","Peru","5312","Area harvested","0111","Wheat","2015","2015","ha","138357","A","Official value",""
"QCL","Crops and livestock products","604","Peru","5412","Yield","0111","Wheat","2015","2015","kg/ha","1552.9","A","Official value",""
"QCL","Crops and livestock products","604","Peru","5510","Production","0111","Wheat","2015","2015","t","214849","A","Official value",""
"QCL","Crops and livestock products","604","Peru","5312","Area harvested","0111","Wheat","2016","2016","ha","120634","A","Official value",""
"QCL","Crops and livestock products","604","Peru","5412","Yield","0111","Wheat","2016","2016","kg/ha","1562.3","A","Official value",""
"QCL","Crops and livestock products","604","Peru","5510","Production","0111","Wheat","2016","2016","t","188468.76","A","Official value",""
"QCL","Crops and livestock products","604","Peru","5312","Area harvested","0111","Wheat","2017","2017","ha","127640","A","Official value",""
"QCL","Crops and livestock products","604","Peru","5412","Yield","0111","Wheat","2017","2017","kg/ha","1505","A","Official value",""
"QCL","Crops and livestock products","604","Peru","5510","Production","0111","Wheat","2017","2017","t","192099","A","Official value",""
"QCL","Crops and livestock products","604","Peru","5312","Area harvested","0111","Wheat","2018","2018","ha","126762","A","Official value",""
"QCL","Crops and livestock products","604","Peru","5412","Yield","0111","Wheat","2018","2018","kg/ha","1540.3","A","Official value",""
"QCL","Crops and livestock products","604","Peru","5510","Production","0111","Wheat","2018","2018","t","195245.82","A","Official value",""
"QCL","Crops and livestock products","604","Peru","5312","Area harvested","0111","Wheat","2019","2019","ha","120634","A","Official value",""
"QCL","Crops and livestock products","604","Peru","5412","Yield","0111","Wheat","2019","2019","kg/ha","1562.3","A","Official value",""
"QCL","Crops and livestock products","604","Peru","5510","Production","0111","Wheat","2019","2019","t","188468.76","A","Official value",""
"QCL","Crops and livestock products","604","Peru","5312","Area harvested","0111","Wheat","2020","2020","ha","114387","A","Official value",""
"QCL","Crops and livestock products","604","Peru","5412","Yield","0111","Wheat","2020","2020","kg/ha","1633.4","A","Official value",""
"QCL","Crops and livestock products","604","Peru","5510","Production","0111","Wheat","2020","2020","t","186835","A","Official value",""
"QCL","Crops and livestock products","604","Peru","5312","Area harvested","0111","Wheat","2021","2021","ha","118542","A","Official value",""
"QCL","Crops and livestock products","604","Peru","5412","Yield","0111","Wheat","2021","2021","kg/ha","1713.1","A","Official value",""
"QCL","Crops and livestock products","604","Peru","5510","Production","0111","Wheat","2021","2021","t","203072.79","A","Official value",""
"QCL","Crops and livestock products","604","Peru","5312","Area harvested","0111","Wheat","2022","2022","ha","120213","A","Official value",""
"QCL","Crops and livestock products","604","Peru","5412","Yield","0111","Wheat","2022","2022","kg/ha","1766.9","A","Official value",""
"QCL","Crops and livestock products","604","Peru","5510","Production","0111","Wheat","2022","2022","t","212403.98","A","Official value",""
"QCL","Crops and livestock products","604","Peru","5312","Area harvested","0111","Wheat","2023","2023","ha","111306","A","Official value",""
"QCL","Crops and livestock products","604","Peru","5412","Yield","0111","Wheat","2023","2023","kg/ha","1743","A","Official value",""
"QCL","Crops and livestock products","604","Peru","5510","Production","0111","Wheat","2023","2023","t","194004.08","A","Official value",""
"QCL","Crops and livestock products","604","Peru","5312","Area harvested","0111","Wheat","2024","2024","ha","114474","A","Official value",""
"QCL","Crops and livestock products","604","Peru","5412","Yield","0111","Wheat","2024","2024","kg/ha","1777.9","A","Official value",""
"QCL","Crops and livestock products","604","Peru","5510","Production","0111","Wheat","2024","2024","t","203522.44","A","Official value",""
"QCL","Crops and livestock products","608","Philippines","5312","Area harvested","0111","Wheat","2015","2015","","","","",""
"QCL","Crops and livestock products","608","Philippines","5412","Yield","0111","Wheat","2015","2015","","","","",""
"QCL","Crops and livestock products","608","Philippines","5510","Production","0111","Wheat","2015","2015","","","","",""
"QCL","Crops and livestock products","608","Philippines","5312","Area harvested","0111","Wheat","2016","2016","","","","",""
"QCL","Crops and livestock products","608","Philippines","5412","Yield","0111","Wheat","2016","2016","","","","",""
"QCL","Crops and livestock products","608","Philippines","5510","Production","0111","Wheat","2016","2016","","","","",""
"QCL","Crops and livestock products","608","Philippines","5312","Area harvested","0111","Wheat","2017","2017","","","","",""
"QCL","Crops and livestock products","608","Philippines","5412","Yield","0111","Wheat","2017","2017","","","","",""
"QCL","Crops and livestock products","608","Philippines","5510","Production","0111","Wheat","2017","2017","","","","",""
"QCL","Crops and livestock products","608","Philippines","5312","Area harvested","0111","Wheat","2018","2018","","","","",""
"QCL","Crops and livestock products","608","Philippines","5412","Yield","0111","Wheat","2018","2018","","","","",""
"QCL","Crops and livestock products","608","Philippines","5510","Production","0111","Wheat","2018","2018","","","","",""
"QCL","Crops and livestock products","608","Philippines","5312","Area harvested","0111","Wheat","2019","2019","","","","",""
"QCL","Crops and livestock products","608","Philippines","5412","Yield","0111","Wheat","2019","2019","","","","",""
"QCL","Crops and livestock products","608","Philippines","5510","Production","0111","Wheat","2019","2019","","","","",""
"QCL","Crops and livestock products","608","Philippines","5312","Area harvested","0111","Wheat","2020","2020","","","","",""
"QCL","Crops and livestock products","608","Philippines","5412","Yield","0111","Wheat","2020","2020","","","","",""
"QCL","Crops and livestock products","608","Philippines","5510","Production","0111","Wheat","2020","2020","","","","",""
"QCL","Crops and livestock products","608","Philippines","5312","Area harvested","0111","Wheat","2021","2021","","","","",""
"QCL","Crops and livestock products","608","Philippines","5412","Yield","0111","Wheat","2021","2021","","","","",""
"QCL","Crops and livestock products","608","Philippines","5510","Production","0111","Wheat","2021","2021","","","","",""
"QCL","Crops and livestock products","608","Philippines","5312","Area harvested","0111","Wheat","2022","2022","","","","",""
"QCL","Crops and livestock products","608","Philippines","5412","Yield","0111","Wheat","2022","2022","","","","",""
"QCL","Crops and livestock products","608","Philippines","5510","Production","0111","Wheat","2022","2022","","","","",""
"QCL","Crops and livestock products","608","Philippines","5312","Area harvested","0111","Wheat","2023","2023","","","","",""
"QCL","Crops and livestock products","608","Philippines","5412","Yield","0111","Wheat","2023","2023","","","","",""
"QCL","Crops and livestock products","608","Philippines","5510","Production","0111","Wheat","2023","2023","","","","",""
"QCL","Crops and livestock products","608","Philippines","5312","Area harvested","0111","Wheat","2024","2024","","","","",""
"QCL","Crops and livestock products","608","Philippines","5412","Yield","0111","Wheat","2024","2024","","","","",""
"QCL","Crops and livestock products","608","Philippines","5510","Production","0111","Wheat","2024","2024","","","","",""
"QCL","Crops and livestock products","616","Poland","5312","Area harvested","0111","Wheat","2015","2015","ha","2395451","A","Official value",""
"QCL","Crops and livestock products","616","Poland","5412","Yield","0111","Wheat","2015","2015","kg/ha","4574.4","A","Official value",""
"QCL","Crops and livestock products","616","Poland","5510","Production","0111","Wheat","2015","2015","t","10957787","A","Official value",""
"QCL","Crops and livestock products","616","Poland","5312","Area harvested","0111","Wheat","2016","2016","ha","2364078","A","Official value",""
"QCL","Crops and livestock products","616","Poland","5412","Yield","0111","Wheat","2016","2016","kg/ha","4580.2","A","Official value",""
"QCL","Crops and livestock products","616","Poland","5510","Production","0111","Wheat","2016","2016","t","10827902","A","Official value",""
"QCL","Crops and livestock products","616","Poland","5312","Area harvested","0111","Wheat","2017","2017","ha","2391853","A","Official value",""
"QCL","Crops and livestock products","616","Poland","5412","Yield","0111","Wheat","2017","2017","kg/ha","4877.3","A","Official value",""
"QCL","Crops and livestock products","616","Poland","5510","Production","0111","Wheat","2017","2017","t","11665702","A","Official value",""
"QCL","Crops and livestock products","616","Poland","5312","Area harvested","0111","Wheat","2018","2018","ha","2417230","A","Official value",""
"QCL","Crops and livestock products","616","Poland","5412","Yield","0111","Wheat","2018","2018","kg/ha","3987.1","A","Official value",""
"QCL","Crops and livestock products","616","Poland","5510","Production","0111","Wheat","2018","2018","t","9637620","A","Official value",""
"QCL","Crops and livestock products","616","Poland","5312","Area harvested","0111","Wheat","2019","2019","ha","2511330","A","Official value",""
"QCL","Crops and livestock products","616","Poland","5412","Yield","0111","Wheat","2019","2019","kg/ha","4303.5","A","Official value",""
"QCL","Crops and livestock products","616","Poland","5510","Production","0111","Wheat","2019","2019","t","10807490","A","Official value",""
"QCL","Crops and livestock products","616","Poland","5312","Area harvested","0111","Wheat","2020","2020","ha","2391000","A","Official value",""
"QCL","Crops and livestock products","616","Poland","5412","Yield","0111","Wheat","2020","2020","kg/ha","5234.2","A","Official value",""
"QCL","Crops and livestock products","616","Poland","5510","Production","0111","Wheat","2020","2020","t","12515060","A","Official value",""
"QCL","Crops and livestock products","616","Poland","5312","Area harvested","0111","Wheat","2021","2021","ha","2390520","A","Official value",""
"QCL","Crops and livestock products","616","Poland","5412","Yield","0111","Wheat","2021","2021","kg/ha","4975.3","A","Official value",""
"QCL","Crops and livestock products","616","Poland","5510","Production","0111","Wheat","2021","2021","t","11893550","A","Official value",""
"QCL","Crops and livestock products","616","Poland","5312","Area harvested","0111","Wheat","2022","2022","ha","2518440","A","Official value",""
"QCL","Crops and livestock products","616","Poland","5412","Yield","0111","Wheat","2022","2022","kg/ha","5239.4","A","Official value",""
"QCL","Crops and livestock products","616","Poland","5510","Production","0111","Wheat","2022","2022","t","13195120","A","Official value",""
"QCL","Crops and livestock products","616","Poland","5312","Area harvested","0111","Wheat","2023","2023","ha","2449330","A","Official value",""
"QCL","Crops and livestock products","616","Poland","5412","Yield","0111","Wheat","2023","2023","kg/ha","5280","A","Official value",""
"QCL","Crops and livestock products","616","Poland","5510","Production","0111","Wheat","2023","2023","t","12932390","A","Official value",""
"QCL","Crops and livestock products","616","Poland","5312","Area harvested","0111","Wheat","2024","2024","ha","2385690","A","Official value",""
"QCL","Crops and livestock products","616","Poland","5412","Yield","0111","Wheat","2024","2024","kg/ha","5107","A","Official value",""
"QCL","Crops and livestock products","616","Poland","5510","Production","0111","Wheat","2024","2024","t","12183620","A","Official value",""
"QCL","Crops and livestock products","620","Portugal","5312","Area harvested","0111","Wheat","2015","2015","ha","39736","A","Official value",""
"QCL","Crops and livestock products","620","Portugal","5412","Yield","0111","Wheat","2015","2015","kg/ha","2023.2","A","Official value",""
"QCL","Crops and livestock products","620","Portugal","5510","Production","0111","Wheat","2015","2015","t","80393","A","Official value",""
"QCL","Crops and livestock products","620","Portugal","5312","Area harvested","0111","Wheat","2016","2016","ha","38199","A","Official value",""
"QCL","Crops and livestock products","620","Portugal","5412","Yield","0111","Wheat","2016","2016","kg/ha","2356.5","A","Official value",""
"QCL","Crops and livestock products","620","Portugal","5510","Production","0111","Wheat","2016","2016","t","90017","A","Official value",""
"QCL","Crops and livestock products","620","Portugal","5312","Area harvested","0111","Wheat","2017","2017","ha","29019","A","Official value",""
"QCL","Crops and livestock products","620","Portugal","5412","Yield","0111","Wheat","2017","2017","kg/ha","2054.2","A","Official value",""
"QCL","Crops and livestock products","620","Portugal","5510","Production","0111","Wheat","2017","2017","t","59610","A","Official value",""
"QCL","Crops and livestock products","620","Portugal","5312","Area harvested","0111","Wheat","2018","2018","ha","27030","A","Official value",""
"QCL","Crops and livestock products","620","Portugal","5412","Yield","0111","Wheat","2018","2018","kg/ha","2593.8","A","Official value",""
"QCL","Crops and livestock products","620","Portugal","5510","Production","0111","Wheat","2018","2018","t","70110","A","Official value",""
"QCL","Crops and livestock products","620","Portugal","5312","Area harvested","0111","Wheat","2019","2019","ha","28530","A","Official value",""
"QCL","Crops and livestock products","620","Portugal","5412","Yield","0111","Wheat","2019","2019","kg/ha","2701.4","A","Official value",""
"QCL","Crops and livestock products","620","Portugal","5510","Production","0111","Wheat","2019","2019","t","77070","A","Official value",""
"QCL","Crops and livestock products","620","Portugal","5312","Area harvested","0111","Wheat","2020","2020","ha","30140","A","Official value",""
"QCL","Crops and livestock products","620","Portugal","5412","Yield","0111","Wheat","2020","2020","kg/ha","2770.4","A","Official value",""
"QCL","Crops and livestock products","620","Portugal","5510","Production","0111","Wheat","2020","2020","t","83500","A","Official value",""
"QCL","Crops and livestock products","620","Portugal","5312","Area harvested","0111","Wheat","2021","2021","ha","28660","A","Official value",""
"QCL","Crops and livestock products","620","Portugal","5412","Yield","0111","Wheat","2021","2021","kg/ha","2422.9","A","Official value",""
"QCL","Crops and livestock products","620","Portugal","5510","Production","0111","Wheat","2021","2021","t","69440","A","Official value",""
"QCL","Crops and livestock products","620","Portugal","5312","Area harvested","0111","Wheat","2022","2022","ha","31050","A","Official value",""
"QCL","Crops and livestock products","620","Portugal","5412","Yield","0111","Wheat","2022","2022","kg/ha","1994.2","A","Official value",""
"QCL","Crops and livestock products","620","Portugal","5510","Production","0111","Wheat","2022","2022","t","61920","A","Official value",""
"QCL","Crops and livestock products","620","Portugal","5312","Area harvested","0111","Wheat","2023","2023","ha","24740","A","Official value",""
"QCL","Crops and livestock products","620","Portugal","5412","Yield","0111","Wheat","2023","2023","kg/ha","1401.4","A","Official value",""
"QCL","Crops and livestock products","620","Portugal","5510","Production","0111","Wheat","2023","2023","t","34670","A","Official value",""
"QCL","Crops and livestock products","620","Portugal","5312","Area harvested","0111","Wheat","2024","2024","ha","24110","A","Official value",""
"QCL","Crops and livestock products","620","Portugal","5412","Yield","0111","Wheat","2024","2024","kg/ha","3374.1","A","Official value",""
"QCL","Crops and livestock products","620","Portugal","5510","Production","0111","Wheat","2024","2024","t","81350","A","Official value",""
"QCL","Crops and livestock products","630","Puerto Rico","5312","Area harvested","0111","Wheat","2015","2015","","","","",""
"QCL","Crops and livestock products","630","Puerto Rico","5412","Yield","0111","Wheat","2015","2015","","","","",""
"QCL","Crops and livestock products","630","Puerto Rico","5510","Production","0111","Wheat","2015","2015","","","","",""
"QCL","Crops and livestock products","630","Puerto Rico","5312","Area harvested","0111","Wheat","2016","2016","","","","",""
"QCL","Crops and livestock products","630","Puerto Rico","5412","Yield","0111","Wheat","2016","2016","","","","",""
"QCL","Crops and livestock products","630","Puerto Rico","5510","Production","0111","Wheat","2016","2016","","","","",""
"QCL","Crops and livestock products","630","Puerto Rico","5312","Area harvested","0111","Wheat","2017","2017","","","","",""
"QCL","Crops and livestock products","630","Puerto Rico","5412","Yield","0111","Wheat","2017","2017","","","","",""
"QCL","Crops and livestock products","630","Puerto Rico","5510","Production","0111","Wheat","2017","2017","","","","",""
"QCL","Crops and livestock products","630","Puerto Rico","5312","Area harvested","0111","Wheat","2018","2018","","","","",""
"QCL","Crops and livestock products","630","Puerto Rico","5412","Yield","0111","Wheat","2018","2018","","","","",""
"QCL","Crops and livestock products","630","Puerto Rico","5510","Production","0111","Wheat","2018","2018","","","","",""
"QCL","Crops and livestock products","630","Puerto Rico","5312","Area harvested","0111","Wheat","2019","2019","","","","",""
"QCL","Crops and livestock products","630","Puerto Rico","5412","Yield","0111","Wheat","2019","2019","","","","",""
"QCL","Crops and livestock products","630","Puerto Rico","5510","Production","0111","Wheat","2019","2019","","","","",""
"QCL","Crops and livestock products","630","Puerto Rico","5312","Area harvested","0111","Wheat","2020","2020","","","","",""
"QCL","Crops and livestock products","630","Puerto Rico","5412","Yield","0111","Wheat","2020","2020","","","","",""
"QCL","Crops and livestock products","630","Puerto Rico","5510","Production","0111","Wheat","2020","2020","","","","",""
"QCL","Crops and livestock products","630","Puerto Rico","5312","Area harvested","0111","Wheat","2021","2021","","","","",""
"QCL","Crops and livestock products","630","Puerto Rico","5412","Yield","0111","Wheat","2021","2021","","","","",""
"QCL","Crops and livestock products","630","Puerto Rico","5510","Production","0111","Wheat","2021","2021","","","","",""
"QCL","Crops and livestock products","630","Puerto Rico","5312","Area harvested","0111","Wheat","2022","2022","","","","",""
"QCL","Crops and livestock products","630","Puerto Rico","5412","Yield","0111","Wheat","2022","2022","","","","",""
"QCL","Crops and livestock products","630","Puerto Rico","5510","Production","0111","Wheat","2022","2022","","","","",""
"QCL","Crops and livestock products","630","Puerto Rico","5312","Area harvested","0111","Wheat","2023","2023","","","","",""
"QCL","Crops and livestock products","630","Puerto Rico","5412","Yield","0111","Wheat","2023","2023","","","","",""
"QCL","Crops and livestock products","630","Puerto Rico","5510","Production","0111","Wheat","2023","2023","","","","",""
"QCL","Crops and livestock products","630","Puerto Rico","5312","Area harvested","0111","Wheat","2024","2024","","","","",""
"QCL","Crops and livestock products","630","Puerto Rico","5412","Yield","0111","Wheat","2024","2024","","","","",""
"QCL","Crops and livestock products","630","Puerto Rico","5510","Production","0111","Wheat","2024","2024","","","","",""
"QCL","Crops and livestock products","634","Qatar","5312","Area harvested","0111","Wheat","2015","2015","ha","0","A","Official value",""
"QCL","Crops and livestock products","634","Qatar","5412","Yield","0111","Wheat","2015","2015","","","","",""
"QCL","Crops and livestock products","634","Qatar","5510","Production","0111","Wheat","2015","2015","t","0","A","Official value",""
"QCL","Crops and livestock products","634","Qatar","5312","Area harvested","0111","Wheat","2016","2016","ha","3","A","Official value",""
"QCL","Crops and livestock products","634","Qatar","5412","Yield","0111","Wheat","2016","2016","kg/ha","2296.3","A","Official value",""
"QCL","Crops and livestock products","634","Qatar","5510","Production","0111","Wheat","2016","2016","t","6.2","A","Official value",""
"QCL","Crops and livestock products","634","Qatar","5312","Area harvested","0111","Wheat","2017","2017","ha","7","A","Official value",""
"QCL","Crops and livestock products","634","Qatar","5412","Yield","0111","Wheat","2017","2017","kg/ha","2285.7","A","Official value",""
"QCL","Crops and livestock products","634","Qatar","5510","Production","0111","Wheat","2017","2017","t","16","A","Official value",""
"QCL","Crops and livestock products","634","Qatar","5312","Area harvested","0111","Wheat","2018","2018","ha","6","A","Official value",""
"QCL","Crops and livestock products","634","Qatar","5412","Yield","0111","Wheat","2018","2018","kg/ha","2500","A","Official value",""
"QCL","Crops and livestock products","634","Qatar","5510","Production","0111","Wheat","2018","2018","t","15","A","Official value",""
"QCL","Crops and livestock products","634","Qatar","5312","Area harvested","0111","Wheat","2019","2019","ha","1","A","Official value",""
"QCL","Crops and livestock products","634","Qatar","5412","Yield","0111","Wheat","2019","2019","kg/ha","2333.3","A","Official value",""
"QCL","Crops and livestock products","634","Qatar","5510","Production","0111","Wheat","2019","2019","t","1.4","A","Official value",""
"QCL","Crops and livestock products","634","Qatar","5312","Area harvested","0111","Wheat","2020","2020","ha","1","A","Official value",""
"QCL","Crops and livestock products","634","Qatar","5412","Yield","0111","Wheat","2020","2020","kg/ha","2300","A","Official value",""
"QCL","Crops and livestock products","634","Qatar","5510","Production","0111","Wheat","2020","2020","t","2.3","A","Official value",""
"QCL","Crops and livestock products","634","Qatar","5312","Area harvested","0111","Wheat","2021","2021","ha","109","A","Official value",""
"QCL","Crops and livestock products","634","Qatar","5412","Yield","0111","Wheat","2021","2021","kg/ha","2311.9","A","Official value",""
"QCL","Crops and livestock products","634","Qatar","5510","Production","0111","Wheat","2021","2021","t","252","A","Official value",""
"QCL","Crops and livestock products","634","Qatar","5312","Area harvested","0111","Wheat","2022","2022","ha","1","A","Official value",""
"QCL","Crops and livestock products","634","Qatar","5412","Yield","0111","Wheat","2022","2022","kg/ha","1800","A","Official value",""
"QCL","Crops and livestock products","634","Qatar","5510","Production","0111","Wheat","2022","2022","t","0.9","A","Official value",""
"QCL","Crops and livestock products","634","Qatar","5312","Area harvested","0111","Wheat","2023","2023","ha","1","A","Official value",""
"QCL","Crops and livestock products","634","Qatar","5412","Yield","0111","Wheat","2023","2023","kg/ha","3000","A","Official value",""
"QCL","Crops and livestock products","634","Qatar","5510","Production","0111","Wheat","2023","2023","t","2.4","A","Official value",""
"QCL","Crops and livestock products","634","Qatar","5312","Area harvested","0111","Wheat","2024","2024","ha","9","I","Value imputed by a receiving agency",""
"QCL","Crops and livestock products","634","Qatar","5412","Yield","0111","Wheat","2024","2024","kg/ha","2369.3","E","Estimated value",""
"QCL","Crops and livestock products","634","Qatar","5510","Production","0111","Wheat","2024","2024","t","21","I","Value imputed by a receiving agency",""
"QCL","Crops and livestock products","410","Republic of Korea","5312","Area harvested","0111","Wheat","2015","2015","ha","10076","A","Official value",""
"QCL","Crops and livestock products","410","Republic of Korea","5412","Yield","0111","Wheat","2015","2015","kg/ha","2623.4","A","Official value",""
"QCL","Crops and livestock products","410","Republic of Korea","5510","Production","0111","Wheat","2015","2015","t","26433","A","Official value",""
"QCL","Crops and livestock products","410","Republic of Korea","5312","Area harvested","0111","Wheat","2016","2016","ha","10440","A","Official value",""
"QCL","Crops and livestock products","410","Republic of Korea","5412","Yield","0111","Wheat","2016","2016","kg/ha","3707.4","A","Official value",""
"QCL","Crops and livestock products","410","Republic of Korea","5510","Production","0111","Wheat","2016","2016","t","38705","A","Official value",""
"QCL","Crops and livestock products","410","Republic of Korea","5312","Area harvested","0111","Wheat","2017","2017","ha","9283","A","Official value",""
"QCL","Crops and livestock products","410","Republic of Korea","5412","Yield","0111","Wheat","2017","2017","kg/ha","4031.6","A","Official value",""
"QCL","Crops and livestock products","410","Republic of Korea","5510","Production","0111","Wheat","2017","2017","t","37425","A","Official value",""
"QCL","Crops and livestock products","410","Republic of Korea","5312","Area harvested","0111","Wheat","2018","2018","ha","6600","A","Official value",""
"QCL","Crops and livestock products","410","Republic of Korea","5412","Yield","0111","Wheat","2018","2018","kg/ha","3907.3","A","Official value",""
"QCL","Crops and livestock products","410","Republic of Korea","5510","Production","0111","Wheat","2018","2018","t","25788","A","Official value",""
"QCL","Crops and livestock products","410","Republic of Korea","5312","Area harvested","0111","Wheat","2019","2019","ha","3736","A","Official value",""
"QCL","Crops and livestock products","410","Republic of Korea","5412","Yield","0111","Wheat","2019","2019","kg/ha","4021.4","A","Official value",""
"QCL","Crops and livestock products","410","Republic of Korea","5510","Production","0111","Wheat","2019","2019","t","15024","A","Official value",""
"QCL","Crops and livestock products","410","Republic of Korea","5312","Area harvested","0111","Wheat","2020","2020","ha","5224","A","Official value",""
"QCL","Crops and livestock products","410","Republic of Korea","5412","Yield","0111","Wheat","2020","2020","kg/ha","3251.3","A","Official value",""
"QCL","Crops and livestock products","410","Republic of Korea","5510","Production","0111","Wheat","2020","2020","t","16985","A","Official value",""
"QCL","Crops and livestock products","410","Republic of Korea","5312","Area harvested","0111","Wheat","2021","2021","ha","6224","A","Official value",""
"QCL","Crops and livestock products","410","Republic of Korea","5412","Yield","0111","Wheat","2021","2021","kg/ha","4229.4","A","Official value",""
"QCL","Crops and livestock products","410","Republic of Korea","5510","Production","0111","Wheat","2021","2021","t","26324","A","Official value",""
"QCL","Crops and livestock products","410","Republic of Korea","5312","Area harvested","0111","Wheat","2022","2022","ha","8259","A","Official value",""
"QCL","Crops and livestock products","410","Republic of Korea","5412","Yield","0111","Wheat","2022","2022","kg/ha","4184.8","A","Official value",""
"QCL","Crops and livestock products","410","Republic of Korea","5510","Production","0111","Wheat","2022","2022","t","34562","A","Official value",""
"QCL","Crops and livestock products","410","Republic of Korea","5312","Area harvested","0111","Wheat","2023","2023","ha","11600","A","Official value",""
"QCL","Crops and livestock products","410","Republic of Korea","5412","Yield","0111","Wheat","2023","2023","kg/ha","4466.3","A","Official value",""
"QCL","Crops and livestock products","410","Republic of Korea","5510","Production","0111","Wheat","2023","2023","t","51809","A","Official value",""
"QCL","Crops and livestock products","410","Republic of Korea","5312","Area harvested","0111","Wheat","2024","2024","ha","9536","A","Official value",""
"QCL","Crops and livestock products","410","Republic of Korea","5412","Yield","0111","Wheat","2024","2024","kg/ha","3919.5","A","Official value",""
"QCL","Crops and livestock products","410","Republic of Korea","5510","Production","0111","Wheat","2024","2024","t","37376","A","Official value",""
"QCL","Crops and livestock products","498","Republic of Moldova","5312","Area harvested","0111","Wheat","2015","2015","ha","345053","A","Official value",""
"QCL","Crops and livestock products","498","Republic of Moldova","5412","Yield","0111","Wheat","2015","2015","kg/ha","2672.9","A","Official value",""
"QCL","Crops and livestock products","498","Republic of Moldova","5510","Production","0111","Wheat","2015","2015","t","922283","A","Official value",""
"QCL","Crops and livestock products","498","Republic of Moldova","5312","Area harvested","0111","Wheat","2016","2016","ha","370791","A","Official value",""
"QCL","Crops and livestock products","498","Republic of Moldova","5412","Yield","0111","Wheat","2016","2016","kg/ha","3486.9","A","Official value",""
"QCL","Crops and livestock products","498","Republic of Moldova","5510","Production","0111","Wheat","2016","2016","t","1292921","A","Official value",""
"QCL","Crops and livestock products","498","Republic of Moldova","5312","Area harvested","0111","Wheat","2017","2017","ha","335232","A","Official value",""
"QCL","Crops and livestock products","498","Republic of Moldova","5412","Yield","0111","Wheat","2017","2017","kg/ha","3730.9","A","Official value",""
"QCL","Crops and livestock products","498","Republic of Moldova","5510","Production","0111","Wheat","2017","2017","t","1250702","A","Official value",""
"QCL","Crops and livestock products","498","Republic of Moldova","5312","Area harvested","0111","Wheat","2018","2018","ha","372076","A","Official value",""
"QCL","Crops and livestock products","498","Republic of Moldova","5412","Yield","0111","Wheat","2018","2018","kg/ha","3125.1","A","Official value",""
"QCL","Crops and livestock products","498","Republic of Moldova","5510","Production","0111","Wheat","2018","2018","t","1162778","A","Official value",""
"QCL","Crops and livestock products","498","Republic of Moldova","5312","Area harvested","0111","Wheat","2019","2019","ha","352033","A","Official value",""
"QCL","Crops and livestock products","498","Republic of Moldova","5412","Yield","0111","Wheat","2019","2019","kg/ha","3259.6","A","Official value",""
"QCL","Crops and livestock products","498","Republic of Moldova","5510","Production","0111","Wheat","2019","2019","t","1147482","A","Official value",""
"QCL","Crops and livestock products","498","Republic of Moldova","5312","Area harvested","0111","Wheat","2020","2020","ha","300341","A","Official value",""
"QCL","Crops and livestock products","498","Republic of Moldova","5412","Yield","0111","Wheat","2020","2020","kg/ha","1897","A","Official value",""
"QCL","Crops and livestock products","498","Republic of Moldova","5510","Production","0111","Wheat","2020","2020","t","569735","A","Official value",""
"QCL","Crops and livestock products","498","Republic of Moldova","5312","Area harvested","0111","Wheat","2021","2021","ha","340161","A","Official value",""
"QCL","Crops and livestock products","498","Republic of Moldova","5412","Yield","0111","Wheat","2021","2021","kg/ha","4601.4","A","Official value",""
"QCL","Crops and livestock products","498","Republic of Moldova","5510","Production","0111","Wheat","2021","2021","t","1565218","A","Official value",""
"QCL","Crops and livestock products","498","Republic of Moldova","5312","Area harvested","0111","Wheat","2022","2022","ha","331367","A","Official value",""
"QCL","Crops and livestock products","498","Republic of Moldova","5412","Yield","0111","Wheat","2022","2022","kg/ha","2580.2","A","Official value",""
"QCL","Crops and livestock products","498","Republic of Moldova","5510","Production","0111","Wheat","2022","2022","t","855007","A","Official value",""
"QCL","Crops and livestock products","498","Republic of Moldova","5312","Area harvested","0111","Wheat","2023","2023","ha","376247","A","Official value",""
"QCL","Crops and livestock products","498","Republic of Moldova","5412","Yield","0111","Wheat","2023","2023","kg/ha","4133","A","Official value",""
"QCL","Crops and livestock products","498","Republic of Moldova","5510","Production","0111","Wheat","2023","2023","t","1555023.8","A","Official value",""
"QCL","Crops and livestock products","498","Republic of Moldova","5312","Area harvested","0111","Wheat","2024","2024","ha","368254","A","Official value",""
"QCL","Crops and livestock products","498","Republic of Moldova","5412","Yield","0111","Wheat","2024","2024","kg/ha","3244.4","A","Official value",""
"QCL","Crops and livestock products","498","Republic of Moldova","5510","Production","0111","Wheat","2024","2024","t","1194779","A","Official value",""
"QCL","Crops and livestock products","638","Réunion","5312","Area harvested","0111","Wheat","2015","2015","","","","",""
"QCL","Crops and livestock products","638","Réunion","5412","Yield","0111","Wheat","2015","2015","","","","",""
"QCL","Crops and livestock products","638","Réunion","5510","Production","0111","Wheat","2015","2015","","","","",""
"QCL","Crops and livestock products","638","Réunion","5312","Area harvested","0111","Wheat","2016","2016","","","","",""
"QCL","Crops and livestock products","638","Réunion","5412","Yield","0111","Wheat","2016","2016","","","","",""
"QCL","Crops and livestock products","638","Réunion","5510","Production","0111","Wheat","2016","2016","","","","",""
"QCL","Crops and livestock products","638","Réunion","5312","Area harvested","0111","Wheat","2017","2017","","","","",""
"QCL","Crops and livestock products","638","Réunion","5412","Yield","0111","Wheat","2017","2017","","","","",""
"QCL","Crops and livestock products","638","Réunion","5510","Production","0111","Wheat","2017","2017","","","","",""
"QCL","Crops and livestock products","638","Réunion","5312","Area harvested","0111","Wheat","2018","2018","","","","",""
"QCL","Crops and livestock products","638","Réunion","5412","Yield","0111","Wheat","2018","2018","","","","",""
"QCL","Crops and livestock products","638","Réunion","5510","Production","0111","Wheat","2018","2018","","","","",""
"QCL","Crops and livestock products","638","Réunion","5312","Area harvested","0111","Wheat","2019","2019","","","","",""
"QCL","Crops and livestock products","638","Réunion","5412","Yield","0111","Wheat","2019","2019","","","","",""
"QCL","Crops and livestock products","638","Réunion","5510","Production","0111","Wheat","2019","2019","","","","",""
"QCL","Crops and livestock products","638","Réunion","5312","Area harvested","0111","Wheat","2020","2020","","","","",""
"QCL","Crops and livestock products","638","Réunion","5412","Yield","0111","Wheat","2020","2020","","","","",""
"QCL","Crops and livestock products","638","Réunion","5510","Production","0111","Wheat","2020","2020","","","","",""
"QCL","Crops and livestock products","638","Réunion","5312","Area harvested","0111","Wheat","2021","2021","","","","",""
"QCL","Crops and livestock products","638","Réunion","5412","Yield","0111","Wheat","2021","2021","","","","",""
"QCL","Crops and livestock products","638","Réunion","5510","Production","0111","Wheat","2021","2021","","","","",""
"QCL","Crops and livestock products","638","Réunion","5312","Area harvested","0111","Wheat","2022","2022","","","","",""
"QCL","Crops and livestock products","638","Réunion","5412","Yield","0111","Wheat","2022","2022","","","","",""
"QCL","Crops and livestock products","638","Réunion","5510","Production","0111","Wheat","2022","2022","","","","",""
"QCL","Crops and livestock products","638","Réunion","5312","Area harvested","0111","Wheat","2023","2023","","","","",""
"QCL","Crops and livestock products","638","Réunion","5412","Yield","0111","Wheat","2023","2023","","","","",""
"QCL","Crops and livestock products","638","Réunion","5510","Production","0111","Wheat","2023","2023","","","","",""
"QCL","Crops and livestock products","638","Réunion","5312","Area harvested","0111","Wheat","2024","2024","","","","",""
"QCL","Crops and livestock products","638","Réunion","5412","Yield","0111","Wheat","2024","2024","","","","",""
"QCL","Crops and livestock products","638","Réunion","5510","Production","0111","Wheat","2024","2024","","","","",""
"QCL","Crops and livestock products","642","Romania","5312","Area harvested","0111","Wheat","2015","2015","ha","2102444","A","Official value",""
"QCL","Crops and livestock products","642","Romania","5412","Yield","0111","Wheat","2015","2015","kg/ha","3787.2","A","Official value",""
"QCL","Crops and livestock products","642","Romania","5510","Production","0111","Wheat","2015","2015","t","7962421","A","Official value",""
"QCL","Crops and livestock products","642","Romania","5312","Area harvested","0111","Wheat","2016","2016","ha","2135304","A","Official value",""
"QCL","Crops and livestock products","642","Romania","5412","Yield","0111","Wheat","2016","2016","kg/ha","3948.4","A","Official value",""
"QCL","Crops and livestock products","642","Romania","5510","Production","0111","Wheat","2016","2016","t","8431131","A","Official value",""
"QCL","Crops and livestock products","642","Romania","5312","Area harvested","0111","Wheat","2017","2017","ha","2051664","A","Official value",""
"QCL","Crops and livestock products","642","Romania","5412","Yield","0111","Wheat","2017","2017","kg/ha","4891.1","A","Official value",""
"QCL","Crops and livestock products","642","Romania","5510","Production","0111","Wheat","2017","2017","t","10034955","A","Official value",""
"QCL","Crops and livestock products","642","Romania","5312","Area harvested","0111","Wheat","2018","2018","ha","2116150","A","Official value",""
"QCL","Crops and livestock products","642","Romania","5412","Yield","0111","Wheat","2018","2018","kg/ha","4793.5","A","Official value",""
"QCL","Crops and livestock products","642","Romania","5510","Production","0111","Wheat","2018","2018","t","10143670","A","Official value",""
"QCL","Crops and livestock products","642","Romania","5312","Area harvested","0111","Wheat","2019","2019","ha","2168370","A","Official value",""
"QCL","Crops and livestock products","642","Romania","5412","Yield","0111","Wheat","2019","2019","kg/ha","4748.8","A","Official value",""
"QCL","Crops and livestock products","642","Romania","5510","Production","0111","Wheat","2019","2019","t","10297110","A","Official value",""
"QCL","Crops and livestock products","642","Romania","5312","Area harvested","0111","Wheat","2020","2020","ha","2155250","A","Official value",""
"QCL","Crops and livestock products","642","Romania","5412","Yield","0111","Wheat","2020","2020","kg/ha","2966","A","Official value",""
"QCL","Crops and livestock products","642","Romania","5510","Production","0111","Wheat","2020","2020","t","6392370","A","Official value",""
"QCL","Crops and livestock products","642","Romania","5312","Area harvested","0111","Wheat","2021","2021","ha","2175080","A","Official value",""
"QCL","Crops and livestock products","642","Romania","5412","Yield","0111","Wheat","2021","2021","kg/ha","4796.9","A","Official value",""
"QCL","Crops and livestock products","642","Romania","5510","Production","0111","Wheat","2021","2021","t","10433750","A","Official value",""
"QCL","Crops and livestock products","642","Romania","5312","Area harvested","0111","Wheat","2022","2022","ha","2168660","A","Official value",""
"QCL","Crops and livestock products","642","Romania","5412","Yield","0111","Wheat","2022","2022","kg/ha","4004.4","A","Official value",""
"QCL","Crops and livestock products","642","Romania","5510","Production","0111","Wheat","2022","2022","t","8684240","A","Official value",""
"QCL","Crops and livestock products","642","Romania","5312","Area harvested","0111","Wheat","2023","2023","ha","2317690","A","Official value",""
"QCL","Crops and livestock products","642","Romania","5412","Yield","0111","Wheat","2023","2023","kg/ha","4152.4","A","Official value",""
"QCL","Crops and livestock products","642","Romania","5510","Production","0111","Wheat","2023","2023","t","9624070","A","Official value",""
"QCL","Crops and livestock products","642","Romania","5312","Area harvested","0111","Wheat","2024","2024","ha","2271230","A","Official value",""
"QCL","Crops and livestock products","642","Romania","5412","Yield","0111","Wheat","2024","2024","kg/ha","4090.7","A","Official value",""
"QCL","Crops and livestock products","642","Romania","5510","Production","0111","Wheat","2024","2024","t","9290880","A","Official value",""
"QCL","Crops and livestock products","643","Russian Federation","5312","Area harvested","0111","Wheat","2015","2015","ha","25870340","A","Official value",""
"QCL","Crops and livestock products","643","Russian Federation","5412","Yield","0111","Wheat","2015","2015","kg/ha","2388.3","A","Official value",""
"QCL","Crops and livestock products","643","Russian Federation","5510","Production","0111","Wheat","2015","2015","t","61785799.2","A","Official value",""
"QCL","Crops and livestock products","643","Russian Federation","5312","Area harvested","0111","Wheat","2016","2016","ha","27312777","A","Official value",""
"QCL","Crops and livestock products","643","Russian Federation","5412","Yield","0111","Wheat","2016","2016","kg/ha","2685.4","A","Official value",""
"QCL","Crops and livestock products","643","Russian Federation","5510","Production","0111","Wheat","2016","2016","t","73345679","A","Official value",""
"QCL","Crops and livestock products","643","Russian Federation","5312","Area harvested","0111","Wheat","2017","2017","ha","27517354","A","Official value",""
"QCL","Crops and livestock products","643","Russian Federation","5412","Yield","0111","Wheat","2017","2017","kg/ha","3125.4","A","Official value",""
"QCL","Crops and livestock products","643","Russian Federation","5510","Production","0111","Wheat","2017","2017","t","86002542","A","Official value",""
"QCL","Crops and livestock products","643","Russian Federation","5312","Area harvested","0111","Wheat","2018","2018","ha","26472051","A","Official value",""
"QCL","Crops and livestock products","643","Russian Federation","5412","Yield","0111","Wheat","2018","2018","kg/ha","2725","A","Official value",""
"QCL","Crops and livestock products","643","Russian Federation","5510","Production","0111","Wheat","2018","2018","t","72136149","A","Official value",""
"QCL","Crops and livestock products","643","Russian Federation","5312","Area harvested","0111","Wheat","2019","2019","ha","27558617","A","Official value",""
"QCL","Crops and livestock products","643","Russian Federation","5412","Yield","0111","Wheat","2019","2019","kg/ha","2701.6","A","Official value",""
"QCL","Crops and livestock products","643","Russian Federation","5510","Production","0111","Wheat","2019","2019","t","74452692","A","Official value",""
"QCL","Crops and livestock products","643","Russian Federation","5312","Area harvested","0111","Wheat","2020","2020","ha","28864312","A","Official value",""
"QCL","Crops and livestock products","643","Russian Federation","5412","Yield","0111","Wheat","2020","2020","kg/ha","2975.9","A","Official value",""
"QCL","Crops and livestock products","643","Russian Federation","5510","Production","0111","Wheat","2020","2020","t","85896325.7","A","Official value",""
"QCL","Crops and livestock products","643","Russian Federation","5312","Area harvested","0111","Wheat","2021","2021","ha","27918333","A","Official value",""
"QCL","Crops and livestock products","643","Russian Federation","5412","Yield","0111","Wheat","2021","2021","kg/ha","2724.4","A","Official value",""
"QCL","Crops and livestock products","643","Russian Federation","5510","Production","0111","Wheat","2021","2021","t","76060948.4","A","Official value",""
"QCL","Crops and livestock products","643","Russian Federation","5312","Area harvested","0111","Wheat","2022","2022","ha","29354766","A","Official value",""
"QCL","Crops and livestock products","643","Russian Federation","5412","Yield","0111","Wheat","2022","2022","kg/ha","3550.8","A","Official value",""
"QCL","Crops and livestock products","643","Russian Federation","5510","Production","0111","Wheat","2022","2022","t","104233944","A","Official value",""
"QCL","Crops and livestock products","643","Russian Federation","5312","Area harvested","0111","Wheat","2023","2023","ha","28773977","I","Value imputed by a receiving agency",""
"QCL","Crops and livestock products","643","Russian Federation","5412","Yield","0111","Wheat","2023","2023","kg/ha","3224.1","E","Estimated value",""
"QCL","Crops and livestock products","643","Russian Federation","5510","Production","0111","Wheat","2023","2023","t","92770000","X","Value from external organization","Unofficial figure"
"QCL","Crops and livestock products","643","Russian Federation","5312","Area harvested","0111","Wheat","2024","2024","ha","26953256","I","Value imputed by a receiving agency",""
"QCL","Crops and livestock products","643","Russian Federation","5412","Yield","0111","Wheat","2024","2024","kg/ha","3064.1","E","Estimated value",""
"QCL","Crops and livestock products","643","Russian Federation","5510","Production","0111","Wheat","2024","2024","t","82588000","X","Value from external organization","Unofficial figure"
"QCL","Crops and livestock products","646","Rwanda","5312","Area harvested","0111","Wheat","2015","2015","ha","8322","I","Value imputed by a receiving agency",""
"QCL","Crops and livestock products","646","Rwanda","5412","Yield","0111","Wheat","2015","2015","kg/ha","960.7","E","Estimated value",""
"QCL","Crops and livestock products","646","Rwanda","5510","Production","0111","Wheat","2015","2015","t","7995","A","Official value",""
"QCL","Crops and livestock products","646","Rwanda","5312","Area harvested","0111","Wheat","2016","2016","ha","10098","I","Value imputed by a receiving agency",""
"QCL","Crops and livestock products","646","Rwanda","5412","Yield","0111","Wheat","2016","2016","kg/ha","982.7","E","Estimated value",""
"QCL","Crops and livestock products","646","Rwanda","5510","Production","0111","Wheat","2016","2016","t","9923","A","Official value",""
"QCL","Crops and livestock products","646","Rwanda","5312","Area harvested","0111","Wheat","2017","2017","ha","10758","A","Official value",""
"QCL","Crops and livestock products","646","Rwanda","5412","Yield","0111","Wheat","2017","2017","kg/ha","1015.7","A","Official value",""
"QCL","Crops and livestock products","646","Rwanda","5510","Production","0111","Wheat","2017","2017","t","10926.27","A","Official value",""
"QCL","Crops and livestock products","646","Rwanda","5312","Area harvested","0111","Wheat","2018","2018","ha","12225","A","Official value",""
"QCL","Crops and livestock products","646","Rwanda","5412","Yield","0111","Wheat","2018","2018","kg/ha","1102.2","A","Official value",""
"QCL","Crops and livestock products","646","Rwanda","5510","Production","0111","Wheat","2018","2018","t","13475.16","A","Official value",""
"QCL","Crops and livestock products","646","Rwanda","5312","Area harvested","0111","Wheat","2019","2019","ha","13234","A","Official value",""
"QCL","Crops and livestock products","646","Rwanda","5412","Yield","0111","Wheat","2019","2019","kg/ha","1185.3","A","Official value",""
"QCL","Crops and livestock products","646","Rwanda","5510","Production","0111","Wheat","2019","2019","t","15686.27","A","Official value",""
"QCL","Crops and livestock products","646","Rwanda","5312","Area harvested","0111","Wheat","2020","2020","ha","12309","A","Official value",""
"QCL","Crops and livestock products","646","Rwanda","5412","Yield","0111","Wheat","2020","2020","kg/ha","1040.8","A","Official value",""
"QCL","Crops and livestock products","646","Rwanda","5510","Production","0111","Wheat","2020","2020","t","12811.42","A","Official value",""
"QCL","Crops and livestock products","646","Rwanda","5312","Area harvested","0111","Wheat","2021","2021","ha","13167","A","Official value",""
"QCL","Crops and livestock products","646","Rwanda","5412","Yield","0111","Wheat","2021","2021","kg/ha","1039.3","A","Official value",""
"QCL","Crops and livestock products","646","Rwanda","5510","Production","0111","Wheat","2021","2021","t","13684","A","Official value",""
"QCL","Crops and livestock products","646","Rwanda","5312","Area harvested","0111","Wheat","2022","2022","ha","11977","A","Official value",""
"QCL","Crops and livestock products","646","Rwanda","5412","Yield","0111","Wheat","2022","2022","kg/ha","1158.7","A","Official value",""
"QCL","Crops and livestock products","646","Rwanda","5510","Production","0111","Wheat","2022","2022","t","13877.29","A","Official value",""
"QCL","Crops and livestock products","646","Rwanda","5312","Area harvested","0111","Wheat","2023","2023","ha","13266","A","Official value",""
"QCL","Crops and livestock products","646","Rwanda","5412","Yield","0111","Wheat","2023","2023","kg/ha","1255.5","A","Official value",""
"QCL","Crops and livestock products","646","Rwanda","5510","Production","0111","Wheat","2023","2023","t","16655.89","A","Official value",""
"QCL","Crops and livestock products","646","Rwanda","5312","Area harvested","0111","Wheat","2024","2024","ha","12910","A","Official value",""
"QCL","Crops and livestock products","646","Rwanda","5412","Yield","0111","Wheat","2024","2024","kg/ha","1271.6","A","Official value",""
"QCL","Crops and livestock products","646","Rwanda","5510","Production","0111","Wheat","2024","2024","t","16416.6","A","Official value",""
"QCL","Crops and livestock products","659","Saint Kitts and Nevis","5312","Area harvested","0111","Wheat","2015","2015","","","","",""
"QCL","Crops and livestock products","659","Saint Kitts and Nevis","5412","Yield","0111","Wheat","2015","2015","","","","",""
"QCL","Crops and livestock products","659","Saint Kitts and Nevis","5510","Production","0111","Wheat","2015","2015","","","","",""
"QCL","Crops and livestock products","659","Saint Kitts and Nevis","5312","Area harvested","0111","Wheat","2016","2016","","","","",""
"QCL","Crops and livestock products","659","Saint Kitts and Nevis","5412","Yield","0111","Wheat","2016","2016","","","","",""
"QCL","Crops and livestock products","659","Saint Kitts and Nevis","5510","Production","0111","Wheat","2016","2016","","","","",""
"QCL","Crops and livestock products","659","Saint Kitts and Nevis","5312","Area harvested","0111","Wheat","2017","2017","","","","",""
"QCL","Crops and livestock products","659","Saint Kitts and Nevis","5412","Yield","0111","Wheat","2017","2017","","","","",""
"QCL","Crops and livestock products","659","Saint Kitts and Nevis","5510","Production","0111","Wheat","2017","2017","","","","",""
"QCL","Crops and livestock products","659","Saint Kitts and Nevis","5312","Area harvested","0111","Wheat","2018","2018","","","","",""
"QCL","Crops and livestock products","659","Saint Kitts and Nevis","5412","Yield","0111","Wheat","2018","2018","","","","",""
"QCL","Crops and livestock products","659","Saint Kitts and Nevis","5510","Production","0111","Wheat","2018","2018","","","","",""
"QCL","Crops and livestock products","659","Saint Kitts and Nevis","5312","Area harvested","0111","Wheat","2019","2019","","","","",""
"QCL","Crops and livestock products","659","Saint Kitts and Nevis","5412","Yield","0111","Wheat","2019","2019","","","","",""
"QCL","Crops and livestock products","659","Saint Kitts and Nevis","5510","Production","0111","Wheat","2019","2019","","","","",""
"QCL","Crops and livestock products","659","Saint Kitts and Nevis","5312","Area harvested","0111","Wheat","2020","2020","","","","",""
"QCL","Crops and livestock products","659","Saint Kitts and Nevis","5412","Yield","0111","Wheat","2020","2020","","","","",""
"QCL","Crops and livestock products","659","Saint Kitts and Nevis","5510","Production","0111","Wheat","2020","2020","","","","",""
"QCL","Crops and livestock products","659","Saint Kitts and Nevis","5312","Area harvested","0111","Wheat","2021","2021","","","","",""
"QCL","Crops and livestock products","659","Saint Kitts and Nevis","5412","Yield","0111","Wheat","2021","2021","","","","",""
"QCL","Crops and livestock products","659","Saint Kitts and Nevis","5510","Production","0111","Wheat","2021","2021","","","","",""
"QCL","Crops and livestock products","659","Saint Kitts and Nevis","5312","Area harvested","0111","Wheat","2022","2022","","","","",""
"QCL","Crops and livestock products","659","Saint Kitts and Nevis","5412","Yield","0111","Wheat","2022","2022","","","","",""
"QCL","Crops and livestock products","659","Saint Kitts and Nevis","5510","Production","0111","Wheat","2022","2022","","","","",""
"QCL","Crops and livestock products","659","Saint Kitts and Nevis","5312","Area harvested","0111","Wheat","2023","2023","","","","",""
"QCL","Crops and livestock products","659","Saint Kitts and Nevis","5412","Yield","0111","Wheat","2023","2023","","","","",""
"QCL","Crops and livestock products","659","Saint Kitts and Nevis","5510","Production","0111","Wheat","2023","2023","","","","",""
"QCL","Crops and livestock products","659","Saint Kitts and Nevis","5312","Area harvested","0111","Wheat","2024","2024","","","","",""
"QCL","Crops and livestock products","659","Saint Kitts and Nevis","5412","Yield","0111","Wheat","2024","2024","","","","",""
"QCL","Crops and livestock products","659","Saint Kitts and Nevis","5510","Production","0111","Wheat","2024","2024","","","","",""
"QCL","Crops and livestock products","662","Saint Lucia","5312","Area harvested","0111","Wheat","2015","2015","","","","",""
"QCL","Crops and livestock products","662","Saint Lucia","5412","Yield","0111","Wheat","2015","2015","","","","",""
"QCL","Crops and livestock products","662","Saint Lucia","5510","Production","0111","Wheat","2015","2015","","","","",""
"QCL","Crops and livestock products","662","Saint Lucia","5312","Area harvested","0111","Wheat","2016","2016","","","","",""
"QCL","Crops and livestock products","662","Saint Lucia","5412","Yield","0111","Wheat","2016","2016","","","","",""
"QCL","Crops and livestock products","662","Saint Lucia","5510","Production","0111","Wheat","2016","2016","","","","",""
"QCL","Crops and livestock products","662","Saint Lucia","5312","Area harvested","0111","Wheat","2017","2017","","","","",""
"QCL","Crops and livestock products","662","Saint Lucia","5412","Yield","0111","Wheat","2017","2017","","","","",""
"QCL","Crops and livestock products","662","Saint Lucia","5510","Production","0111","Wheat","2017","2017","","","","",""
"QCL","Crops and livestock products","662","Saint Lucia","5312","Area harvested","0111","Wheat","2018","2018","","","","",""
"QCL","Crops and livestock products","662","Saint Lucia","5412","Yield","0111","Wheat","2018","2018","","","","",""
"QCL","Crops and livestock products","662","Saint Lucia","5510","Production","0111","Wheat","2018","2018","","","","",""
"QCL","Crops and livestock products","662","Saint Lucia","5312","Area harvested","0111","Wheat","2019","2019","","","","",""
"QCL","Crops and livestock products","662","Saint Lucia","5412","Yield","0111","Wheat","2019","2019","","","","",""
"QCL","Crops and livestock products","662","Saint Lucia","5510","Production","0111","Wheat","2019","2019","","","","",""
"QCL","Crops and livestock products","662","Saint Lucia","5312","Area harvested","0111","Wheat","2020","2020","","","","",""
"QCL","Crops and livestock products","662","Saint Lucia","5412","Yield","0111","Wheat","2020","2020","","","","",""
"QCL","Crops and livestock products","662","Saint Lucia","5510","Production","0111","Wheat","2020","2020","","","","",""
"QCL","Crops and livestock products","662","Saint Lucia","5312","Area harvested","0111","Wheat","2021","2021","","","","",""
"QCL","Crops and livestock products","662","Saint Lucia","5412","Yield","0111","Wheat","2021","2021","","","","",""
"QCL","Crops and livestock products","662","Saint Lucia","5510","Production","0111","Wheat","2021","2021","","","","",""
"QCL","Crops and livestock products","662","Saint Lucia","5312","Area harvested","0111","Wheat","2022","2022","","","","",""
"QCL","Crops and livestock products","662","Saint Lucia","5412","Yield","0111","Wheat","2022","2022","","","","",""
"QCL","Crops and livestock products","662","Saint Lucia","5510","Production","0111","Wheat","2022","2022","","","","",""
"QCL","Crops and livestock products","662","Saint Lucia","5312","Area harvested","0111","Wheat","2023","2023","","","","",""
"QCL","Crops and livestock products","662","Saint Lucia","5412","Yield","0111","Wheat","2023","2023","","","","",""
"QCL","Crops and livestock products","662","Saint Lucia","5510","Production","0111","Wheat","2023","2023","","","","",""
"QCL","Crops and livestock products","662","Saint Lucia","5312","Area harvested","0111","Wheat","2024","2024","","","","",""
"QCL","Crops and livestock products","662","Saint Lucia","5412","Yield","0111","Wheat","2024","2024","","","","",""
"QCL","Crops and livestock products","662","Saint Lucia","5510","Production","0111","Wheat","2024","2024","","","","",""
"QCL","Crops and livestock products","670","Saint Vincent and the Grenadines","5312","Area harvested","0111","Wheat","2015","2015","","","","",""
"QCL","Crops and livestock products","670","Saint Vincent and the Grenadines","5412","Yield","0111","Wheat","2015","2015","","","","",""
"QCL","Crops and livestock products","670","Saint Vincent and the Grenadines","5510","Production","0111","Wheat","2015","2015","","","","",""
"QCL","Crops and livestock products","670","Saint Vincent and the Grenadines","5312","Area harvested","0111","Wheat","2016","2016","","","","",""
"QCL","Crops and livestock products","670","Saint Vincent and the Grenadines","5412","Yield","0111","Wheat","2016","2016","","","","",""
"QCL","Crops and livestock products","670","Saint Vincent and the Grenadines","5510","Production","0111","Wheat","2016","2016","","","","",""
"QCL","Crops and livestock products","670","Saint Vincent and the Grenadines","5312","Area harvested","0111","Wheat","2017","2017","","","","",""
"QCL","Crops and livestock products","670","Saint Vincent and the Grenadines","5412","Yield","0111","Wheat","2017","2017","","","","",""
"QCL","Crops and livestock products","670","Saint Vincent and the Grenadines","5510","Production","0111","Wheat","2017","2017","","","","",""
"QCL","Crops and livestock products","670","Saint Vincent and the Grenadines","5312","Area harvested","0111","Wheat","2018","2018","","","","",""
"QCL","Crops and livestock products","670","Saint Vincent and the Grenadines","5412","Yield","0111","Wheat","2018","2018","","","","",""
"QCL","Crops and livestock products","670","Saint Vincent and the Grenadines","5510","Production","0111","Wheat","2018","2018","","","","",""
"QCL","Crops and livestock products","670","Saint Vincent and the Grenadines","5312","Area harvested","0111","Wheat","2019","2019","","","","",""
"QCL","Crops and livestock products","670","Saint Vincent and the Grenadines","5412","Yield","0111","Wheat","2019","2019","","","","",""
"QCL","Crops and livestock products","670","Saint Vincent and the Grenadines","5510","Production","0111","Wheat","2019","2019","","","","",""
"QCL","Crops and livestock products","670","Saint Vincent and the Grenadines","5312","Area harvested","0111","Wheat","2020","2020","","","","",""
"QCL","Crops and livestock products","670","Saint Vincent and the Grenadines","5412","Yield","0111","Wheat","2020","2020","","","","",""
"QCL","Crops and livestock products","670","Saint Vincent and the Grenadines","5510","Production","0111","Wheat","2020","2020","","","","",""
"QCL","Crops and livestock products","670","Saint Vincent and the Grenadines","5312","Area harvested","0111","Wheat","2021","2021","","","","",""
"QCL","Crops and livestock products","670","Saint Vincent and the Grenadines","5412","Yield","0111","Wheat","2021","2021","","","","",""
"QCL","Crops and livestock products","670","Saint Vincent and the Grenadines","5510","Production","0111","Wheat","2021","2021","","","","",""
"QCL","Crops and livestock products","670","Saint Vincent and the Grenadines","5312","Area harvested","0111","Wheat","2022","2022","","","","",""
"QCL","Crops and livestock products","670","Saint Vincent and the Grenadines","5412","Yield","0111","Wheat","2022","2022","","","","",""
"QCL","Crops and livestock products","670","Saint Vincent and the Grenadines","5510","Production","0111","Wheat","2022","2022","","","","",""
"QCL","Crops and livestock products","670","Saint Vincent and the Grenadines","5312","Area harvested","0111","Wheat","2023","2023","","","","",""
"QCL","Crops and livestock products","670","Saint Vincent and the Grenadines","5412","Yield","0111","Wheat","2023","2023","","","","",""
"QCL","Crops and livestock products","670","Saint Vincent and the Grenadines","5510","Production","0111","Wheat","2023","2023","","","","",""
"QCL","Crops and livestock products","670","Saint Vincent and the Grenadines","5312","Area harvested","0111","Wheat","2024","2024","","","","",""
"QCL","Crops and livestock products","670","Saint Vincent and the Grenadines","5412","Yield","0111","Wheat","2024","2024","","","","",""
"QCL","Crops and livestock products","670","Saint Vincent and the Grenadines","5510","Production","0111","Wheat","2024","2024","","","","",""
"QCL","Crops and livestock products","882","Samoa","5312","Area harvested","0111","Wheat","2015","2015","","","","",""
"QCL","Crops and livestock products","882","Samoa","5412","Yield","0111","Wheat","2015","2015","","","","",""
"QCL","Crops and livestock products","882","Samoa","5510","Production","0111","Wheat","2015","2015","","","","",""
"QCL","Crops and livestock products","882","Samoa","5312","Area harvested","0111","Wheat","2016","2016","","","","",""
"QCL","Crops and livestock products","882","Samoa","5412","Yield","0111","Wheat","2016","2016","","","","",""
"QCL","Crops and livestock products","882","Samoa","5510","Production","0111","Wheat","2016","2016","","","","",""
"QCL","Crops and livestock products","882","Samoa","5312","Area harvested","0111","Wheat","2017","2017","","","","",""
"QCL","Crops and livestock products","882","Samoa","5412","Yield","0111","Wheat","2017","2017","","","","",""
"QCL","Crops and livestock products","882","Samoa","5510","Production","0111","Wheat","2017","2017","","","","",""
"QCL","Crops and livestock products","882","Samoa","5312","Area harvested","0111","Wheat","2018","2018","","","","",""
"QCL","Crops and livestock products","882","Samoa","5412","Yield","0111","Wheat","2018","2018","","","","",""
"QCL","Crops and livestock products","882","Samoa","5510","Production","0111","Wheat","2018","2018","","","","",""
"QCL","Crops and livestock products","882","Samoa","5312","Area harvested","0111","Wheat","2019","2019","","","","",""
"QCL","Crops and livestock products","882","Samoa","5412","Yield","0111","Wheat","2019","2019","","","","",""
"QCL","Crops and livestock products","882","Samoa","5510","Production","0111","Wheat","2019","2019","","","","",""
"QCL","Crops and livestock products","882","Samoa","5312","Area harvested","0111","Wheat","2020","2020","","","","",""
"QCL","Crops and livestock products","882","Samoa","5412","Yield","0111","Wheat","2020","2020","","","","",""
"QCL","Crops and livestock products","882","Samoa","5510","Production","0111","Wheat","2020","2020","","","","",""
"QCL","Crops and livestock products","882","Samoa","5312","Area harvested","0111","Wheat","2021","2021","","","","",""
"QCL","Crops and livestock products","882","Samoa","5412","Yield","0111","Wheat","2021","2021","","","","",""
"QCL","Crops and livestock products","882","Samoa","5510","Production","0111","Wheat","2021","2021","","","","",""
"QCL","Crops and livestock products","882","Samoa","5312","Area harvested","0111","Wheat","2022","2022","","","","",""
"QCL","Crops and livestock products","882","Samoa","5412","Yield","0111","Wheat","2022","2022","","","","",""
"QCL","Crops and livestock products","882","Samoa","5510","Production","0111","Wheat","2022","2022","","","","",""
"QCL","Crops and livestock products","882","Samoa","5312","Area harvested","0111","Wheat","2023","2023","","","","",""
"QCL","Crops and livestock products","882","Samoa","5412","Yield","0111","Wheat","2023","2023","","","","",""
"QCL","Crops and livestock products","882","Samoa","5510","Production","0111","Wheat","2023","2023","","","","",""
"QCL","Crops and livestock products","882","Samoa","5312","Area harvested","0111","Wheat","2024","2024","","","","",""
"QCL","Crops and livestock products","882","Samoa","5412","Yield","0111","Wheat","2024","2024","","","","",""
"QCL","Crops and livestock products","882","Samoa","5510","Production","0111","Wheat","2024","2024","","","","",""
"QCL","Crops and livestock products","678","Sao Tome and Principe","5312","Area harvested","0111","Wheat","2015","2015","","","","",""
"QCL","Crops and livestock products","678","Sao Tome and Principe","5412","Yield","0111","Wheat","2015","2015","","","","",""
"QCL","Crops and livestock products","678","Sao Tome and Principe","5510","Production","0111","Wheat","2015","2015","","","","",""
"QCL","Crops and livestock products","678","Sao Tome and Principe","5312","Area harvested","0111","Wheat","2016","2016","","","","",""
"QCL","Crops and livestock products","678","Sao Tome and Principe","5412","Yield","0111","Wheat","2016","2016","","","","",""
"QCL","Crops and livestock products","678","Sao Tome and Principe","5510","Production","0111","Wheat","2016","2016","","","","",""
"QCL","Crops and livestock products","678","Sao Tome and Principe","5312","Area harvested","0111","Wheat","2017","2017","","","","",""
"QCL","Crops and livestock products","678","Sao Tome and Principe","5412","Yield","0111","Wheat","2017","2017","","","","",""
"QCL","Crops and livestock products","678","Sao Tome and Principe","5510","Production","0111","Wheat","2017","2017","","","","",""
"QCL","Crops and livestock products","678","Sao Tome and Principe","5312","Area harvested","0111","Wheat","2018","2018","","","","",""
"QCL","Crops and livestock products","678","Sao Tome and Principe","5412","Yield","0111","Wheat","2018","2018","","","","",""
"QCL","Crops and livestock products","678","Sao Tome and Principe","5510","Production","0111","Wheat","2018","2018","","","","",""
"QCL","Crops and livestock products","678","Sao Tome and Principe","5312","Area harvested","0111","Wheat","2019","2019","","","","",""
"QCL","Crops and livestock products","678","Sao Tome and Principe","5412","Yield","0111","Wheat","2019","2019","","","","",""
"QCL","Crops and livestock products","678","Sao Tome and Principe","5510","Production","0111","Wheat","2019","2019","","","","",""
"QCL","Crops and livestock products","678","Sao Tome and Principe","5312","Area harvested","0111","Wheat","2020","2020","","","","",""
"QCL","Crops and livestock products","678","Sao Tome and Principe","5412","Yield","0111","Wheat","2020","2020","","","","",""
"QCL","Crops and livestock products","678","Sao Tome and Principe","5510","Production","0111","Wheat","2020","2020","","","","",""
"QCL","Crops and livestock products","678","Sao Tome and Principe","5312","Area harvested","0111","Wheat","2021","2021","","","","",""
"QCL","Crops and livestock products","678","Sao Tome and Principe","5412","Yield","0111","Wheat","2021","2021","","","","",""
"QCL","Crops and livestock products","678","Sao Tome and Principe","5510","Production","0111","Wheat","2021","2021","","","","",""
"QCL","Crops and livestock products","678","Sao Tome and Principe","5312","Area harvested","0111","Wheat","2022","2022","","","","",""
"QCL","Crops and livestock products","678","Sao Tome and Principe","5412","Yield","0111","Wheat","2022","2022","","","","",""
"QCL","Crops and livestock products","678","Sao Tome and Principe","5510","Production","0111","Wheat","2022","2022","","","","",""
"QCL","Crops and livestock products","678","Sao Tome and Principe","5312","Area harvested","0111","Wheat","2023","2023","","","","",""
"QCL","Crops and livestock products","678","Sao Tome and Principe","5412","Yield","0111","Wheat","2023","2023","","","","",""
"QCL","Crops and livestock products","678","Sao Tome and Principe","5510","Production","0111","Wheat","2023","2023","","","","",""
"QCL","Crops and livestock products","678","Sao Tome and Principe","5312","Area harvested","0111","Wheat","2024","2024","","","","",""
"QCL","Crops and livestock products","678","Sao Tome and Principe","5412","Yield","0111","Wheat","2024","2024","","","","",""
"QCL","Crops and livestock products","678","Sao Tome and Principe","5510","Production","0111","Wheat","2024","2024","","","","",""
"QCL","Crops and livestock products","682","Saudi Arabia","5312","Area harvested","0111","Wheat","2015","2015","ha","112956","A","Official value",""
"QCL","Crops and livestock products","682","Saudi Arabia","5412","Yield","0111","Wheat","2015","2015","kg/ha","6142","A","Official value",""
"QCL","Crops and livestock products","682","Saudi Arabia","5510","Production","0111","Wheat","2015","2015","t","693776","A","Official value",""
"QCL","Crops and livestock products","682","Saudi Arabia","5312","Area harvested","0111","Wheat","2016","2016","ha","104414","A","Official value",""
"QCL","Crops and livestock products","682","Saudi Arabia","5412","Yield","0111","Wheat","2016","2016","kg/ha","5925","A","Official value",""
"QCL","Crops and livestock products","682","Saudi Arabia","5510","Production","0111","Wheat","2016","2016","t","618653","A","Official value",""
"QCL","Crops and livestock products","682","Saudi Arabia","5312","Area harvested","0111","Wheat","2017","2017","ha","96517","A","Official value",""
"QCL","Crops and livestock products","682","Saudi Arabia","5412","Yield","0111","Wheat","2017","2017","kg/ha","6433.3","A","Official value",""
"QCL","Crops and livestock products","682","Saudi Arabia","5510","Production","0111","Wheat","2017","2017","t","620923","A","Official value",""
"QCL","Crops and livestock products","682","Saudi Arabia","5312","Area harvested","0111","Wheat","2018","2018","ha","89756","A","Official value",""
"QCL","Crops and livestock products","682","Saudi Arabia","5412","Yield","0111","Wheat","2018","2018","kg/ha","6533.4","A","Official value",""
"QCL","Crops and livestock products","682","Saudi Arabia","5510","Production","0111","Wheat","2018","2018","t","586413","A","Official value",""
"QCL","Crops and livestock products","682","Saudi Arabia","5312","Area harvested","0111","Wheat","2019","2019","ha","84743","A","Official value",""
"QCL","Crops and livestock products","682","Saudi Arabia","5412","Yield","0111","Wheat","2019","2019","kg/ha","5902.3","A","Official value",""
"QCL","Crops and livestock products","682","Saudi Arabia","5510","Production","0111","Wheat","2019","2019","t","500175","A","Official value",""
"QCL","Crops and livestock products","682","Saudi Arabia","5312","Area harvested","0111","Wheat","2020","2020","ha","86983","A","Official value",""
"QCL","Crops and livestock products","682","Saudi Arabia","5412","Yield","0111","Wheat","2020","2020","kg/ha","6375.5","A","Official value",""
"QCL","Crops and livestock products","682","Saudi Arabia","5510","Production","0111","Wheat","2020","2020","t","554562","A","Official value",""
"QCL","Crops and livestock products","682","Saudi Arabia","5312","Area harvested","0111","Wheat","2021","2021","ha","91430","A","Official value",""
"QCL","Crops and livestock products","682","Saudi Arabia","5412","Yield","0111","Wheat","2021","2021","kg/ha","6700","A","Official value",""
"QCL","Crops and livestock products","682","Saudi Arabia","5510","Production","0111","Wheat","2021","2021","t","612582","A","Official value",""
"QCL","Crops and livestock products","682","Saudi Arabia","5312","Area harvested","0111","Wheat","2022","2022","ha","117647","A","Official value",""
"QCL","Crops and livestock products","682","Saudi Arabia","5412","Yield","0111","Wheat","2022","2022","kg/ha","6800","A","Official value",""
"QCL","Crops and livestock products","682","Saudi Arabia","5510","Production","0111","Wheat","2022","2022","t","800000","A","Official value",""
"QCL","Crops and livestock products","682","Saudi Arabia","5312","Area harvested","0111","Wheat","2023","2023","ha","210102","A","Official value",""
"QCL","Crops and livestock products","682","Saudi Arabia","5412","Yield","0111","Wheat","2023","2023","kg/ha","6256.1","A","Official value",""
"QCL","Crops and livestock products","682","Saudi Arabia","5510","Production","0111","Wheat","2023","2023","t","1314427.11","A","Official value",""
"QCL","Crops and livestock products","682","Saudi Arabia","5312","Area harvested","0111","Wheat","2024","2024","ha","129202","E","Estimated value",""
"QCL","Crops and livestock products","682","Saudi Arabia","5412","Yield","0111","Wheat","2024","2024","kg/ha","6349.7","E","Estimated value",""
"QCL","Crops and livestock products","682","Saudi Arabia","5510","Production","0111","Wheat","2024","2024","t","820392.78","E","Estimated value",""
"QCL","Crops and livestock products","686","Senegal","5312","Area harvested","0111","Wheat","2015","2015","","","","",""
"QCL","Crops and livestock products","686","Senegal","5412","Yield","0111","Wheat","2015","2015","","","","",""
"QCL","Crops and livestock products","686","Senegal","5510","Production","0111","Wheat","2015","2015","","","","",""
"QCL","Crops and livestock products","686","Senegal","5312","Area harvested","0111","Wheat","2016","2016","","","","",""
"QCL","Crops and livestock products","686","Senegal","5412","Yield","0111","Wheat","2016","2016","","","","",""
"QCL","Crops and livestock products","686","Senegal","5510","Production","0111","Wheat","2016","2016","","","","",""
"QCL","Crops and livestock products","686","Senegal","5312","Area harvested","0111","Wheat","2017","2017","","","","",""
"QCL","Crops and livestock products","686","Senegal","5412","Yield","0111","Wheat","2017","2017","","","","",""
"QCL","Crops and livestock products","686","Senegal","5510","Production","0111","Wheat","2017","2017","","","","",""
"QCL","Crops and livestock products","686","Senegal","5312","Area harvested","0111","Wheat","2018","2018","","","","",""
"QCL","Crops and livestock products","686","Senegal","5412","Yield","0111","Wheat","2018","2018","","","","",""
"QCL","Crops and livestock products","686","Senegal","5510","Production","0111","Wheat","2018","2018","","","","",""
"QCL","Crops and livestock products","686","Senegal","5312","Area harvested","0111","Wheat","2019","2019","","","","",""
"QCL","Crops and livestock products","686","Senegal","5412","Yield","0111","Wheat","2019","2019","","","","",""
"QCL","Crops and livestock products","686","Senegal","5510","Production","0111","Wheat","2019","2019","","","","",""
"QCL","Crops and livestock products","686","Senegal","5312","Area harvested","0111","Wheat","2020","2020","","","","",""
"QCL","Crops and livestock products","686","Senegal","5412","Yield","0111","Wheat","2020","2020","","","","",""
"QCL","Crops and livestock products","686","Senegal","5510","Production","0111","Wheat","2020","2020","","","","",""
"QCL","Crops and livestock products","686","Senegal","5312","Area harvested","0111","Wheat","2021","2021","","","","",""
"QCL","Crops and livestock products","686","Senegal","5412","Yield","0111","Wheat","2021","2021","","","","",""
"QCL","Crops and livestock products","686","Senegal","5510","Production","0111","Wheat","2021","2021","","","","",""
"QCL","Crops and livestock products","686","Senegal","5312","Area harvested","0111","Wheat","2022","2022","","","","",""
"QCL","Crops and livestock products","686","Senegal","5412","Yield","0111","Wheat","2022","2022","","","","",""
"QCL","Crops and livestock products","686","Senegal","5510","Production","0111","Wheat","2022","2022","","","","",""
"QCL","Crops and livestock products","686","Senegal","5312","Area harvested","0111","Wheat","2023","2023","","","","",""
"QCL","Crops and livestock products","686","Senegal","5412","Yield","0111","Wheat","2023","2023","","","","",""
"QCL","Crops and livestock products","686","Senegal","5510","Production","0111","Wheat","2023","2023","","","","",""
"QCL","Crops and livestock products","686","Senegal","5312","Area harvested","0111","Wheat","2024","2024","","","","",""
"QCL","Crops and livestock products","686","Senegal","5412","Yield","0111","Wheat","2024","2024","","","","",""
"QCL","Crops and livestock products","686","Senegal","5510","Production","0111","Wheat","2024","2024","","","","",""
"QCL","Crops and livestock products","688","Serbia","5312","Area harvested","0111","Wheat","2015","2015","ha","589922","A","Official value",""
"QCL","Crops and livestock products","688","Serbia","5412","Yield","0111","Wheat","2015","2015","kg/ha","4116.1","A","Official value",""
"QCL","Crops and livestock products","688","Serbia","5510","Production","0111","Wheat","2015","2015","t","2428203","A","Official value",""
"QCL","Crops and livestock products","688","Serbia","5312","Area harvested","0111","Wheat","2016","2016","ha","595118","A","Official value",""
"QCL","Crops and livestock products","688","Serbia","5412","Yield","0111","Wheat","2016","2016","kg/ha","4847","A","Official value",""
"QCL","Crops and livestock products","688","Serbia","5510","Production","0111","Wheat","2016","2016","t","2884537","A","Official value",""
"QCL","Crops and livestock products","688","Serbia","5312","Area harvested","0111","Wheat","2017","2017","ha","556115","A","Official value",""
"QCL","Crops and livestock products","688","Serbia","5412","Yield","0111","Wheat","2017","2017","kg/ha","4092","A","Official value",""
"QCL","Crops and livestock products","688","Serbia","5510","Production","0111","Wheat","2017","2017","t","2275622.58","A","Official value",""
"QCL","Crops and livestock products","688","Serbia","5312","Area harvested","0111","Wheat","2018","2018","ha","643083","A","Official value",""
"QCL","Crops and livestock products","688","Serbia","5412","Yield","0111","Wheat","2018","2018","kg/ha","4574.2","A","Official value",""
"QCL","Crops and livestock products","688","Serbia","5510","Production","0111","Wheat","2018","2018","t","2941601","A","Official value",""
"QCL","Crops and livestock products","688","Serbia","5312","Area harvested","0111","Wheat","2019","2019","ha","577499","A","Official value",""
"QCL","Crops and livestock products","688","Serbia","5412","Yield","0111","Wheat","2019","2019","kg/ha","4389","A","Official value",""
"QCL","Crops and livestock products","688","Serbia","5510","Production","0111","Wheat","2019","2019","t","2534643.11","A","Official value",""
"QCL","Crops and livestock products","688","Serbia","5312","Area harvested","0111","Wheat","2020","2020","ha","581128","A","Official value",""
"QCL","Crops and livestock products","688","Serbia","5412","Yield","0111","Wheat","2020","2020","kg/ha","4944.7","A","Official value",""
"QCL","Crops and livestock products","688","Serbia","5510","Production","0111","Wheat","2020","2020","t","2873503.49","A","Official value",""
"QCL","Crops and livestock products","688","Serbia","5312","Area harvested","0111","Wheat","2021","2021","ha","598735","A","Official value",""
"QCL","Crops and livestock products","688","Serbia","5412","Yield","0111","Wheat","2021","2021","kg/ha","5749.3","A","Official value",""
"QCL","Crops and livestock products","688","Serbia","5510","Production","0111","Wheat","2021","2021","t","3442308","A","Official value",""
"QCL","Crops and livestock products","688","Serbia","5312","Area harvested","0111","Wheat","2022","2022","ha","631086","A","Official value",""
"QCL","Crops and livestock products","688","Serbia","5412","Yield","0111","Wheat","2022","2022","kg/ha","4927.7","A","Official value",""
"QCL","Crops and livestock products","688","Serbia","5510","Production","0111","Wheat","2022","2022","t","3109827","A","Official value",""
"QCL","Crops and livestock products","688","Serbia","5312","Area harvested","0111","Wheat","2023","2023","ha","682246","A","Official value",""
"QCL","Crops and livestock products","688","Serbia","5412","Yield","0111","Wheat","2023","2023","kg/ha","5054.9","A","Official value",""
"QCL","Crops and livestock products","688","Serbia","5510","Production","0111","Wheat","2023","2023","t","3448700","A","Official value",""
"QCL","Crops and livestock products","688","Serbia","5312","Area harvested","0111","Wheat","2024","2024","ha","549032","A","Official value",""
"QCL","Crops and livestock products","688","Serbia","5412","Yield","0111","Wheat","2024","2024","kg/ha","5283","A","Official value",""
"QCL","Crops and livestock products","688","Serbia","5510","Production","0111","Wheat","2024","2024","t","2900536.06","A","Official value",""
"QCL","Crops and livestock products","891","Serbia and Montenegro","5312","Area harvested","0111","Wheat","2015","2015","","","","",""
"QCL","Crops and livestock products","891","Serbia and Montenegro","5412","Yield","0111","Wheat","2015","2015","","","","",""
"QCL","Crops and livestock products","891","Serbia and Montenegro","5510","Production","0111","Wheat","2015","2015","","","","",""
"QCL","Crops and livestock products","891","Serbia and Montenegro","5312","Area harvested","0111","Wheat","2016","2016","","","","",""
"QCL","Crops and livestock products","891","Serbia and Montenegro","5412","Yield","0111","Wheat","2016","2016","","","","",""
"QCL","Crops and livestock products","891","Serbia and Montenegro","5510","Production","0111","Wheat","2016","2016","","","","",""
"QCL","Crops and livestock products","891","Serbia and Montenegro","5312","Area harvested","0111","Wheat","2017","2017","","","","",""
"QCL","Crops and livestock products","891","Serbia and Montenegro","5412","Yield","0111","Wheat","2017","2017","","","","",""
"QCL","Crops and livestock products","891","Serbia and Montenegro","5510","Production","0111","Wheat","2017","2017","","","","",""
"QCL","Crops and livestock products","891","Serbia and Montenegro","5312","Area harvested","0111","Wheat","2018","2018","","","","",""
"QCL","Crops and livestock products","891","Serbia and Montenegro","5412","Yield","0111","Wheat","2018","2018","","","","",""
"QCL","Crops and livestock products","891","Serbia and Montenegro","5510","Production","0111","Wheat","2018","2018","","","","",""
"QCL","Crops and livestock products","891","Serbia and Montenegro","5312","Area harvested","0111","Wheat","2019","2019","","","","",""
"QCL","Crops and livestock products","891","Serbia and Montenegro","5412","Yield","0111","Wheat","2019","2019","","","","",""
"QCL","Crops and livestock products","891","Serbia and Montenegro","5510","Production","0111","Wheat","2019","2019","","","","",""
"QCL","Crops and livestock products","891","Serbia and Montenegro","5312","Area harvested","0111","Wheat","2020","2020","","","","",""
"QCL","Crops and livestock products","891","Serbia and Montenegro","5412","Yield","0111","Wheat","2020","2020","","","","",""
"QCL","Crops and livestock products","891","Serbia and Montenegro","5510","Production","0111","Wheat","2020","2020","","","","",""
"QCL","Crops and livestock products","891","Serbia and Montenegro","5312","Area harvested","0111","Wheat","2021","2021","","","","",""
"QCL","Crops and livestock products","891","Serbia and Montenegro","5412","Yield","0111","Wheat","2021","2021","","","","",""
"QCL","Crops and livestock products","891","Serbia and Montenegro","5510","Production","0111","Wheat","2021","2021","","","","",""
"QCL","Crops and livestock products","891","Serbia and Montenegro","5312","Area harvested","0111","Wheat","2022","2022","","","","",""
"QCL","Crops and livestock products","891","Serbia and Montenegro","5412","Yield","0111","Wheat","2022","2022","","","","",""
"QCL","Crops and livestock products","891","Serbia and Montenegro","5510","Production","0111","Wheat","2022","2022","","","","",""
"QCL","Crops and livestock products","891","Serbia and Montenegro","5312","Area harvested","0111","Wheat","2023","2023","","","","",""
"QCL","Crops and livestock products","891","Serbia and Montenegro","5412","Yield","0111","Wheat","2023","2023","","","","",""
"QCL","Crops and livestock products","891","Serbia and Montenegro","5510","Production","0111","Wheat","2023","2023","","","","",""
"QCL","Crops and livestock products","891","Serbia and Montenegro","5312","Area harvested","0111","Wheat","2024","2024","","","","",""
"QCL","Crops and livestock products","891","Serbia and Montenegro","5412","Yield","0111","Wheat","2024","2024","","","","",""
"QCL","Crops and livestock products","891","Serbia and Montenegro","5510","Production","0111","Wheat","2024","2024","","","","",""
"QCL","Crops and livestock products","690","Seychelles","5312","Area harvested","0111","Wheat","2015","2015","","","","",""
"QCL","Crops and livestock products","690","Seychelles","5412","Yield","0111","Wheat","2015","2015","","","","",""
"QCL","Crops and livestock products","690","Seychelles","5510","Production","0111","Wheat","2015","2015","","","","",""
"QCL","Crops and livestock products","690","Seychelles","5312","Area harvested","0111","Wheat","2016","2016","","","","",""
"QCL","Crops and livestock products","690","Seychelles","5412","Yield","0111","Wheat","2016","2016","","","","",""
"QCL","Crops and livestock products","690","Seychelles","5510","Production","0111","Wheat","2016","2016","","","","",""
"QCL","Crops and livestock products","690","Seychelles","5312","Area harvested","0111","Wheat","2017","2017","","","","",""
"QCL","Crops and livestock products","690","Seychelles","5412","Yield","0111","Wheat","2017","2017","","","","",""
"QCL","Crops and livestock products","690","Seychelles","5510","Production","0111","Wheat","2017","2017","","","","",""
"QCL","Crops and livestock products","690","Seychelles","5312","Area harvested","0111","Wheat","2018","2018","","","","",""
"QCL","Crops and livestock products","690","Seychelles","5412","Yield","0111","Wheat","2018","2018","","","","",""
"QCL","Crops and livestock products","690","Seychelles","5510","Production","0111","Wheat","2018","2018","","","","",""
"QCL","Crops and livestock products","690","Seychelles","5312","Area harvested","0111","Wheat","2019","2019","","","","",""
"QCL","Crops and livestock products","690","Seychelles","5412","Yield","0111","Wheat","2019","2019","","","","",""
"QCL","Crops and livestock products","690","Seychelles","5510","Production","0111","Wheat","2019","2019","","","","",""
"QCL","Crops and livestock products","690","Seychelles","5312","Area harvested","0111","Wheat","2020","2020","","","","",""
"QCL","Crops and livestock products","690","Seychelles","5412","Yield","0111","Wheat","2020","2020","","","","",""
"QCL","Crops and livestock products","690","Seychelles","5510","Production","0111","Wheat","2020","2020","","","","",""
"QCL","Crops and livestock products","690","Seychelles","5312","Area harvested","0111","Wheat","2021","2021","","","","",""
"QCL","Crops and livestock products","690","Seychelles","5412","Yield","0111","Wheat","2021","2021","","","","",""
"QCL","Crops and livestock products","690","Seychelles","5510","Production","0111","Wheat","2021","2021","","","","",""
"QCL","Crops and livestock products","690","Seychelles","5312","Area harvested","0111","Wheat","2022","2022","","","","",""
"QCL","Crops and livestock products","690","Seychelles","5412","Yield","0111","Wheat","2022","2022","","","","",""
"QCL","Crops and livestock products","690","Seychelles","5510","Production","0111","Wheat","2022","2022","","","","",""
"QCL","Crops and livestock products","690","Seychelles","5312","Area harvested","0111","Wheat","2023","2023","","","","",""
"QCL","Crops and livestock products","690","Seychelles","5412","Yield","0111","Wheat","2023","2023","","","","",""
"QCL","Crops and livestock products","690","Seychelles","5510","Production","0111","Wheat","2023","2023","","","","",""
"QCL","Crops and livestock products","690","Seychelles","5312","Area harvested","0111","Wheat","2024","2024","","","","",""
"QCL","Crops and livestock products","690","Seychelles","5412","Yield","0111","Wheat","2024","2024","","","","",""
"QCL","Crops and livestock products","690","Seychelles","5510","Production","0111","Wheat","2024","2024","","","","",""
"QCL","Crops and livestock products","694","Sierra Leone","5312","Area harvested","0111","Wheat","2015","2015","","","","",""
"QCL","Crops and livestock products","694","Sierra Leone","5412","Yield","0111","Wheat","2015","2015","","","","",""
"QCL","Crops and livestock products","694","Sierra Leone","5510","Production","0111","Wheat","2015","2015","","","","",""
"QCL","Crops and livestock products","694","Sierra Leone","5312","Area harvested","0111","Wheat","2016","2016","","","","",""
"QCL","Crops and livestock products","694","Sierra Leone","5412","Yield","0111","Wheat","2016","2016","","","","",""
"QCL","Crops and livestock products","694","Sierra Leone","5510","Production","0111","Wheat","2016","2016","","","","",""
"QCL","Crops and livestock products","694","Sierra Leone","5312","Area harvested","0111","Wheat","2017","2017","","","","",""
"QCL","Crops and livestock products","694","Sierra Leone","5412","Yield","0111","Wheat","2017","2017","","","","",""
"QCL","Crops and livestock products","694","Sierra Leone","5510","Production","0111","Wheat","2017","2017","","","","",""
"QCL","Crops and livestock products","694","Sierra Leone","5312","Area harvested","0111","Wheat","2018","2018","","","","",""
"QCL","Crops and livestock products","694","Sierra Leone","5412","Yield","0111","Wheat","2018","2018","","","","",""
"QCL","Crops and livestock products","694","Sierra Leone","5510","Production","0111","Wheat","2018","2018","","","","",""
"QCL","Crops and livestock products","694","Sierra Leone","5312","Area harvested","0111","Wheat","2019","2019","","","","",""
"QCL","Crops and livestock products","694","Sierra Leone","5412","Yield","0111","Wheat","2019","2019","","","","",""
"QCL","Crops and livestock products","694","Sierra Leone","5510","Production","0111","Wheat","2019","2019","","","","",""
"QCL","Crops and livestock products","694","Sierra Leone","5312","Area harvested","0111","Wheat","2020","2020","","","","",""
"QCL","Crops and livestock products","694","Sierra Leone","5412","Yield","0111","Wheat","2020","2020","","","","",""
"QCL","Crops and livestock products","694","Sierra Leone","5510","Production","0111","Wheat","2020","2020","","","","",""
"QCL","Crops and livestock products","694","Sierra Leone","5312","Area harvested","0111","Wheat","2021","2021","","","","",""
"QCL","Crops and livestock products","694","Sierra Leone","5412","Yield","0111","Wheat","2021","2021","","","","",""
"QCL","Crops and livestock products","694","Sierra Leone","5510","Production","0111","Wheat","2021","2021","","","","",""
"QCL","Crops and livestock products","694","Sierra Leone","5312","Area harvested","0111","Wheat","2022","2022","","","","",""
"QCL","Crops and livestock products","694","Sierra Leone","5412","Yield","0111","Wheat","2022","2022","","","","",""
"QCL","Crops and livestock products","694","Sierra Leone","5510","Production","0111","Wheat","2022","2022","","","","",""
"QCL","Crops and livestock products","694","Sierra Leone","5312","Area harvested","0111","Wheat","2023","2023","","","","",""
"QCL","Crops and livestock products","694","Sierra Leone","5412","Yield","0111","Wheat","2023","2023","","","","",""
"QCL","Crops and livestock products","694","Sierra Leone","5510","Production","0111","Wheat","2023","2023","","","","",""
"QCL","Crops and livestock products","694","Sierra Leone","5312","Area harvested","0111","Wheat","2024","2024","","","","",""
"QCL","Crops and livestock products","694","Sierra Leone","5412","Yield","0111","Wheat","2024","2024","","","","",""
"QCL","Crops and livestock products","694","Sierra Leone","5510","Production","0111","Wheat","2024","2024","","","","",""
"QCL","Crops and livestock products","702","Singapore","5312","Area harvested","0111","Wheat","2015","2015","","","","",""
"QCL","Crops and livestock products","702","Singapore","5412","Yield","0111","Wheat","2015","2015","","","","",""
"QCL","Crops and livestock products","702","Singapore","5510","Production","0111","Wheat","2015","2015","","","","",""
"QCL","Crops and livestock products","702","Singapore","5312","Area harvested","0111","Wheat","2016","2016","","","","",""
"QCL","Crops and livestock products","702","Singapore","5412","Yield","0111","Wheat","2016","2016","","","","",""
"QCL","Crops and livestock products","702","Singapore","5510","Production","0111","Wheat","2016","2016","","","","",""
"QCL","Crops and livestock products","702","Singapore","5312","Area harvested","0111","Wheat","2017","2017","","","","",""
"QCL","Crops and livestock products","702","Singapore","5412","Yield","0111","Wheat","2017","2017","","","","",""
"QCL","Crops and livestock products","702","Singapore","5510","Production","0111","Wheat","2017","2017","","","","",""
"QCL","Crops and livestock products","702","Singapore","5312","Area harvested","0111","Wheat","2018","2018","","","","",""
"QCL","Crops and livestock products","702","Singapore","5412","Yield","0111","Wheat","2018","2018","","","","",""
"QCL","Crops and livestock products","702","Singapore","5510","Production","0111","Wheat","2018","2018","","","","",""
"QCL","Crops and livestock products","702","Singapore","5312","Area harvested","0111","Wheat","2019","2019","","","","",""
"QCL","Crops and livestock products","702","Singapore","5412","Yield","0111","Wheat","2019","2019","","","","",""
"QCL","Crops and livestock products","702","Singapore","5510","Production","0111","Wheat","2019","2019","","","","",""
"QCL","Crops and livestock products","702","Singapore","5312","Area harvested","0111","Wheat","2020","2020","","","","",""
"QCL","Crops and livestock products","702","Singapore","5412","Yield","0111","Wheat","2020","2020","","","","",""
"QCL","Crops and livestock products","702","Singapore","5510","Production","0111","Wheat","2020","2020","","","","",""
"QCL","Crops and livestock products","702","Singapore","5312","Area harvested","0111","Wheat","2021","2021","","","","",""
"QCL","Crops and livestock products","702","Singapore","5412","Yield","0111","Wheat","2021","2021","","","","",""
"QCL","Crops and livestock products","702","Singapore","5510","Production","0111","Wheat","2021","2021","","","","",""
"QCL","Crops and livestock products","702","Singapore","5312","Area harvested","0111","Wheat","2022","2022","","","","",""
"QCL","Crops and livestock products","702","Singapore","5412","Yield","0111","Wheat","2022","2022","","","","",""
"QCL","Crops and livestock products","702","Singapore","5510","Production","0111","Wheat","2022","2022","","","","",""
"QCL","Crops and livestock products","702","Singapore","5312","Area harvested","0111","Wheat","2023","2023","","","","",""
"QCL","Crops and livestock products","702","Singapore","5412","Yield","0111","Wheat","2023","2023","","","","",""
"QCL","Crops and livestock products","702","Singapore","5510","Production","0111","Wheat","2023","2023","","","","",""
"QCL","Crops and livestock products","702","Singapore","5312","Area harvested","0111","Wheat","2024","2024","","","","",""
"QCL","Crops and livestock products","702","Singapore","5412","Yield","0111","Wheat","2024","2024","","","","",""
"QCL","Crops and livestock products","702","Singapore","5510","Production","0111","Wheat","2024","2024","","","","",""
"QCL","Crops and livestock products","703","Slovakia","5312","Area harvested","0111","Wheat","2015","2015","ha","377899","A","Official value",""
"QCL","Crops and livestock products","703","Slovakia","5412","Yield","0111","Wheat","2015","2015","kg/ha","5509.8","A","Official value",""
"QCL","Crops and livestock products","703","Slovakia","5510","Production","0111","Wheat","2015","2015","t","2082134","A","Official value",""
"QCL","Crops and livestock products","703","Slovakia","5312","Area harvested","0111","Wheat","2016","2016","ha","416578","A","Official value",""
"QCL","Crops and livestock products","703","Slovakia","5412","Yield","0111","Wheat","2016","2016","kg/ha","5843.4","A","Official value",""
"QCL","Crops and livestock products","703","Slovakia","5510","Production","0111","Wheat","2016","2016","t","2434213","A","Official value",""
"QCL","Crops and livestock products","703","Slovakia","5312","Area harvested","0111","Wheat","2017","2017","ha","373667","A","Official value",""
"QCL","Crops and livestock products","703","Slovakia","5412","Yield","0111","Wheat","2017","2017","kg/ha","4738.6","A","Official value",""
"QCL","Crops and livestock products","703","Slovakia","5510","Production","0111","Wheat","2017","2017","t","1770659","A","Official value",""
"QCL","Crops and livestock products","703","Slovakia","5312","Area harvested","0111","Wheat","2018","2018","ha","403370","A","Official value",""
"QCL","Crops and livestock products","703","Slovakia","5412","Yield","0111","Wheat","2018","2018","kg/ha","4779.6","A","Official value",""
"QCL","Crops and livestock products","703","Slovakia","5510","Production","0111","Wheat","2018","2018","t","1927930","A","Official value",""
"QCL","Crops and livestock products","703","Slovakia","5312","Area harvested","0111","Wheat","2019","2019","ha","406820","A","Official value",""
"QCL","Crops and livestock products","703","Slovakia","5412","Yield","0111","Wheat","2019","2019","kg/ha","4766.6","A","Official value",""
"QCL","Crops and livestock products","703","Slovakia","5510","Production","0111","Wheat","2019","2019","t","1939130","A","Official value",""
"QCL","Crops and livestock products","703","Slovakia","5312","Area harvested","0111","Wheat","2020","2020","ha","387080","A","Official value",""
"QCL","Crops and livestock products","703","Slovakia","5412","Yield","0111","Wheat","2020","2020","kg/ha","5511.3","A","Official value",""
"QCL","Crops and livestock products","703","Slovakia","5510","Production","0111","Wheat","2020","2020","t","2133330","A","Official value",""
"QCL","Crops and livestock products","703","Slovakia","5312","Area harvested","0111","Wheat","2021","2021","ha","356970","A","Official value",""
"QCL","Crops and livestock products","703","Slovakia","5412","Yield","0111","Wheat","2021","2021","kg/ha","5609","A","Official value",""
"QCL","Crops and livestock products","703","Slovakia","5510","Production","0111","Wheat","2021","2021","t","2002240","A","Official value",""
"QCL","Crops and livestock products","703","Slovakia","5312","Area harvested","0111","Wheat","2022","2022","ha","411690","A","Official value",""
"QCL","Crops and livestock products","703","Slovakia","5412","Yield","0111","Wheat","2022","2022","kg/ha","4975","A","Official value",""
"QCL","Crops and livestock products","703","Slovakia","5510","Production","0111","Wheat","2022","2022","t","2048150","A","Official value",""
"QCL","Crops and livestock products","703","Slovakia","5312","Area harvested","0111","Wheat","2023","2023","ha","406760","A","Official value",""
"QCL","Crops and livestock products","703","Slovakia","5412","Yield","0111","Wheat","2023","2023","kg/ha","6123","A","Official value",""
"QCL","Crops and livestock products","703","Slovakia","5510","Production","0111","Wheat","2023","2023","t","2490600","A","Official value",""
"QCL","Crops and livestock products","703","Slovakia","5312","Area harvested","0111","Wheat","2024","2024","ha","350360","A","Official value",""
"QCL","Crops and livestock products","703","Slovakia","5412","Yield","0111","Wheat","2024","2024","kg/ha","5445.7","A","Official value",""
"QCL","Crops and livestock products","703","Slovakia","5510","Production","0111","Wheat","2024","2024","t","1907940","A","Official value",""
"QCL","Crops and livestock products","705","Slovenia","5312","Area harvested","0111","Wheat","2015","2015","ha","30734","A","Official value",""
"QCL","Crops and livestock products","705","Slovenia","5412","Yield","0111","Wheat","2015","2015","kg/ha","5110.2","A","Official value",""
"QCL","Crops and livestock products","705","Slovenia","5510","Production","0111","Wheat","2015","2015","t","157058","A","Official value",""
"QCL","Crops and livestock products","705","Slovenia","5312","Area harvested","0111","Wheat","2016","2016","ha","31461","A","Official value",""
"QCL","Crops and livestock products","705","Slovenia","5412","Yield","0111","Wheat","2016","2016","kg/ha","5186.3","A","Official value",""
"QCL","Crops and livestock products","705","Slovenia","5510","Production","0111","Wheat","2016","2016","t","163165","A","Official value",""
"QCL","Crops and livestock products","705","Slovenia","5312","Area harvested","0111","Wheat","2017","2017","ha","28016","A","Official value",""
"QCL","Crops and livestock products","705","Slovenia","5412","Yield","0111","Wheat","2017","2017","kg/ha","5031.4","A","Official value",""
"QCL","Crops and livestock products","705","Slovenia","5510","Production","0111","Wheat","2017","2017","t","140961","A","Official value",""
"QCL","Crops and livestock products","705","Slovenia","5312","Area harvested","0111","Wheat","2018","2018","ha","27820","A","Official value",""
"QCL","Crops and livestock products","705","Slovenia","5412","Yield","0111","Wheat","2018","2018","kg/ha","4381.7","A","Official value",""
"QCL","Crops and livestock products","705","Slovenia","5510","Production","0111","Wheat","2018","2018","t","121900","A","Official value",""
"QCL","Crops and livestock products","705","Slovenia","5312","Area harvested","0111","Wheat","2019","2019","ha","26730","A","Official value",""
"QCL","Crops and livestock products","705","Slovenia","5412","Yield","0111","Wheat","2019","2019","kg/ha","5230.5","A","Official value",""
"QCL","Crops and livestock products","705","Slovenia","5510","Production","0111","Wheat","2019","2019","t","139810","A","Official value",""
"QCL","Crops and livestock products","705","Slovenia","5312","Area harvested","0111","Wheat","2020","2020","ha","27290","A","Official value",""
"QCL","Crops and livestock products","705","Slovenia","5412","Yield","0111","Wheat","2020","2020","kg/ha","5796.3","A","Official value",""
"QCL","Crops and livestock products","705","Slovenia","5510","Production","0111","Wheat","2020","2020","t","158180","A","Official value",""
"QCL","Crops and livestock products","705","Slovenia","5312","Area harvested","0111","Wheat","2021","2021","ha","26790","A","Official value",""
"QCL","Crops and livestock products","705","Slovenia","5412","Yield","0111","Wheat","2021","2021","kg/ha","5765.2","A","Official value",""
"QCL","Crops and livestock products","705","Slovenia","5510","Production","0111","Wheat","2021","2021","t","154450","A","Official value",""
"QCL","Crops and livestock products","705","Slovenia","5312","Area harvested","0111","Wheat","2022","2022","ha","27560","A","Official value",""
"QCL","Crops and livestock products","705","Slovenia","5412","Yield","0111","Wheat","2022","2022","kg/ha","5469.9","A","Official value",""
"QCL","Crops and livestock products","705","Slovenia","5510","Production","0111","Wheat","2022","2022","t","150750","A","Official value",""
"QCL","Crops and livestock products","705","Slovenia","5312","Area harvested","0111","Wheat","2023","2023","ha","28710","A","Official value",""
"QCL","Crops and livestock products","705","Slovenia","5412","Yield","0111","Wheat","2023","2023","kg/ha","5065.1","A","Official value",""
"QCL","Crops and livestock products","705","Slovenia","5510","Production","0111","Wheat","2023","2023","t","145420","A","Official value",""
"QCL","Crops and livestock products","705","Slovenia","5312","Area harvested","0111","Wheat","2024","2024","ha","28040","A","Official value",""
"QCL","Crops and livestock products","705","Slovenia","5412","Yield","0111","Wheat","2024","2024","kg/ha","5470.4","A","Official value",""
"QCL","Crops and livestock products","705","Slovenia","5510","Production","0111","Wheat","2024","2024","t","153390","A","Official value",""
"QCL","Crops and livestock products","090","Solomon Islands","5312","Area harvested","0111","Wheat","2015","2015","","","","",""
"QCL","Crops and livestock products","090","Solomon Islands","5412","Yield","0111","Wheat","2015","2015","","","","",""
"QCL","Crops and livestock products","090","Solomon Islands","5510","Production","0111","Wheat","2015","2015","","","","",""
"QCL","Crops and livestock products","090","Solomon Islands","5312","Area harvested","0111","Wheat","2016","2016","","","","",""
"QCL","Crops and livestock products","090","Solomon Islands","5412","Yield","0111","Wheat","2016","2016","","","","",""
"QCL","Crops and livestock products","090","Solomon Islands","5510","Production","0111","Wheat","2016","2016","","","","",""
"QCL","Crops and livestock products","090","Solomon Islands","5312","Area harvested","0111","Wheat","2017","2017","","","","",""
"QCL","Crops and livestock products","090","Solomon Islands","5412","Yield","0111","Wheat","2017","2017","","","","",""
"QCL","Crops and livestock products","090","Solomon Islands","5510","Production","0111","Wheat","2017","2017","","","","",""
"QCL","Crops and livestock products","090","Solomon Islands","5312","Area harvested","0111","Wheat","2018","2018","","","","",""
"QCL","Crops and livestock products","090","Solomon Islands","5412","Yield","0111","Wheat","2018","2018","","","","",""
"QCL","Crops and livestock products","090","Solomon Islands","5510","Production","0111","Wheat","2018","2018","","","","",""
"QCL","Crops and livestock products","090","Solomon Islands","5312","Area harvested","0111","Wheat","2019","2019","","","","",""
"QCL","Crops and livestock products","090","Solomon Islands","5412","Yield","0111","Wheat","2019","2019","","","","",""
"QCL","Crops and livestock products","090","Solomon Islands","5510","Production","0111","Wheat","2019","2019","","","","",""
"QCL","Crops and livestock products","090","Solomon Islands","5312","Area harvested","0111","Wheat","2020","2020","","","","",""
"QCL","Crops and livestock products","090","Solomon Islands","5412","Yield","0111","Wheat","2020","2020","","","","",""
"QCL","Crops and livestock products","090","Solomon Islands","5510","Production","0111","Wheat","2020","2020","","","","",""
"QCL","Crops and livestock products","090","Solomon Islands","5312","Area harvested","0111","Wheat","2021","2021","","","","",""
"QCL","Crops and livestock products","090","Solomon Islands","5412","Yield","0111","Wheat","2021","2021","","","","",""
"QCL","Crops and livestock products","090","Solomon Islands","5510","Production","0111","Wheat","2021","2021","","","","",""
"QCL","Crops and livestock products","090","Solomon Islands","5312","Area harvested","0111","Wheat","2022","2022","","","","",""
"QCL","Crops and livestock products","090","Solomon Islands","5412","Yield","0111","Wheat","2022","2022","","","","",""
"QCL","Crops and livestock products","090","Solomon Islands","5510","Production","0111","Wheat","2022","2022","","","","",""
"QCL","Crops and livestock products","090","Solomon Islands","5312","Area harvested","0111","Wheat","2023","2023","","","","",""
"QCL","Crops and livestock products","090","Solomon Islands","5412","Yield","0111","Wheat","2023","2023","","","","",""
"QCL","Crops and livestock products","090","Solomon Islands","5510","Production","0111","Wheat","2023","2023","","","","",""
"QCL","Crops and livestock products","090","Solomon Islands","5312","Area harvested","0111","Wheat","2024","2024","","","","",""
"QCL","Crops and livestock products","090","Solomon Islands","5412","Yield","0111","Wheat","2024","2024","","","","",""
"QCL","Crops and livestock products","090","Solomon Islands","5510","Production","0111","Wheat","2024","2024","","","","",""
"QCL","Crops and livestock products","706","Somalia","5312","Area harvested","0111","Wheat","2015","2015","ha","2607","I","Value imputed by a receiving agency",""
"QCL","Crops and livestock products","706","Somalia","5412","Yield","0111","Wheat","2015","2015","kg/ha","395.6","E","Estimated value",""
"QCL","Crops and livestock products","706","Somalia","5510","Production","0111","Wheat","2015","2015","t","1031.36","I","Value imputed by a receiving agency",""
"QCL","Crops and livestock products","706","Somalia","5312","Area harvested","0111","Wheat","2016","2016","ha","2624","I","Value imputed by a receiving agency",""
"QCL","Crops and livestock products","706","Somalia","5412","Yield","0111","Wheat","2016","2016","kg/ha","395.8","E","Estimated value",""
"QCL","Crops and livestock products","706","Somalia","5510","Production","0111","Wheat","2016","2016","t","1038.68","I","Value imputed by a receiving agency",""
"QCL","Crops and livestock products","706","Somalia","5312","Area harvested","0111","Wheat","2017","2017","ha","2635","I","Value imputed by a receiving agency",""
"QCL","Crops and livestock products","706","Somalia","5412","Yield","0111","Wheat","2017","2017","kg/ha","396.4","E","Estimated value",""
"QCL","Crops and livestock products","706","Somalia","5510","Production","0111","Wheat","2017","2017","t","1044.66","I","Value imputed by a receiving agency",""
"QCL","Crops and livestock products","706","Somalia","5312","Area harvested","0111","Wheat","2018","2018","ha","2643","I","Value imputed by a receiving agency",""
"QCL","Crops and livestock products","706","Somalia","5412","Yield","0111","Wheat","2018","2018","kg/ha","397.1","E","Estimated value",""
"QCL","Crops and livestock products","706","Somalia","5510","Production","0111","Wheat","2018","2018","t","1049.62","I","Value imputed by a receiving agency",""
"QCL","Crops and livestock products","706","Somalia","5312","Area harvested","0111","Wheat","2019","2019","ha","2647","I","Value imputed by a receiving agency",""
"QCL","Crops and livestock products","706","Somalia","5412","Yield","0111","Wheat","2019","2019","kg/ha","397.9","E","Estimated value",""
"QCL","Crops and livestock products","706","Somalia","5510","Production","0111","Wheat","2019","2019","t","1053.38","I","Value imputed by a receiving agency",""
"QCL","Crops and livestock products","706","Somalia","5312","Area harvested","0111","Wheat","2020","2020","ha","2655","I","Value imputed by a receiving agency",""
"QCL","Crops and livestock products","706","Somalia","5412","Yield","0111","Wheat","2020","2020","kg/ha","398.2","E","Estimated value",""
"QCL","Crops and livestock products","706","Somalia","5510","Production","0111","Wheat","2020","2020","t","1057.13","I","Value imputed by a receiving agency",""
"QCL","Crops and livestock products","706","Somalia","5312","Area harvested","0111","Wheat","2021","2021","ha","2658","I","Value imputed by a receiving agency",""
"QCL","Crops and livestock products","706","Somalia","5412","Yield","0111","Wheat","2021","2021","kg/ha","398.8","E","Estimated value",""
"QCL","Crops and livestock products","706","Somalia","5510","Production","0111","Wheat","2021","2021","t","1060.02","I","Value imputed by a receiving agency",""
"QCL","Crops and livestock products","706","Somalia","5312","Area harvested","0111","Wheat","2022","2022","ha","2647","I","Value imputed by a receiving agency",""
"QCL","Crops and livestock products","706","Somalia","5412","Yield","0111","Wheat","2022","2022","kg/ha","399.1","E","Estimated value",""
"QCL","Crops and livestock products","706","Somalia","5510","Production","0111","Wheat","2022","2022","t","1056.42","I","Value imputed by a receiving agency",""
"QCL","Crops and livestock products","706","Somalia","5312","Area harvested","0111","Wheat","2023","2023","ha","2651","I","Value imputed by a receiving agency",""
"QCL","Crops and livestock products","706","Somalia","5412","Yield","0111","Wheat","2023","2023","kg/ha","399.9","E","Estimated value",""
"QCL","Crops and livestock products","706","Somalia","5510","Production","0111","Wheat","2023","2023","t","1059.86","I","Value imputed by a receiving agency",""
"QCL","Crops and livestock products","706","Somalia","5312","Area harvested","0111","Wheat","2024","2024","ha","2654","I","Value imputed by a receiving agency",""
"QCL","Crops and livestock products","706","Somalia","5412","Yield","0111","Wheat","2024","2024","kg/ha","400.6","E","Estimated value",""
"QCL","Crops and livestock products","706","Somalia","5510","Production","0111","Wheat","2024","2024","t","1063.3","I","Value imputed by a receiving agency",""
"QCL","Crops and livestock products","710","South Africa","5312","Area harvested","0111","Wheat","2015","2015","ha","482150","A","Official value",""
"QCL","Crops and livestock products","710","South Africa","5412","Yield","0111","Wheat","2015","2015","kg/ha","2986.6","A","Official value",""
"QCL","Crops and livestock products","710","South Africa","5510","Production","0111","Wheat","2015","2015","t","1440000","A","Official value",""
"QCL","Crops and livestock products","710","South Africa","5312","Area harvested","0111","Wheat","2016","2016","ha","508365","A","Official value",""
"QCL","Crops and livestock products","710","South Africa","5412","Yield","0111","Wheat","2016","2016","kg/ha","3757.1","A","Official value",""
"QCL","Crops and livestock products","710","South Africa","5510","Production","0111","Wheat","2016","2016","t","1910000","A","Official value",""
"QCL","Crops and livestock products","710","South Africa","5312","Area harvested","0111","Wheat","2017","2017","ha","491600","A","Official value",""
"QCL","Crops and livestock products","710","South Africa","5412","Yield","0111","Wheat","2017","2017","kg/ha","3122.5","A","Official value",""
"QCL","Crops and livestock products","710","South Africa","5510","Production","0111","Wheat","2017","2017","t","1535000","A","Official value",""
"QCL","Crops and livestock products","710","South Africa","5312","Area harvested","0111","Wheat","2018","2018","ha","503350","A","Official value",""
"QCL","Crops and livestock products","710","South Africa","5412","Yield","0111","Wheat","2018","2018","kg/ha","3711.1","A","Official value",""
"QCL","Crops and livestock products","710","South Africa","5510","Production","0111","Wheat","2018","2018","t","1868000","A","Official value",""
"QCL","Crops and livestock products","710","South Africa","5312","Area harvested","0111","Wheat","2019","2019","ha","540000","A","Official value",""
"QCL","Crops and livestock products","710","South Africa","5412","Yield","0111","Wheat","2019","2019","kg/ha","2842.6","A","Official value",""
"QCL","Crops and livestock products","710","South Africa","5510","Production","0111","Wheat","2019","2019","t","1535000","A","Official value",""
"QCL","Crops and livestock products","710","South Africa","5312","Area harvested","0111","Wheat","2020","2020","ha","509800","A","Official value",""
"QCL","Crops and livestock products","710","South Africa","5412","Yield","0111","Wheat","2020","2020","kg/ha","4158.5","A","Official value",""
"QCL","Crops and livestock products","710","South Africa","5510","Production","0111","Wheat","2020","2020","t","2120000","A","Official value",""
"QCL","Crops and livestock products","710","South Africa","5312","Area harvested","0111","Wheat","2021","2021","ha","523500","A","Official value",""
"QCL","Crops and livestock products","710","South Africa","5412","Yield","0111","Wheat","2021","2021","kg/ha","4364.9","A","Official value",""
"QCL","Crops and livestock products","710","South Africa","5510","Production","0111","Wheat","2021","2021","t","2285000","A","Official value",""
"QCL","Crops and livestock products","710","South Africa","5312","Area harvested","0111","Wheat","2022","2022","ha","566800","A","Official value",""
"QCL","Crops and livestock products","710","South Africa","5412","Yield","0111","Wheat","2022","2022","kg/ha","3722.7","A","Official value",""
"QCL","Crops and livestock products","710","South Africa","5510","Production","0111","Wheat","2022","2022","t","2110000","A","Official value",""
"QCL","Crops and livestock products","710","South Africa","5312","Area harvested","0111","Wheat","2023","2023","ha","537950","A","Official value",""
"QCL","Crops and livestock products","710","South Africa","5412","Yield","0111","Wheat","2023","2023","kg/ha","3810.8","A","Official value",""
"QCL","Crops and livestock products","710","South Africa","5510","Production","0111","Wheat","2023","2023","t","2050000","A","Official value",""
"QCL","Crops and livestock products","710","South Africa","5312","Area harvested","0111","Wheat","2024","2024","ha","505300","A","Official value",""
"QCL","Crops and livestock products","710","South Africa","5412","Yield","0111","Wheat","2024","2024","kg/ha","3809.4","A","Official value",""
"QCL","Crops and livestock products","710","South Africa","5510","Production","0111","Wheat","2024","2024","t","1924890","A","Official value",""
"QCL","Crops and livestock products","728","South Sudan","5312","Area harvested","0111","Wheat","2015","2015","","","","",""
"QCL","Crops and livestock products","728","South Sudan","5412","Yield","0111","Wheat","2015","2015","","","","",""
"QCL","Crops and livestock products","728","South Sudan","5510","Production","0111","Wheat","2015","2015","","","","",""
"QCL","Crops and livestock products","728","South Sudan","5312","Area harvested","0111","Wheat","2016","2016","","","","",""
"QCL","Crops and livestock products","728","South Sudan","5412","Yield","0111","Wheat","2016","2016","","","","",""
"QCL","Crops and livestock products","728","South Sudan","5510","Production","0111","Wheat","2016","2016","","","","",""
"QCL","Crops and livestock products","728","South Sudan","5312","Area harvested","0111","Wheat","2017","2017","","","","",""
"QCL","Crops and livestock products","728","South Sudan","5412","Yield","0111","Wheat","2017","2017","","","","",""
"QCL","Crops and livestock products","728","South Sudan","5510","Production","0111","Wheat","2017","2017","","","","",""
"QCL","Crops and livestock products","728","South Sudan","5312","Area harvested","0111","Wheat","2018","2018","","","","",""
"QCL","Crops and livestock products","728","South Sudan","5412","Yield","0111","Wheat","2018","2018","","","","",""
"QCL","Crops and livestock products","728","South Sudan","5510","Production","0111","Wheat","2018","2018","","","","",""
"QCL","Crops and livestock products","728","South Sudan","5312","Area harvested","0111","Wheat","2019","2019","","","","",""
"QCL","Crops and livestock products","728","South Sudan","5412","Yield","0111","Wheat","2019","2019","","","","",""
"QCL","Crops and livestock products","728","South Sudan","5510","Production","0111","Wheat","2019","2019","","","","",""
"QCL","Crops and livestock products","728","South Sudan","5312","Area harvested","0111","Wheat","2020","2020","","","","",""
"QCL","Crops and livestock products","728","South Sudan","5412","Yield","0111","Wheat","2020","2020","","","","",""
"QCL","Crops and livestock products","728","South Sudan","5510","Production","0111","Wheat","2020","2020","","","","",""
"QCL","Crops and livestock products","728","South Sudan","5312","Area harvested","0111","Wheat","2021","2021","","","","",""
"QCL","Crops and livestock products","728","South Sudan","5412","Yield","0111","Wheat","2021","2021","","","","",""
"QCL","Crops and livestock products","728","South Sudan","5510","Production","0111","Wheat","2021","2021","","","","",""
"QCL","Crops and livestock products","728","South Sudan","5312","Area harvested","0111","Wheat","2022","2022","","","","",""
"QCL","Crops and livestock products","728","South Sudan","5412","Yield","0111","Wheat","2022","2022","","","","",""
"QCL","Crops and livestock products","728","South Sudan","5510","Production","0111","Wheat","2022","2022","","","","",""
"QCL","Crops and livestock products","728","South Sudan","5312","Area harvested","0111","Wheat","2023","2023","","","","",""
"QCL","Crops and livestock products","728","South Sudan","5412","Yield","0111","Wheat","2023","2023","","","","",""
"QCL","Crops and livestock products","728","South Sudan","5510","Production","0111","Wheat","2023","2023","","","","",""
"QCL","Crops and livestock products","728","South Sudan","5312","Area harvested","0111","Wheat","2024","2024","","","","",""
"QCL","Crops and livestock products","728","South Sudan","5412","Yield","0111","Wheat","2024","2024","","","","",""
"QCL","Crops and livestock products","728","South Sudan","5510","Production","0111","Wheat","2024","2024","","","","",""
"QCL","Crops and livestock products","724","Spain","5312","Area harvested","0111","Wheat","2015","2015","ha","2176354","A","Official value",""
"QCL","Crops and livestock products","724","Spain","5412","Yield","0111","Wheat","2015","2015","kg/ha","2923.6","A","Official value",""
"QCL","Crops and livestock products","724","Spain","5510","Production","0111","Wheat","2015","2015","t","6362694","A","Official value",""
"QCL","Crops and livestock products","724","Spain","5312","Area harvested","0111","Wheat","2016","2016","ha","2256848","A","Official value",""
"QCL","Crops and livestock products","724","Spain","5412","Yield","0111","Wheat","2016","2016","kg/ha","3488.6","A","Official value",""
"QCL","Crops and livestock products","724","Spain","5510","Production","0111","Wheat","2016","2016","t","7873135","A","Official value",""
"QCL","Crops and livestock products","724","Spain","5312","Area harvested","0111","Wheat","2017","2017","ha","2096058","A","Official value",""
"QCL","Crops and livestock products","724","Spain","5412","Yield","0111","Wheat","2017","2017","kg/ha","2326.3","A","Official value",""
"QCL","Crops and livestock products","724","Spain","5510","Production","0111","Wheat","2017","2017","t","4875957","A","Official value",""
"QCL","Crops and livestock products","724","Spain","5312","Area harvested","0111","Wheat","2018","2018","ha","2063680","A","Official value",""
"QCL","Crops and livestock products","724","Spain","5412","Yield","0111","Wheat","2018","2018","kg/ha","4032.8","A","Official value",""
"QCL","Crops and livestock products","724","Spain","5510","Production","0111","Wheat","2018","2018","t","8322510","A","Official value",""
"QCL","Crops and livestock products","724","Spain","5312","Area harvested","0111","Wheat","2019","2019","ha","1920090","A","Official value",""
"QCL","Crops and livestock products","724","Spain","5412","Yield","0111","Wheat","2019","2019","kg/ha","3146.3","A","Official value",""
"QCL","Crops and livestock products","724","Spain","5510","Production","0111","Wheat","2019","2019","t","6041170","A","Official value",""
"QCL","Crops and livestock products","724","Spain","5312","Area harvested","0111","Wheat","2020","2020","ha","1914660","A","Official value",""
"QCL","Crops and livestock products","724","Spain","5412","Yield","0111","Wheat","2020","2020","kg/ha","4253.2","A","Official value",""
"QCL","Crops and livestock products","724","Spain","5510","Production","0111","Wheat","2020","2020","t","8143510","A","Official value",""
"QCL","Crops and livestock products","724","Spain","5312","Area harvested","0111","Wheat","2021","2021","ha","2128470","A","Official value",""
"QCL","Crops and livestock products","724","Spain","5412","Yield","0111","Wheat","2021","2021","kg/ha","4023.8","A","Official value",""
"QCL","Crops and livestock products","724","Spain","5510","Production","0111","Wheat","2021","2021","t","8564630","A","Official value",""
"QCL","Crops and livestock products","724","Spain","5312","Area harvested","0111","Wheat","2022","2022","ha","2172700","A","Official value",""
"QCL","Crops and livestock products","724","Spain","5412","Yield","0111","Wheat","2022","2022","kg/ha","2995.7","A","Official value",""
"QCL","Crops and livestock products","724","Spain","5510","Production","0111","Wheat","2022","2022","t","6508800","A","Official value",""
"QCL","Crops and livestock products","724","Spain","5312","Area harvested","0111","Wheat","2023","2023","ha","1957760","A","Official value",""
"QCL","Crops and livestock products","724","Spain","5412","Yield","0111","Wheat","2023","2023","kg/ha","2068.3","A","Official value",""
"QCL","Crops and livestock products","724","Spain","5510","Production","0111","Wheat","2023","2023","t","4049230","A","Official value",""
"QCL","Crops and livestock products","724","Spain","5312","Area harvested","0111","Wheat","2024","2024","ha","1956210","A","Official value",""
"QCL","Crops and livestock products","724","Spain","5412","Yield","0111","Wheat","2024","2024","kg/ha","3654","A","Official value",""
"QCL","Crops and livestock products","724","Spain","5510","Production","0111","Wheat","2024","2024","t","7147930","A","Official value",""
"QCL","Crops and livestock products","144","Sri Lanka","5312","Area harvested","0111","Wheat","2015","2015","","","","",""
"QCL","Crops and livestock products","144","Sri Lanka","5412","Yield","0111","Wheat","2015","2015","","","","",""
"QCL","Crops and livestock products","144","Sri Lanka","5510","Production","0111","Wheat","2015","2015","","","","",""
"QCL","Crops and livestock products","144","Sri Lanka","5312","Area harvested","0111","Wheat","2016","2016","","","","",""
"QCL","Crops and livestock products","144","Sri Lanka","5412","Yield","0111","Wheat","2016","2016","","","","",""
"QCL","Crops and livestock products","144","Sri Lanka","5510","Production","0111","Wheat","2016","2016","","","","",""
"QCL","Crops and livestock products","144","Sri Lanka","5312","Area harvested","0111","Wheat","2017","2017","","","","",""
"QCL","Crops and livestock products","144","Sri Lanka","5412","Yield","0111","Wheat","2017","2017","","","","",""
"QCL","Crops and livestock products","144","Sri Lanka","5510","Production","0111","Wheat","2017","2017","","","","",""
"QCL","Crops and livestock products","144","Sri Lanka","5312","Area harvested","0111","Wheat","2018","2018","","","","",""
"QCL","Crops and livestock products","144","Sri Lanka","5412","Yield","0111","Wheat","2018","2018","","","","",""
"QCL","Crops and livestock products","144","Sri Lanka","5510","Production","0111","Wheat","2018","2018","","","","",""
"QCL","Crops and livestock products","144","Sri Lanka","5312","Area harvested","0111","Wheat","2019","2019","","","","",""
"QCL","Crops and livestock products","144","Sri Lanka","5412","Yield","0111","Wheat","2019","2019","","","","",""
"QCL","Crops and livestock products","144","Sri Lanka","5510","Production","0111","Wheat","2019","2019","","","","",""
"QCL","Crops and livestock products","144","Sri Lanka","5312","Area harvested","0111","Wheat","2020","2020","","","","",""
"QCL","Crops and livestock products","144","Sri Lanka","5412","Yield","0111","Wheat","2020","2020","","","","",""
"QCL","Crops and livestock products","144","Sri Lanka","5510","Production","0111","Wheat","2020","2020","","","","",""
"QCL","Crops and livestock products","144","Sri Lanka","5312","Area harvested","0111","Wheat","2021","2021","","","","",""
"QCL","Crops and livestock products","144","Sri Lanka","5412","Yield","0111","Wheat","2021","2021","","","","",""
"QCL","Crops and livestock products","144","Sri Lanka","5510","Production","0111","Wheat","2021","2021","","","","",""
"QCL","Crops and livestock products","144","Sri Lanka","5312","Area harvested","0111","Wheat","2022","2022","","","","",""
"QCL","Crops and livestock products","144","Sri Lanka","5412","Yield","0111","Wheat","2022","2022","","","","",""
"QCL","Crops and livestock products","144","Sri Lanka","5510","Production","0111","Wheat","2022","2022","","","","",""
"QCL","Crops and livestock products","144","Sri Lanka","5312","Area harvested","0111","Wheat","2023","2023","","","","",""
"QCL","Crops and livestock products","144","Sri Lanka","5412","Yield","0111","Wheat","2023","2023","","","","",""
"QCL","Crops and livestock products","144","Sri Lanka","5510","Production","0111","Wheat","2023","2023","","","","",""
"QCL","Crops and livestock products","144","Sri Lanka","5312","Area harvested","0111","Wheat","2024","2024","","","","",""
"QCL","Crops and livestock products","144","Sri Lanka","5412","Yield","0111","Wheat","2024","2024","","","","",""
"QCL","Crops and livestock products","144","Sri Lanka","5510","Production","0111","Wheat","2024","2024","","","","",""
"QCL","Crops and livestock products","729","Sudan","5312","Area harvested","0111","Wheat","2015","2015","ha","226380","A","Official value",""
"QCL","Crops and livestock products","729","Sudan","5412","Yield","0111","Wheat","2015","2015","kg/ha","3439.3","A","Official value",""
"QCL","Crops and livestock products","729","Sudan","5510","Production","0111","Wheat","2015","2015","t","778600","A","Official value",""
"QCL","Crops and livestock products","729","Sudan","5312","Area harvested","0111","Wheat","2016","2016","ha","216720","A","Official value",""
"QCL","Crops and livestock products","729","Sudan","5412","Yield","0111","Wheat","2016","2016","kg/ha","2381","A","Official value",""
"QCL","Crops and livestock products","729","Sudan","5510","Production","0111","Wheat","2016","2016","t","516000","A","Official value",""
"QCL","Crops and livestock products","729","Sudan","5312","Area harvested","0111","Wheat","2017","2017","ha","172200","A","Official value",""
"QCL","Crops and livestock products","729","Sudan","5412","Yield","0111","Wheat","2017","2017","kg/ha","2688.7","A","Official value",""
"QCL","Crops and livestock products","729","Sudan","5510","Production","0111","Wheat","2017","2017","t","463000","A","Official value",""
"QCL","Crops and livestock products","729","Sudan","5312","Area harvested","0111","Wheat","2018","2018","ha","286860","A","Official value",""
"QCL","Crops and livestock products","729","Sudan","5412","Yield","0111","Wheat","2018","2018","kg/ha","2447.2","A","Official value",""
"QCL","Crops and livestock products","729","Sudan","5510","Production","0111","Wheat","2018","2018","t","702000","A","Official value",""
"QCL","Crops and livestock products","729","Sudan","5312","Area harvested","0111","Wheat","2019","2019","ha","303660","A","Official value",""
"QCL","Crops and livestock products","729","Sudan","5412","Yield","0111","Wheat","2019","2019","kg/ha","2390.8","A","Official value",""
"QCL","Crops and livestock products","729","Sudan","5510","Production","0111","Wheat","2019","2019","t","726000","A","Official value",""
"QCL","Crops and livestock products","729","Sudan","5312","Area harvested","0111","Wheat","2020","2020","ha","321444","A","Official value",""
"QCL","Crops and livestock products","729","Sudan","5412","Yield","0111","Wheat","2020","2020","kg/ha","2232.4","A","Official value",""
"QCL","Crops and livestock products","729","Sudan","5510","Production","0111","Wheat","2020","2020","t","717578","A","Official value",""
"QCL","Crops and livestock products","729","Sudan","5312","Area harvested","0111","Wheat","2021","2021","ha","268100","X","Value from external organization","Unofficial figure"
"QCL","Crops and livestock products","729","Sudan","5412","Yield","0111","Wheat","2021","2021","kg/ha","2522.9","X","Value from external organization",""
"QCL","Crops and livestock products","729","Sudan","5510","Production","0111","Wheat","2021","2021","t","676380","X","Value from external organization","Unofficial figure"
"QCL","Crops and livestock products","729","Sudan","5312","Area harvested","0111","Wheat","2022","2022","ha","188600","X","Value from external organization","Unofficial figure"
"QCL","Crops and livestock products","729","Sudan","5412","Yield","0111","Wheat","2022","2022","kg/ha","2525.3","X","Value from external organization",""
"QCL","Crops and livestock products","729","Sudan","5510","Production","0111","Wheat","2022","2022","t","476270","X","Value from external organization","Unofficial figure"
"QCL","Crops and livestock products","729","Sudan","5312","Area harvested","0111","Wheat","2023","2023","ha","161360","X","Value from external organization","Unofficial figure"
"QCL","Crops and livestock products","729","Sudan","5412","Yield","0111","Wheat","2023","2023","kg/ha","2342","X","Value from external organization",""
"QCL","Crops and livestock products","729","Sudan","5510","Production","0111","Wheat","2023","2023","t","377900","X","Value from external organization","Unofficial figure"
"QCL","Crops and livestock products","729","Sudan","5312","Area harvested","0111","Wheat","2024","2024","ha","155830","X","Value from external organization","Unofficial figure"
"QCL","Crops and livestock products","729","Sudan","5412","Yield","0111","Wheat","2024","2024","kg/ha","3146.5","X","Value from external organization",""
"QCL","Crops and livestock products","729","Sudan","5510","Production","0111","Wheat","2024","2024","t","490320","X","Value from external organization","Unofficial figure"
"QCL","Crops and livestock products","736","Sudan (former)","5312","Area harvested","0111","Wheat","2015","2015","","","","",""
"QCL","Crops and livestock products","736","Sudan (former)","5412","Yield","0111","Wheat","2015","2015","","","","",""
"QCL","Crops and livestock products","736","Sudan (former)","5510","Production","0111","Wheat","2015","2015","","","","",""
"QCL","Crops and livestock products","736","Sudan (former)","5312","Area harvested","0111","Wheat","2016","2016","","","","",""
"QCL","Crops and livestock products","736","Sudan (former)","5412","Yield","0111","Wheat","2016","2016","","","","",""
"QCL","Crops and livestock products","736","Sudan (former)","5510","Production","0111","Wheat","2016","2016","","","","",""
"QCL","Crops and livestock products","736","Sudan (former)","5312","Area harvested","0111","Wheat","2017","2017","","","","",""
"QCL","Crops and livestock products","736","Sudan (former)","5412","Yield","0111","Wheat","2017","2017","","","","",""
"QCL","Crops and livestock products","736","Sudan (former)","5510","Production","0111","Wheat","2017","2017","","","","",""
"QCL","Crops and livestock products","736","Sudan (former)","5312","Area harvested","0111","Wheat","2018","2018","","","","",""
"QCL","Crops and livestock products","736","Sudan (former)","5412","Yield","0111","Wheat","2018","2018","","","","",""
"QCL","Crops and livestock products","736","Sudan (former)","5510","Production","0111","Wheat","2018","2018","","","","",""
"QCL","Crops and livestock products","736","Sudan (former)","5312","Area harvested","0111","Wheat","2019","2019","","","","",""
"QCL","Crops and livestock products","736","Sudan (former)","5412","Yield","0111","Wheat","2019","2019","","","","",""
"QCL","Crops and livestock products","736","Sudan (former)","5510","Production","0111","Wheat","2019","2019","","","","",""
"QCL","Crops and livestock products","736","Sudan (former)","5312","Area harvested","0111","Wheat","2020","2020","","","","",""
"QCL","Crops and livestock products","736","Sudan (former)","5412","Yield","0111","Wheat","2020","2020","","","","",""
"QCL","Crops and livestock products","736","Sudan (former)","5510","Production","0111","Wheat","2020","2020","","","","",""
"QCL","Crops and livestock products","736","Sudan (former)","5312","Area harvested","0111","Wheat","2021","2021","","","","",""
"QCL","Crops and livestock products","736","Sudan (former)","5412","Yield","0111","Wheat","2021","2021","","","","",""
"QCL","Crops and livestock products","736","Sudan (former)","5510","Production","0111","Wheat","2021","2021","","","","",""
"QCL","Crops and livestock products","736","Sudan (former)","5312","Area harvested","0111","Wheat","2022","2022","","","","",""
"QCL","Crops and livestock products","736","Sudan (former)","5412","Yield","0111","Wheat","2022","2022","","","","",""
"QCL","Crops and livestock products","736","Sudan (former)","5510","Production","0111","Wheat","2022","2022","","","","",""
"QCL","Crops and livestock products","736","Sudan (former)","5312","Area harvested","0111","Wheat","2023","2023","","","","",""
"QCL","Crops and livestock products","736","Sudan (former)","5412","Yield","0111","Wheat","2023","2023","","","","",""
"QCL","Crops and livestock products","736","Sudan (former)","5510","Production","0111","Wheat","2023","2023","","","","",""
"QCL","Crops and livestock products","736","Sudan (former)","5312","Area harvested","0111","Wheat","2024","2024","","","","",""
"QCL","Crops and livestock products","736","Sudan (former)","5412","Yield","0111","Wheat","2024","2024","","","","",""
"QCL","Crops and livestock products","736","Sudan (former)","5510","Production","0111","Wheat","2024","2024","","","","",""
"QCL","Crops and livestock products","740","Suriname","5312","Area harvested","0111","Wheat","2015","2015","","","","",""
"QCL","Crops and livestock products","740","Suriname","5412","Yield","0111","Wheat","2015","2015","","","","",""
"QCL","Crops and livestock products","740","Suriname","5510","Production","0111","Wheat","2015","2015","","","","",""
"QCL","Crops and livestock products","740","Suriname","5312","Area harvested","0111","Wheat","2016","2016","","","","",""
"QCL","Crops and livestock products","740","Suriname","5412","Yield","0111","Wheat","2016","2016","","","","",""
"QCL","Crops and livestock products","740","Suriname","5510","Production","0111","Wheat","2016","2016","","","","",""
"QCL","Crops and livestock products","740","Suriname","5312","Area harvested","0111","Wheat","2017","2017","","","","",""
"QCL","Crops and livestock products","740","Suriname","5412","Yield","0111","Wheat","2017","2017","","","","",""
"QCL","Crops and livestock products","740","Suriname","5510","Production","0111","Wheat","2017","2017","","","","",""
"QCL","Crops and livestock products","740","Suriname","5312","Area harvested","0111","Wheat","2018","2018","","","","",""
"QCL","Crops and livestock products","740","Suriname","5412","Yield","0111","Wheat","2018","2018","","","","",""
"QCL","Crops and livestock products","740","Suriname","5510","Production","0111","Wheat","2018","2018","","","","",""
"QCL","Crops and livestock products","740","Suriname","5312","Area harvested","0111","Wheat","2019","2019","","","","",""
"QCL","Crops and livestock products","740","Suriname","5412","Yield","0111","Wheat","2019","2019","","","","",""
"QCL","Crops and livestock products","740","Suriname","5510","Production","0111","Wheat","2019","2019","","","","",""
"QCL","Crops and livestock products","740","Suriname","5312","Area harvested","0111","Wheat","2020","2020","","","","",""
"QCL","Crops and livestock products","740","Suriname","5412","Yield","0111","Wheat","2020","2020","","","","",""
"QCL","Crops and livestock products","740","Suriname","5510","Production","0111","Wheat","2020","2020","","","","",""
"QCL","Crops and livestock products","740","Suriname","5312","Area harvested","0111","Wheat","2021","2021","","","","",""
"QCL","Crops and livestock products","740","Suriname","5412","Yield","0111","Wheat","2021","2021","","","","",""
"QCL","Crops and livestock products","740","Suriname","5510","Production","0111","Wheat","2021","2021","","","","",""
"QCL","Crops and livestock products","740","Suriname","5312","Area harvested","0111","Wheat","2022","2022","","","","",""
"QCL","Crops and livestock products","740","Suriname","5412","Yield","0111","Wheat","2022","2022","","","","",""
"QCL","Crops and livestock products","740","Suriname","5510","Production","0111","Wheat","2022","2022","","","","",""
"QCL","Crops and livestock products","740","Suriname","5312","Area harvested","0111","Wheat","2023","2023","","","","",""
"QCL","Crops and livestock products","740","Suriname","5412","Yield","0111","Wheat","2023","2023","","","","",""
"QCL","Crops and livestock products","740","Suriname","5510","Production","0111","Wheat","2023","2023","","","","",""
"QCL","Crops and livestock products","740","Suriname","5312","Area harvested","0111","Wheat","2024","2024","","","","",""
"QCL","Crops and livestock products","740","Suriname","5412","Yield","0111","Wheat","2024","2024","","","","",""
"QCL","Crops and livestock products","740","Suriname","5510","Production","0111","Wheat","2024","2024","","","","",""
"QCL","Crops and livestock products","752","Sweden","5312","Area harvested","0111","Wheat","2015","2015","ha","457550","A","Official value",""
"QCL","Crops and livestock products","752","Sweden","5412","Yield","0111","Wheat","2015","2015","kg/ha","7213.2","A","Official value",""
"QCL","Crops and livestock products","752","Sweden","5510","Production","0111","Wheat","2015","2015","t","3300400","A","Official value",""
"QCL","Crops and livestock products","752","Sweden","5312","Area harvested","0111","Wheat","2016","2016","ha","448470","A","Official value",""
"QCL","Crops and livestock products","752","Sweden","5412","Yield","0111","Wheat","2016","2016","kg/ha","6320.4","A","Official value",""
"QCL","Crops and livestock products","752","Sweden","5510","Production","0111","Wheat","2016","2016","t","2834500","A","Official value",""
"QCL","Crops and livestock products","752","Sweden","5312","Area harvested","0111","Wheat","2017","2017","ha","471962","A","Official value",""
"QCL","Crops and livestock products","752","Sweden","5412","Yield","0111","Wheat","2017","2017","kg/ha","6989.1","A","Official value",""
"QCL","Crops and livestock products","752","Sweden","5510","Production","0111","Wheat","2017","2017","t","3298600","A","Official value",""
"QCL","Crops and livestock products","752","Sweden","5312","Area harvested","0111","Wheat","2018","2018","ha","372500","A","Official value",""
"QCL","Crops and livestock products","752","Sweden","5412","Yield","0111","Wheat","2018","2018","kg/ha","4349.8","A","Official value",""
"QCL","Crops and livestock products","752","Sweden","5510","Production","0111","Wheat","2018","2018","t","1620300","A","Official value",""
"QCL","Crops and livestock products","752","Sweden","5312","Area harvested","0111","Wheat","2019","2019","ha","469490","A","Official value",""
"QCL","Crops and livestock products","752","Sweden","5412","Yield","0111","Wheat","2019","2019","kg/ha","7405.5","A","Official value",""
"QCL","Crops and livestock products","752","Sweden","5510","Production","0111","Wheat","2019","2019","t","3476800","A","Official value",""
"QCL","Crops and livestock products","752","Sweden","5312","Area harvested","0111","Wheat","2020","2020","ha","449170","A","Official value",""
"QCL","Crops and livestock products","752","Sweden","5412","Yield","0111","Wheat","2020","2020","kg/ha","7156.1","A","Official value",""
"QCL","Crops and livestock products","752","Sweden","5510","Production","0111","Wheat","2020","2020","t","3214300","A","Official value",""
"QCL","Crops and livestock products","752","Sweden","5312","Area harvested","0111","Wheat","2021","2021","ha","479130","A","Official value",""
"QCL","Crops and livestock products","752","Sweden","5412","Yield","0111","Wheat","2021","2021","kg/ha","6319.4","A","Official value",""
"QCL","Crops and livestock products","752","Sweden","5510","Production","0111","Wheat","2021","2021","t","3027800","A","Official value",""
"QCL","Crops and livestock products","752","Sweden","5312","Area harvested","0111","Wheat","2022","2022","ha","461570","A","Official value",""
"QCL","Crops and livestock products","752","Sweden","5412","Yield","0111","Wheat","2022","2022","kg/ha","6995","A","Official value",""
"QCL","Crops and livestock products","752","Sweden","5510","Production","0111","Wheat","2022","2022","t","3228700","A","Official value",""
"QCL","Crops and livestock products","752","Sweden","5312","Area harvested","0111","Wheat","2023","2023","ha","507530","A","Official value",""
"QCL","Crops and livestock products","752","Sweden","5412","Yield","0111","Wheat","2023","2023","kg/ha","5454.3","A","Official value",""
"QCL","Crops and livestock products","752","Sweden","5510","Production","0111","Wheat","2023","2023","t","2768200","A","Official value",""
"QCL","Crops and livestock products","752","Sweden","5312","Area harvested","0111","Wheat","2024","2024","ha","475020","A","Official value",""
"QCL","Crops and livestock products","752","Sweden","5412","Yield","0111","Wheat","2024","2024","kg/ha","6169.4","A","Official value",""
"QCL","Crops and livestock products","752","Sweden","5510","Production","0111","Wheat","2024","2024","t","2930600","A","Official value",""
"QCL","Crops and livestock products","756","Switzerland","5312","Area harvested","0111","Wheat","2015","2015","ha","88049","A","Official value",""
"QCL","Crops and livestock products","756","Switzerland","5412","Yield","0111","Wheat","2015","2015","kg/ha","5988.2","A","Official value",""
"QCL","Crops and livestock products","756","Switzerland","5510","Production","0111","Wheat","2015","2015","t","527257","A","Official value",""
"QCL","Crops and livestock products","756","Switzerland","5312","Area harvested","0111","Wheat","2016","2016","ha","88484","A","Official value",""
"QCL","Crops and livestock products","756","Switzerland","5412","Yield","0111","Wheat","2016","2016","kg/ha","4370.5","A","Official value",""
"QCL","Crops and livestock products","756","Switzerland","5510","Production","0111","Wheat","2016","2016","t","386720","A","Official value",""
"QCL","Crops and livestock products","756","Switzerland","5312","Area harvested","0111","Wheat","2017","2017","ha","87061","A","Official value",""
"QCL","Crops and livestock products","756","Switzerland","5412","Yield","0111","Wheat","2017","2017","kg/ha","6094","A","Official value",""
"QCL","Crops and livestock products","756","Switzerland","5510","Production","0111","Wheat","2017","2017","t","530552","A","Official value",""
"QCL","Crops and livestock products","756","Switzerland","5312","Area harvested","0111","Wheat","2018","2018","ha","87725","A","Official value",""
"QCL","Crops and livestock products","756","Switzerland","5412","Yield","0111","Wheat","2018","2018","kg/ha","5830.1","A","Official value",""
"QCL","Crops and livestock products","756","Switzerland","5510","Production","0111","Wheat","2018","2018","t","511446","A","Official value",""
"QCL","Crops and livestock products","756","Switzerland","5312","Area harvested","0111","Wheat","2019","2019","ha","86493","A","Official value",""
"QCL","Crops and livestock products","756","Switzerland","5412","Yield","0111","Wheat","2019","2019","kg/ha","5751.4","A","Official value",""
"QCL","Crops and livestock products","756","Switzerland","5510","Production","0111","Wheat","2019","2019","t","497459","A","Official value",""
"QCL","Crops and livestock products","756","Switzerland","5312","Area harvested","0111","Wheat","2020","2020","ha","85023","A","Official value",""
"QCL","Crops and livestock products","756","Switzerland","5412","Yield","0111","Wheat","2020","2020","kg/ha","6218.6","A","Official value",""
"QCL","Crops and livestock products","756","Switzerland","5510","Production","0111","Wheat","2020","2020","t","528720","A","Official value",""
"QCL","Crops and livestock products","756","Switzerland","5312","Area harvested","0111","Wheat","2021","2021","ha","89326","A","Official value",""
"QCL","Crops and livestock products","756","Switzerland","5412","Yield","0111","Wheat","2021","2021","kg/ha","5139.5","A","Official value",""
"QCL","Crops and livestock products","756","Switzerland","5510","Production","0111","Wheat","2021","2021","t","459090","A","Official value",""
"QCL","Crops and livestock products","756","Switzerland","5312","Area harvested","0111","Wheat","2022","2022","ha","89041","A","Official value",""
"QCL","Crops and livestock products","756","Switzerland","5412","Yield","0111","Wheat","2022","2022","kg/ha","5465.7","A","Official value",""
"QCL","Crops and livestock products","756","Switzerland","5510","Production","0111","Wheat","2022","2022","t","486667","A","Official value",""
"QCL","Crops and livestock products","756","Switzerland","5312","Area harvested","0111","Wheat","2023","2023","ha","87057","A","Official value",""
"QCL","Crops and livestock products","756","Switzerland","5412","Yield","0111","Wheat","2023","2023","kg/ha","5139.7","A","Official value",""
"QCL","Crops and livestock products","756","Switzerland","5510","Production","0111","Wheat","2023","2023","t","447449","A","Official value",""
"QCL","Crops and livestock products","756","Switzerland","5312","Area harvested","0111","Wheat","2024","2024","ha","84993","A","Official value",""
"QCL","Crops and livestock products","756","Switzerland","5412","Yield","0111","Wheat","2024","2024","kg/ha","3668.6","A","Official value",""
"QCL","Crops and livestock products","756","Switzerland","5510","Production","0111","Wheat","2024","2024","t","311807","A","Official value",""
"QCL","Crops and livestock products","760","Syrian Arab Republic","5312","Area harvested","0111","Wheat","2015","2015","ha","1144806","A","Official value",""
"QCL","Crops and livestock products","760","Syrian Arab Republic","5412","Yield","0111","Wheat","2015","2015","kg/ha","2338.5","A","Official value",""
"QCL","Crops and livestock products","760","Syrian Arab Republic","5510","Production","0111","Wheat","2015","2015","t","2677156","A","Official value",""
"QCL","Crops and livestock products","760","Syrian Arab Republic","5312","Area harvested","0111","Wheat","2016","2016","ha","1137578","A","Official value",""
"QCL","Crops and livestock products","760","Syrian Arab Republic","5412","Yield","0111","Wheat","2016","2016","kg/ha","1429.9","A","Official value",""
"QCL","Crops and livestock products","760","Syrian Arab Republic","5510","Production","0111","Wheat","2016","2016","t","1626588","A","Official value",""
"QCL","Crops and livestock products","760","Syrian Arab Republic","5312","Area harvested","0111","Wheat","2017","2017","ha","1169911","A","Official value",""
"QCL","Crops and livestock products","760","Syrian Arab Republic","5412","Yield","0111","Wheat","2017","2017","kg/ha","1581.9","A","Official value",""
"QCL","Crops and livestock products","760","Syrian Arab Republic","5510","Production","0111","Wheat","2017","2017","t","1850740.18","A","Official value",""
"QCL","Crops and livestock products","760","Syrian Arab Republic","5312","Area harvested","0111","Wheat","2018","2018","ha","1096818","A","Official value",""
"QCL","Crops and livestock products","760","Syrian Arab Republic","5412","Yield","0111","Wheat","2018","2018","kg/ha","1115","A","Official value",""
"QCL","Crops and livestock products","760","Syrian Arab Republic","5510","Production","0111","Wheat","2018","2018","t","1222987.62","A","Official value",""
"QCL","Crops and livestock products","760","Syrian Arab Republic","5312","Area harvested","0111","Wheat","2019","2019","ha","1345607","A","Official value",""
"QCL","Crops and livestock products","760","Syrian Arab Republic","5412","Yield","0111","Wheat","2019","2019","kg/ha","2292.7","A","Official value",""
"QCL","Crops and livestock products","760","Syrian Arab Republic","5510","Production","0111","Wheat","2019","2019","t","3085097","A","Official value",""
"QCL","Crops and livestock products","760","Syrian Arab Republic","5312","Area harvested","0111","Wheat","2020","2020","ha","1350538","A","Official value",""
"QCL","Crops and livestock products","760","Syrian Arab Republic","5412","Yield","0111","Wheat","2020","2020","kg/ha","2109.1","A","Official value",""
"QCL","Crops and livestock products","760","Syrian Arab Republic","5510","Production","0111","Wheat","2020","2020","t","2848471.85","A","Official value",""
"QCL","Crops and livestock products","760","Syrian Arab Republic","5312","Area harvested","0111","Wheat","2021","2021","ha","1567262","A","Official value",""
"QCL","Crops and livestock products","760","Syrian Arab Republic","5412","Yield","0111","Wheat","2021","2021","kg/ha","1245.4","A","Official value",""
"QCL","Crops and livestock products","760","Syrian Arab Republic","5510","Production","0111","Wheat","2021","2021","t","1951805.93","A","Official value",""
"QCL","Crops and livestock products","760","Syrian Arab Republic","5312","Area harvested","0111","Wheat","2022","2022","ha","1184237","A","Official value",""
"QCL","Crops and livestock products","760","Syrian Arab Republic","5412","Yield","0111","Wheat","2022","2022","kg/ha","1310.2","A","Official value",""
"QCL","Crops and livestock products","760","Syrian Arab Republic","5510","Production","0111","Wheat","2022","2022","t","1551605","A","Official value",""
"QCL","Crops and livestock products","760","Syrian Arab Republic","5312","Area harvested","0111","Wheat","2023","2023","ha","1335667","A","Official value",""
"QCL","Crops and livestock products","760","Syrian Arab Republic","5412","Yield","0111","Wheat","2023","2023","kg/ha","2306.2","A","Official value",""
"QCL","Crops and livestock products","760","Syrian Arab Republic","5510","Production","0111","Wheat","2023","2023","t","3080351","A","Official value",""
"QCL","Crops and livestock products","760","Syrian Arab Republic","5312","Area harvested","0111","Wheat","2024","2024","ha","1276409","A","Official value",""
"QCL","Crops and livestock products","760","Syrian Arab Republic","5412","Yield","0111","Wheat","2024","2024","kg/ha","1904.7","A","Official value",""
"QCL","Crops and livestock products","760","Syrian Arab Republic","5510","Production","0111","Wheat","2024","2024","t","2431225","A","Official value",""
"QCL","Crops and livestock products","762","Tajikistan","5312","Area harvested","0111","Wheat","2015","2015","ha","295632","A","Official value",""
"QCL","Crops and livestock products","762","Tajikistan","5412","Yield","0111","Wheat","2015","2015","kg/ha","3032","A","Official value",""
"QCL","Crops and livestock products","762","Tajikistan","5510","Production","0111","Wheat","2015","2015","t","896362","A","Official value",""
"QCL","Crops and livestock products","762","Tajikistan","5312","Area harvested","0111","Wheat","2016","2016","ha","297479","A","Official value",""
"QCL","Crops and livestock products","762","Tajikistan","5412","Yield","0111","Wheat","2016","2016","kg/ha","3082.8","A","Official value",""
"QCL","Crops and livestock products","762","Tajikistan","5510","Production","0111","Wheat","2016","2016","t","917081.4","A","Official value",""
"QCL","Crops and livestock products","762","Tajikistan","5312","Area harvested","0111","Wheat","2017","2017","ha","285867","A","Official value",""
"QCL","Crops and livestock products","762","Tajikistan","5412","Yield","0111","Wheat","2017","2017","kg/ha","3147.1","A","Official value",""
"QCL","Crops and livestock products","762","Tajikistan","5510","Production","0111","Wheat","2017","2017","t","899653","A","Official value",""
"QCL","Crops and livestock products","762","Tajikistan","5312","Area harvested","0111","Wheat","2018","2018","ha","255549","A","Official value",""
"QCL","Crops and livestock products","762","Tajikistan","5412","Yield","0111","Wheat","2018","2018","kg/ha","3048.3","A","Official value",""
"QCL","Crops and livestock products","762","Tajikistan","5510","Production","0111","Wheat","2018","2018","t","778986.3","A","Official value",""
"QCL","Crops and livestock products","762","Tajikistan","5312","Area harvested","0111","Wheat","2019","2019","ha","263960","A","Official value",""
"QCL","Crops and livestock products","762","Tajikistan","5412","Yield","0111","Wheat","2019","2019","kg/ha","3170.5","A","Official value",""
"QCL","Crops and livestock products","762","Tajikistan","5510","Production","0111","Wheat","2019","2019","t","836884","A","Official value",""
"QCL","Crops and livestock products","762","Tajikistan","5312","Area harvested","0111","Wheat","2020","2020","ha","269600","A","Official value",""
"QCL","Crops and livestock products","762","Tajikistan","5412","Yield","0111","Wheat","2020","2020","kg/ha","3138","E","Estimated value",""
"QCL","Crops and livestock products","762","Tajikistan","5510","Production","0111","Wheat","2020","2020","t","846000","X","Value from external organization","Unofficial figure"
"QCL","Crops and livestock products","762","Tajikistan","5312","Area harvested","0111","Wheat","2021","2021","ha","274800","A","Official value",""
"QCL","Crops and livestock products","762","Tajikistan","5412","Yield","0111","Wheat","2021","2021","kg/ha","3100.4","E","Estimated value",""
"QCL","Crops and livestock products","762","Tajikistan","5510","Production","0111","Wheat","2021","2021","t","852000","X","Value from external organization","Unofficial figure"
"QCL","Crops and livestock products","762","Tajikistan","5312","Area harvested","0111","Wheat","2022","2022","ha","271100","A","Official value",""
"QCL","Crops and livestock products","762","Tajikistan","5412","Yield","0111","Wheat","2022","2022","kg/ha","3446.2","A","Official value",""
"QCL","Crops and livestock products","762","Tajikistan","5510","Production","0111","Wheat","2022","2022","t","934274","A","Official value",""
"QCL","Crops and livestock products","762","Tajikistan","5312","Area harvested","0111","Wheat","2023","2023","ha","275000","A","Official value",""
"QCL","Crops and livestock products","762","Tajikistan","5412","Yield","0111","Wheat","2023","2023","kg/ha","3129.1","A","Official value",""
"QCL","Crops and livestock products","762","Tajikistan","5510","Production","0111","Wheat","2023","2023","t","860489","A","Official value",""
"QCL","Crops and livestock products","762","Tajikistan","5312","Area harvested","0111","Wheat","2024","2024","ha","270641","I","Value imputed by a receiving agency",""
"QCL","Crops and livestock products","762","Tajikistan","5412","Yield","0111","Wheat","2024","2024","kg/ha","3254.3","E","Estimated value",""
"QCL","Crops and livestock products","762","Tajikistan","5510","Production","0111","Wheat","2024","2024","t","880734","A","Official value",""
"QCL","Crops and livestock products","764","Thailand","5312","Area harvested","0111","Wheat","2015","2015","ha","1259","I","Value imputed by a receiving agency",""
"QCL","Crops and livestock products","764","Thailand","5412","Yield","0111","Wheat","2015","2015","kg/ha","1005","E","Estimated value",""
"QCL","Crops and livestock products","764","Thailand","5510","Production","0111","Wheat","2015","2015","t","1265.48","I","Value imputed by a receiving agency",""
"QCL","Crops and livestock products","764","Thailand","5312","Area harvested","0111","Wheat","2016","2016","ha","1258","I","Value imputed by a receiving agency",""
"QCL","Crops and livestock products","764","Thailand","5412","Yield","0111","Wheat","2016","2016","kg/ha","1036.3","E","Estimated value",""
"QCL","Crops and livestock products","764","Thailand","5510","Production","0111","Wheat","2016","2016","t","1303.89","I","Value imputed by a receiving agency",""
"QCL","Crops and livestock products","764","Thailand","5312","Area harvested","0111","Wheat","2017","2017","ha","1260","I","Value imputed by a receiving agency",""
"QCL","Crops and livestock products","764","Thailand","5412","Yield","0111","Wheat","2017","2017","kg/ha","1071.9","E","Estimated value",""
"QCL","Crops and livestock products","764","Thailand","5510","Production","0111","Wheat","2017","2017","t","1350.35","I","Value imputed by a receiving agency",""
"QCL","Crops and livestock products","764","Thailand","5312","Area harvested","0111","Wheat","2018","2018","ha","1268","I","Value imputed by a receiving agency",""
"QCL","Crops and livestock products","764","Thailand","5412","Yield","0111","Wheat","2018","2018","kg/ha","1030.6","E","Estimated value",""
"QCL","Crops and livestock products","764","Thailand","5510","Production","0111","Wheat","2018","2018","t","1306.58","E","Estimated value",""
"QCL","Crops and livestock products","764","Thailand","5312","Area harvested","0111","Wheat","2019","2019","ha","1293","I","Value imputed by a receiving agency",""
"QCL","Crops and livestock products","764","Thailand","5412","Yield","0111","Wheat","2019","2019","kg/ha","1021.1","E","Estimated value",""
"QCL","Crops and livestock products","764","Thailand","5510","Production","0111","Wheat","2019","2019","t","1320.27","E","Estimated value",""
"QCL","Crops and livestock products","764","Thailand","5312","Area harvested","0111","Wheat","2020","2020","ha","1296","I","Value imputed by a receiving agency",""
"QCL","Crops and livestock products","764","Thailand","5412","Yield","0111","Wheat","2020","2020","kg/ha","1022.7","E","Estimated value",""
"QCL","Crops and livestock products","764","Thailand","5510","Production","0111","Wheat","2020","2020","t","1325.73","E","Estimated value",""
"QCL","Crops and livestock products","764","Thailand","5312","Area harvested","0111","Wheat","2021","2021","ha","1305","I","Value imputed by a receiving agency",""
"QCL","Crops and livestock products","764","Thailand","5412","Yield","0111","Wheat","2021","2021","kg/ha","1009.8","E","Estimated value",""
"QCL","Crops and livestock products","764","Thailand","5510","Production","0111","Wheat","2021","2021","t","1317.53","E","Estimated value",""
"QCL","Crops and livestock products","764","Thailand","5312","Area harvested","0111","Wheat","2022","2022","ha","1288","I","Value imputed by a receiving agency",""
"QCL","Crops and livestock products","764","Thailand","5412","Yield","0111","Wheat","2022","2022","kg/ha","1025.9","E","Estimated value",""
"QCL","Crops and livestock products","764","Thailand","5510","Production","0111","Wheat","2022","2022","t","1321.18","E","Estimated value",""
"QCL","Crops and livestock products","764","Thailand","5312","Area harvested","0111","Wheat","2023","2023","ha","1292","I","Value imputed by a receiving agency",""
"QCL","Crops and livestock products","764","Thailand","5412","Yield","0111","Wheat","2023","2023","kg/ha","1023","E","Estimated value",""
"QCL","Crops and livestock products","764","Thailand","5510","Production","0111","Wheat","2023","2023","t","1321.48","E","Estimated value",""
"QCL","Crops and livestock products","764","Thailand","5312","Area harvested","0111","Wheat","2024","2024","ha","1296","I","Value imputed by a receiving agency",""
"QCL","Crops and livestock products","764","Thailand","5412","Yield","0111","Wheat","2024","2024","kg/ha","1018.9","E","Estimated value",""
"QCL","Crops and livestock products","764","Thailand","5510","Production","0111","Wheat","2024","2024","t","1320.06","E","Estimated value",""
"QCL","Crops and livestock products","626","Timor-Leste","5312","Area harvested","0111","Wheat","2015","2015","","","","",""
"QCL","Crops and livestock products","626","Timor-Leste","5412","Yield","0111","Wheat","2015","2015","","","","",""
"QCL","Crops and livestock products","626","Timor-Leste","5510","Production","0111","Wheat","2015","2015","","","","",""
"QCL","Crops and livestock products","626","Timor-Leste","5312","Area harvested","0111","Wheat","2016","2016","","","","",""
"QCL","Crops and livestock products","626","Timor-Leste","5412","Yield","0111","Wheat","2016","2016","","","","",""
"QCL","Crops and livestock products","626","Timor-Leste","5510","Production","0111","Wheat","2016","2016","","","","",""
"QCL","Crops and livestock products","626","Timor-Leste","5312","Area harvested","0111","Wheat","2017","2017","","","","",""
"QCL","Crops and livestock products","626","Timor-Leste","5412","Yield","0111","Wheat","2017","2017","","","","",""
"QCL","Crops and livestock products","626","Timor-Leste","5510","Production","0111","Wheat","2017","2017","","","","",""
"QCL","Crops and livestock products","626","Timor-Leste","5312","Area harvested","0111","Wheat","2018","2018","","","","",""
"QCL","Crops and livestock products","626","Timor-Leste","5412","Yield","0111","Wheat","2018","2018","","","","",""
"QCL","Crops and livestock products","626","Timor-Leste","5510","Production","0111","Wheat","2018","2018","","","","",""
"QCL","Crops and livestock products","626","Timor-Leste","5312","Area harvested","0111","Wheat","2019","2019","","","","",""
"QCL","Crops and livestock products","626","Timor-Leste","5412","Yield","0111","Wheat","2019","2019","","","","",""
"QCL","Crops and livestock products","626","Timor-Leste","5510","Production","0111","Wheat","2019","2019","","","","",""
"QCL","Crops and livestock products","626","Timor-Leste","5312","Area harvested","0111","Wheat","2020","2020","","","","",""
"QCL","Crops and livestock products","626","Timor-Leste","5412","Yield","0111","Wheat","2020","2020","","","","",""
"QCL","Crops and livestock products","626","Timor-Leste","5510","Production","0111","Wheat","2020","2020","","","","",""
"QCL","Crops and livestock products","626","Timor-Leste","5312","Area harvested","0111","Wheat","2021","2021","","","","",""
"QCL","Crops and livestock products","626","Timor-Leste","5412","Yield","0111","Wheat","2021","2021","","","","",""
"QCL","Crops and livestock products","626","Timor-Leste","5510","Production","0111","Wheat","2021","2021","","","","",""
"QCL","Crops and livestock products","626","Timor-Leste","5312","Area harvested","0111","Wheat","2022","2022","","","","",""
"QCL","Crops and livestock products","626","Timor-Leste","5412","Yield","0111","Wheat","2022","2022","","","","",""
"QCL","Crops and livestock products","626","Timor-Leste","5510","Production","0111","Wheat","2022","2022","","","","",""
"QCL","Crops and livestock products","626","Timor-Leste","5312","Area harvested","0111","Wheat","2023","2023","","","","",""
"QCL","Crops and livestock products","626","Timor-Leste","5412","Yield","0111","Wheat","2023","2023","","","","",""
"QCL","Crops and livestock products","626","Timor-Leste","5510","Production","0111","Wheat","2023","2023","","","","",""
"QCL","Crops and livestock products","626","Timor-Leste","5312","Area harvested","0111","Wheat","2024","2024","","","","",""
"QCL","Crops and livestock products","626","Timor-Leste","5412","Yield","0111","Wheat","2024","2024","","","","",""
"QCL","Crops and livestock products","626","Timor-Leste","5510","Production","0111","Wheat","2024","2024","","","","",""
"QCL","Crops and livestock products","768","Togo","5312","Area harvested","0111","Wheat","2015","2015","","","","",""
"QCL","Crops and livestock products","768","Togo","5412","Yield","0111","Wheat","2015","2015","","","","",""
"QCL","Crops and livestock products","768","Togo","5510","Production","0111","Wheat","2015","2015","","","","",""
"QCL","Crops and livestock products","768","Togo","5312","Area harvested","0111","Wheat","2016","2016","","","","",""
"QCL","Crops and livestock products","768","Togo","5412","Yield","0111","Wheat","2016","2016","","","","",""
"QCL","Crops and livestock products","768","Togo","5510","Production","0111","Wheat","2016","2016","","","","",""
"QCL","Crops and livestock products","768","Togo","5312","Area harvested","0111","Wheat","2017","2017","","","","",""
"QCL","Crops and livestock products","768","Togo","5412","Yield","0111","Wheat","2017","2017","","","","",""
"QCL","Crops and livestock products","768","Togo","5510","Production","0111","Wheat","2017","2017","","","","",""
"QCL","Crops and livestock products","768","Togo","5312","Area harvested","0111","Wheat","2018","2018","","","","",""
"QCL","Crops and livestock products","768","Togo","5412","Yield","0111","Wheat","2018","2018","","","","",""
"QCL","Crops and livestock products","768","Togo","5510","Production","0111","Wheat","2018","2018","","","","",""
"QCL","Crops and livestock products","768","Togo","5312","Area harvested","0111","Wheat","2019","2019","","","","",""
"QCL","Crops and livestock products","768","Togo","5412","Yield","0111","Wheat","2019","2019","","","","",""
"QCL","Crops and livestock products","768","Togo","5510","Production","0111","Wheat","2019","2019","","","","",""
"QCL","Crops and livestock products","768","Togo","5312","Area harvested","0111","Wheat","2020","2020","","","","",""
"QCL","Crops and livestock products","768","Togo","5412","Yield","0111","Wheat","2020","2020","","","","",""
"QCL","Crops and livestock products","768","Togo","5510","Production","0111","Wheat","2020","2020","","","","",""
"QCL","Crops and livestock products","768","Togo","5312","Area harvested","0111","Wheat","2021","2021","","","","",""
"QCL","Crops and livestock products","768","Togo","5412","Yield","0111","Wheat","2021","2021","","","","",""
"QCL","Crops and livestock products","768","Togo","5510","Production","0111","Wheat","2021","2021","","","","",""
"QCL","Crops and livestock products","768","Togo","5312","Area harvested","0111","Wheat","2022","2022","","","","",""
"QCL","Crops and livestock products","768","Togo","5412","Yield","0111","Wheat","2022","2022","","","","",""
"QCL","Crops and livestock products","768","Togo","5510","Production","0111","Wheat","2022","2022","","","","",""
"QCL","Crops and livestock products","768","Togo","5312","Area harvested","0111","Wheat","2023","2023","","","","",""
"QCL","Crops and livestock products","768","Togo","5412","Yield","0111","Wheat","2023","2023","","","","",""
"QCL","Crops and livestock products","768","Togo","5510","Production","0111","Wheat","2023","2023","","","","",""
"QCL","Crops and livestock products","768","Togo","5312","Area harvested","0111","Wheat","2024","2024","","","","",""
"QCL","Crops and livestock products","768","Togo","5412","Yield","0111","Wheat","2024","2024","","","","",""
"QCL","Crops and livestock products","768","Togo","5510","Production","0111","Wheat","2024","2024","","","","",""
"QCL","Crops and livestock products","776","Tonga","5312","Area harvested","0111","Wheat","2015","2015","","","","",""
"QCL","Crops and livestock products","776","Tonga","5412","Yield","0111","Wheat","2015","2015","","","","",""
"QCL","Crops and livestock products","776","Tonga","5510","Production","0111","Wheat","2015","2015","","","","",""
"QCL","Crops and livestock products","776","Tonga","5312","Area harvested","0111","Wheat","2016","2016","","","","",""
"QCL","Crops and livestock products","776","Tonga","5412","Yield","0111","Wheat","2016","2016","","","","",""
"QCL","Crops and livestock products","776","Tonga","5510","Production","0111","Wheat","2016","2016","","","","",""
"QCL","Crops and livestock products","776","Tonga","5312","Area harvested","0111","Wheat","2017","2017","","","","",""
"QCL","Crops and livestock products","776","Tonga","5412","Yield","0111","Wheat","2017","2017","","","","",""
"QCL","Crops and livestock products","776","Tonga","5510","Production","0111","Wheat","2017","2017","","","","",""
"QCL","Crops and livestock products","776","Tonga","5312","Area harvested","0111","Wheat","2018","2018","","","","",""
"QCL","Crops and livestock products","776","Tonga","5412","Yield","0111","Wheat","2018","2018","","","","",""
"QCL","Crops and livestock products","776","Tonga","5510","Production","0111","Wheat","2018","2018","","","","",""
"QCL","Crops and livestock products","776","Tonga","5312","Area harvested","0111","Wheat","2019","2019","","","","",""
"QCL","Crops and livestock products","776","Tonga","5412","Yield","0111","Wheat","2019","2019","","","","",""
"QCL","Crops and livestock products","776","Tonga","5510","Production","0111","Wheat","2019","2019","","","","",""
"QCL","Crops and livestock products","776","Tonga","5312","Area harvested","0111","Wheat","2020","2020","","","","",""
"QCL","Crops and livestock products","776","Tonga","5412","Yield","0111","Wheat","2020","2020","","","","",""
"QCL","Crops and livestock products","776","Tonga","5510","Production","0111","Wheat","2020","2020","","","","",""
"QCL","Crops and livestock products","776","Tonga","5312","Area harvested","0111","Wheat","2021","2021","","","","",""
"QCL","Crops and livestock products","776","Tonga","5412","Yield","0111","Wheat","2021","2021","","","","",""
"QCL","Crops and livestock products","776","Tonga","5510","Production","0111","Wheat","2021","2021","","","","",""
"QCL","Crops and livestock products","776","Tonga","5312","Area harvested","0111","Wheat","2022","2022","","","","",""
"QCL","Crops and livestock products","776","Tonga","5412","Yield","0111","Wheat","2022","2022","","","","",""
"QCL","Crops and livestock products","776","Tonga","5510","Production","0111","Wheat","2022","2022","","","","",""
"QCL","Crops and livestock products","776","Tonga","5312","Area harvested","0111","Wheat","2023","2023","","","","",""
"QCL","Crops and livestock products","776","Tonga","5412","Yield","0111","Wheat","2023","2023","","","","",""
"QCL","Crops and livestock products","776","Tonga","5510","Production","0111","Wheat","2023","2023","","","","",""
"QCL","Crops and livestock products","776","Tonga","5312","Area harvested","0111","Wheat","2024","2024","","","","",""
"QCL","Crops and livestock products","776","Tonga","5412","Yield","0111","Wheat","2024","2024","","","","",""
"QCL","Crops and livestock products","776","Tonga","5510","Production","0111","Wheat","2024","2024","","","","",""
"QCL","Crops and livestock products","780","Trinidad and Tobago","5312","Area harvested","0111","Wheat","2015","2015","","","","",""
"QCL","Crops and livestock products","780","Trinidad and Tobago","5412","Yield","0111","Wheat","2015","2015","","","","",""
"QCL","Crops and livestock products","780","Trinidad and Tobago","5510","Production","0111","Wheat","2015","2015","","","","",""
"QCL","Crops and livestock products","780","Trinidad and Tobago","5312","Area harvested","0111","Wheat","2016","2016","","","","",""
"QCL","Crops and livestock products","780","Trinidad and Tobago","5412","Yield","0111","Wheat","2016","2016","","","","",""
"QCL","Crops and livestock products","780","Trinidad and Tobago","5510","Production","0111","Wheat","2016","2016","","","","",""
"QCL","Crops and livestock products","780","Trinidad and Tobago","5312","Area harvested","0111","Wheat","2017","2017","","","","",""
"QCL","Crops and livestock products","780","Trinidad and Tobago","5412","Yield","0111","Wheat","2017","2017","","","","",""
"QCL","Crops and livestock products","780","Trinidad and Tobago","5510","Production","0111","Wheat","2017","2017","","","","",""
"QCL","Crops and livestock products","780","Trinidad and Tobago","5312","Area harvested","0111","Wheat","2018","2018","","","","",""
"QCL","Crops and livestock products","780","Trinidad and Tobago","5412","Yield","0111","Wheat","2018","2018","","","","",""
"QCL","Crops and livestock products","780","Trinidad and Tobago","5510","Production","0111","Wheat","2018","2018","","","","",""
"QCL","Crops and livestock products","780","Trinidad and Tobago","5312","Area harvested","0111","Wheat","2019","2019","","","","",""
"QCL","Crops and livestock products","780","Trinidad and Tobago","5412","Yield","0111","Wheat","2019","2019","","","","",""
"QCL","Crops and livestock products","780","Trinidad and Tobago","5510","Production","0111","Wheat","2019","2019","","","","",""
"QCL","Crops and livestock products","780","Trinidad and Tobago","5312","Area harvested","0111","Wheat","2020","2020","","","","",""
"QCL","Crops and livestock products","780","Trinidad and Tobago","5412","Yield","0111","Wheat","2020","2020","","","","",""
"QCL","Crops and livestock products","780","Trinidad and Tobago","5510","Production","0111","Wheat","2020","2020","","","","",""
"QCL","Crops and livestock products","780","Trinidad and Tobago","5312","Area harvested","0111","Wheat","2021","2021","","","","",""
"QCL","Crops and livestock products","780","Trinidad and Tobago","5412","Yield","0111","Wheat","2021","2021","","","","",""
"QCL","Crops and livestock products","780","Trinidad and Tobago","5510","Production","0111","Wheat","2021","2021","","","","",""
"QCL","Crops and livestock products","780","Trinidad and Tobago","5312","Area harvested","0111","Wheat","2022","2022","","","","",""
"QCL","Crops and livestock products","780","Trinidad and Tobago","5412","Yield","0111","Wheat","2022","2022","","","","",""
"QCL","Crops and livestock products","780","Trinidad and Tobago","5510","Production","0111","Wheat","2022","2022","","","","",""
"QCL","Crops and livestock products","780","Trinidad and Tobago","5312","Area harvested","0111","Wheat","2023","2023","","","","",""
"QCL","Crops and livestock products","780","Trinidad and Tobago","5412","Yield","0111","Wheat","2023","2023","","","","",""
"QCL","Crops and livestock products","780","Trinidad and Tobago","5510","Production","0111","Wheat","2023","2023","","","","",""
"QCL","Crops and livestock products","780","Trinidad and Tobago","5312","Area harvested","0111","Wheat","2024","2024","","","","",""
"QCL","Crops and livestock products","780","Trinidad and Tobago","5412","Yield","0111","Wheat","2024","2024","","","","",""
"QCL","Crops and livestock products","780","Trinidad and Tobago","5510","Production","0111","Wheat","2024","2024","","","","",""
"QCL","Crops and livestock products","788","Tunisia","5312","Area harvested","0111","Wheat","2015","2015","ha","652530","A","Official value",""
"QCL","Crops and livestock products","788","Tunisia","5412","Yield","0111","Wheat","2015","2015","kg/ha","1398.5","A","Official value",""
"QCL","Crops and livestock products","788","Tunisia","5510","Production","0111","Wheat","2015","2015","t","912570","A","Official value",""
"QCL","Crops and livestock products","788","Tunisia","5312","Area harvested","0111","Wheat","2016","2016","ha","508375","A","Official value",""
"QCL","Crops and livestock products","788","Tunisia","5412","Yield","0111","Wheat","2016","2016","kg/ha","1822.7","A","Official value",""
"QCL","Crops and livestock products","788","Tunisia","5510","Production","0111","Wheat","2016","2016","t","926592","A","Official value",""
"QCL","Crops and livestock products","788","Tunisia","5312","Area harvested","0111","Wheat","2017","2017","ha","675000","A","Official value",""
"QCL","Crops and livestock products","788","Tunisia","5412","Yield","0111","Wheat","2017","2017","kg/ha","1636","A","Official value",""
"QCL","Crops and livestock products","788","Tunisia","5510","Production","0111","Wheat","2017","2017","t","1104300","A","Official value",""
"QCL","Crops and livestock products","788","Tunisia","5312","Area harvested","0111","Wheat","2018","2018","ha","620000","A","Official value",""
"QCL","Crops and livestock products","788","Tunisia","5412","Yield","0111","Wheat","2018","2018","kg/ha","1734.5","A","Official value",""
"QCL","Crops and livestock products","788","Tunisia","5510","Production","0111","Wheat","2018","2018","t","1075400","A","Official value",""
"QCL","Crops and livestock products","788","Tunisia","5312","Area harvested","0111","Wheat","2019","2019","ha","643000","A","Official value",""
"QCL","Crops and livestock products","788","Tunisia","5412","Yield","0111","Wheat","2019","2019","kg/ha","2262.8","A","Official value",""
"QCL","Crops and livestock products","788","Tunisia","5510","Production","0111","Wheat","2019","2019","t","1455000","A","Official value",""
"QCL","Crops and livestock products","788","Tunisia","5312","Area harvested","0111","Wheat","2020","2020","ha","606000","A","Official value",""
"QCL","Crops and livestock products","788","Tunisia","5412","Yield","0111","Wheat","2020","2020","kg/ha","1719.5","A","Official value",""
"QCL","Crops and livestock products","788","Tunisia","5510","Production","0111","Wheat","2020","2020","t","1042000","A","Official value",""
"QCL","Crops and livestock products","788","Tunisia","5312","Area harvested","0111","Wheat","2021","2021","ha","611000","A","Official value",""
"QCL","Crops and livestock products","788","Tunisia","5412","Yield","0111","Wheat","2021","2021","kg/ha","1952.5","A","Official value",""
"QCL","Crops and livestock products","788","Tunisia","5510","Production","0111","Wheat","2021","2021","t","1193000","A","Official value",""
"QCL","Crops and livestock products","788","Tunisia","5312","Area harvested","0111","Wheat","2022","2022","ha","579000","A","Official value",""
"QCL","Crops and livestock products","788","Tunisia","5412","Yield","0111","Wheat","2022","2022","kg/ha","1960.3","A","Official value",""
"QCL","Crops and livestock products","788","Tunisia","5510","Production","0111","Wheat","2022","2022","t","1135000","A","Official value",""
"QCL","Crops and livestock products","788","Tunisia","5312","Area harvested","0111","Wheat","2023","2023","ha","329000","X","Value from external organization","Unofficial figure"
"QCL","Crops and livestock products","788","Tunisia","5412","Yield","0111","Wheat","2023","2023","kg/ha","1428.6","X","Value from external organization",""
"QCL","Crops and livestock products","788","Tunisia","5510","Production","0111","Wheat","2023","2023","t","470000","X","Value from external organization","Unofficial figure"
"QCL","Crops and livestock products","788","Tunisia","5312","Area harvested","0111","Wheat","2024","2024","ha","536000","X","Value from external organization","Unofficial figure"
"QCL","Crops and livestock products","788","Tunisia","5412","Yield","0111","Wheat","2024","2024","kg/ha","2145.5","X","Value from external organization",""
"QCL","Crops and livestock products","788","Tunisia","5510","Production","0111","Wheat","2024","2024","t","1150000","X","Value from external organization","Unofficial figure"
"QCL","Crops and livestock products","792","Türkiye","5312","Area harvested","0111","Wheat","2015","2015","ha","7846481","A","Official value",""
"QCL","Crops and livestock products","792","Türkiye","5412","Yield","0111","Wheat","2015","2015","kg/ha","2880.3","A","Official value",""
"QCL","Crops and livestock products","792","Türkiye","5510","Production","0111","Wheat","2015","2015","t","22600000","A","Official value",""
"QCL","Crops and livestock products","792","Türkiye","5312","Area harvested","0111","Wheat","2016","2016","ha","7609868","A","Official value",""
"QCL","Crops and livestock products","792","Türkiye","5412","Yield","0111","Wheat","2016","2016","kg/ha","2707","A","Official value",""
"QCL","Crops and livestock products","792","Türkiye","5510","Production","0111","Wheat","2016","2016","t","20600000","A","Official value",""
"QCL","Crops and livestock products","792","Türkiye","5312","Area harvested","0111","Wheat","2017","2017","ha","7662273","A","Official value",""
"QCL","Crops and livestock products","792","Türkiye","5412","Yield","0111","Wheat","2017","2017","kg/ha","2806","A","Official value",""
"QCL","Crops and livestock products","792","Türkiye","5510","Production","0111","Wheat","2017","2017","t","21500000","A","Official value",""
"QCL","Crops and livestock products","792","Türkiye","5312","Area harvested","0111","Wheat","2018","2018","ha","7288622","A","Official value",""
"QCL","Crops and livestock products","792","Türkiye","5412","Yield","0111","Wheat","2018","2018","kg/ha","2744","A","Official value",""
"QCL","Crops and livestock products","792","Türkiye","5510","Production","0111","Wheat","2018","2018","t","20000000","A","Official value",""
"QCL","Crops and livestock products","792","Türkiye","5312","Area harvested","0111","Wheat","2019","2019","ha","6831854","A","Official value",""
"QCL","Crops and livestock products","792","Türkiye","5412","Yield","0111","Wheat","2019","2019","kg/ha","2781.1","A","Official value",""
"QCL","Crops and livestock products","792","Türkiye","5510","Production","0111","Wheat","2019","2019","t","19000000","A","Official value",""
"QCL","Crops and livestock products","792","Türkiye","5312","Area harvested","0111","Wheat","2020","2020","ha","6914632","A","Official value",""
"QCL","Crops and livestock products","792","Türkiye","5412","Yield","0111","Wheat","2020","2020","kg/ha","2964.7","A","Official value",""
"QCL","Crops and livestock products","792","Türkiye","5510","Production","0111","Wheat","2020","2020","t","20500000","A","Official value",""
"QCL","Crops and livestock products","792","Türkiye","5312","Area harvested","0111","Wheat","2021","2021","ha","6623061","A","Official value",""
"QCL","Crops and livestock products","792","Türkiye","5412","Yield","0111","Wheat","2021","2021","kg/ha","2664.9","A","Official value",""
"QCL","Crops and livestock products","792","Türkiye","5510","Production","0111","Wheat","2021","2021","t","17650000","A","Official value",""
"QCL","Crops and livestock products","792","Türkiye","5312","Area harvested","0111","Wheat","2022","2022","ha","6601834","A","Official value",""
"QCL","Crops and livestock products","792","Türkiye","5412","Yield","0111","Wheat","2022","2022","kg/ha","2991.6","A","Official value",""
"QCL","Crops and livestock products","792","Türkiye","5510","Production","0111","Wheat","2022","2022","t","19750000","A","Official value",""
"QCL","Crops and livestock products","792","Türkiye","5312","Area harvested","0111","Wheat","2023","2023","ha","6832602","A","Official value",""
"QCL","Crops and livestock products","792","Türkiye","5412","Yield","0111","Wheat","2023","2023","kg/ha","3219.9","A","Official value",""
"QCL","Crops and livestock products","792","Türkiye","5510","Production","0111","Wheat","2023","2023","t","22000000","A","Official value",""
"QCL","Crops and livestock products","792","Türkiye","5312","Area harvested","0111","Wheat","2024","2024","ha","6925108","A","Official value",""
"QCL","Crops and livestock products","792","Türkiye","5412","Yield","0111","Wheat","2024","2024","kg/ha","3003.6","A","Official value",""
"QCL","Crops and livestock products","792","Türkiye","5510","Production","0111","Wheat","2024","2024","t","20800000","A","Official value",""
"QCL","Crops and livestock products","795","Turkmenistan","5312","Area harvested","0111","Wheat","2015","2015","ha","776142","I","Value imputed by a receiving agency",""
"QCL","Crops and livestock products","795","Turkmenistan","5412","Yield","0111","Wheat","2015","2015","kg/ha","1811.5","E","Estimated value",""
"QCL","Crops and livestock products","795","Turkmenistan","5510","Production","0111","Wheat","2015","2015","t","1406000","X","Value from external organization","Unofficial figure"
"QCL","Crops and livestock products","795","Turkmenistan","5312","Area harvested","0111","Wheat","2016","2016","ha","874806","A","Official value",""
"QCL","Crops and livestock products","795","Turkmenistan","5412","Yield","0111","Wheat","2016","2016","kg/ha","1834.3","A","Official value",""
"QCL","Crops and livestock products","795","Turkmenistan","5510","Production","0111","Wheat","2016","2016","t","1604641.57","A","Official value",""
"QCL","Crops and livestock products","795","Turkmenistan","5312","Area harvested","0111","Wheat","2017","2017","ha","884065","A","Official value",""
"QCL","Crops and livestock products","795","Turkmenistan","5412","Yield","0111","Wheat","2017","2017","kg/ha","1796.1","A","Official value",""
"QCL","Crops and livestock products","795","Turkmenistan","5510","Production","0111","Wheat","2017","2017","t","1587860.26","A","Official value",""
"QCL","Crops and livestock products","795","Turkmenistan","5312","Area harvested","0111","Wheat","2018","2018","ha","761639","A","Official value",""
"QCL","Crops and livestock products","795","Turkmenistan","5412","Yield","0111","Wheat","2018","2018","kg/ha","1426.6","A","Official value",""
"QCL","Crops and livestock products","795","Turkmenistan","5510","Production","0111","Wheat","2018","2018","t","1086552","A","Official value",""
"QCL","Crops and livestock products","795","Turkmenistan","5312","Area harvested","0111","Wheat","2019","2019","ha","761306","A","Official value",""
"QCL","Crops and livestock products","795","Turkmenistan","5412","Yield","0111","Wheat","2019","2019","kg/ha","2172.6","A","Official value",""
"QCL","Crops and livestock products","795","Turkmenistan","5510","Production","0111","Wheat","2019","2019","t","1654024","A","Official value",""
"QCL","Crops and livestock products","795","Turkmenistan","5312","Area harvested","0111","Wheat","2020","2020","ha","691447","A","Official value",""
"QCL","Crops and livestock products","795","Turkmenistan","5412","Yield","0111","Wheat","2020","2020","kg/ha","2141.5","A","Official value",""
"QCL","Crops and livestock products","795","Turkmenistan","5510","Production","0111","Wheat","2020","2020","t","1480733","A","Official value",""
"QCL","Crops and livestock products","795","Turkmenistan","5312","Area harvested","0111","Wheat","2021","2021","ha","647528","I","Value imputed by a receiving agency",""
"QCL","Crops and livestock products","795","Turkmenistan","5412","Yield","0111","Wheat","2021","2021","kg/ha","2007.6","E","Estimated value",""
"QCL","Crops and livestock products","795","Turkmenistan","5510","Production","0111","Wheat","2021","2021","t","1300000","E","Estimated value",""
"QCL","Crops and livestock products","795","Turkmenistan","5312","Area harvested","0111","Wheat","2022","2022","ha","727075","I","Value imputed by a receiving agency",""
"QCL","Crops and livestock products","795","Turkmenistan","5412","Yield","0111","Wheat","2022","2022","kg/ha","1719.2","E","Estimated value",""
"QCL","Crops and livestock products","795","Turkmenistan","5510","Production","0111","Wheat","2022","2022","t","1250000","E","Estimated value",""
"QCL","Crops and livestock products","795","Turkmenistan","5312","Area harvested","0111","Wheat","2023","2023","ha","663377","I","Value imputed by a receiving agency",""
"QCL","Crops and livestock products","795","Turkmenistan","5412","Yield","0111","Wheat","2023","2023","kg/ha","1658.2","E","Estimated value",""
"QCL","Crops and livestock products","795","Turkmenistan","5510","Production","0111","Wheat","2023","2023","t","1100000","E","Estimated value",""
"QCL","Crops and livestock products","795","Turkmenistan","5312","Area harvested","0111","Wheat","2024","2024","ha","814915","I","Value imputed by a receiving agency",""
"QCL","Crops and livestock products","795","Turkmenistan","5412","Yield","0111","Wheat","2024","2024","kg/ha","1632.1","E","Estimated value",""
"QCL","Crops and livestock products","795","Turkmenistan","5510","Production","0111","Wheat","2024","2024","t","1330000","E","Estimated value",""
"QCL","Crops and livestock products","798","Tuvalu","5312","Area harvested","0111","Wheat","2015","2015","","","","",""
"QCL","Crops and livestock products","798","Tuvalu","5412","Yield","0111","Wheat","2015","2015","","","","",""
"QCL","Crops and livestock products","798","Tuvalu","5510","Production","0111","Wheat","2015","2015","","","","",""
"QCL","Crops and livestock products","798","Tuvalu","5312","Area harvested","0111","Wheat","2016","2016","","","","",""
"QCL","Crops and livestock products","798","Tuvalu","5412","Yield","0111","Wheat","2016","2016","","","","",""
"QCL","Crops and livestock products","798","Tuvalu","5510","Production","0111","Wheat","2016","2016","","","","",""
"QCL","Crops and livestock products","798","Tuvalu","5312","Area harvested","0111","Wheat","2017","2017","","","","",""
"QCL","Crops and livestock products","798","Tuvalu","5412","Yield","0111","Wheat","2017","2017","","","","",""
"QCL","Crops and livestock products","798","Tuvalu","5510","Production","0111","Wheat","2017","2017","","","","",""
"QCL","Crops and livestock products","798","Tuvalu","5312","Area harvested","0111","Wheat","2018","2018","","","","",""
"QCL","Crops and livestock products","798","Tuvalu","5412","Yield","0111","Wheat","2018","2018","","","","",""
"QCL","Crops and livestock products","798","Tuvalu","5510","Production","0111","Wheat","2018","2018","","","","",""
"QCL","Crops and livestock products","798","Tuvalu","5312","Area harvested","0111","Wheat","2019","2019","","","","",""
"QCL","Crops and livestock products","798","Tuvalu","5412","Yield","0111","Wheat","2019","2019","","","","",""
"QCL","Crops and livestock products","798","Tuvalu","5510","Production","0111","Wheat","2019","2019","","","","",""
"QCL","Crops and livestock products","798","Tuvalu","5312","Area harvested","0111","Wheat","2020","2020","","","","",""
"QCL","Crops and livestock products","798","Tuvalu","5412","Yield","0111","Wheat","2020","2020","","","","",""
"QCL","Crops and livestock products","798","Tuvalu","5510","Production","0111","Wheat","2020","2020","","","","",""
"QCL","Crops and livestock products","798","Tuvalu","5312","Area harvested","0111","Wheat","2021","2021","","","","",""
"QCL","Crops and livestock products","798","Tuvalu","5412","Yield","0111","Wheat","2021","2021","","","","",""
"QCL","Crops and livestock products","798","Tuvalu","5510","Production","0111","Wheat","2021","2021","","","","",""
"QCL","Crops and livestock products","798","Tuvalu","5312","Area harvested","0111","Wheat","2022","2022","","","","",""
"QCL","Crops and livestock products","798","Tuvalu","5412","Yield","0111","Wheat","2022","2022","","","","",""
"QCL","Crops and livestock products","798","Tuvalu","5510","Production","0111","Wheat","2022","2022","","","","",""
"QCL","Crops and livestock products","798","Tuvalu","5312","Area harvested","0111","Wheat","2023","2023","","","","",""
"QCL","Crops and livestock products","798","Tuvalu","5412","Yield","0111","Wheat","2023","2023","","","","",""
"QCL","Crops and livestock products","798","Tuvalu","5510","Production","0111","Wheat","2023","2023","","","","",""
"QCL","Crops and livestock products","798","Tuvalu","5312","Area harvested","0111","Wheat","2024","2024","","","","",""
"QCL","Crops and livestock products","798","Tuvalu","5412","Yield","0111","Wheat","2024","2024","","","","",""
"QCL","Crops and livestock products","798","Tuvalu","5510","Production","0111","Wheat","2024","2024","","","","",""
"QCL","Crops and livestock products","800","Uganda","5312","Area harvested","0111","Wheat","2015","2015","ha","13799","A","Official value",""
"QCL","Crops and livestock products","800","Uganda","5412","Yield","0111","Wheat","2015","2015","kg/ha","1600","A","Official value",""
"QCL","Crops and livestock products","800","Uganda","5510","Production","0111","Wheat","2015","2015","t","22078","A","Official value",""
"QCL","Crops and livestock products","800","Uganda","5312","Area harvested","0111","Wheat","2016","2016","ha","13978","I","Value imputed by a receiving agency",""
"QCL","Crops and livestock products","800","Uganda","5412","Yield","0111","Wheat","2016","2016","kg/ha","1581","E","Estimated value",""
"QCL","Crops and livestock products","800","Uganda","5510","Production","0111","Wheat","2016","2016","t","22100","A","Official value",""
"QCL","Crops and livestock products","800","Uganda","5312","Area harvested","0111","Wheat","2017","2017","ha","14155","I","Value imputed by a receiving agency",""
"QCL","Crops and livestock products","800","Uganda","5412","Yield","0111","Wheat","2017","2017","kg/ha","1561.3","E","Estimated value",""
"QCL","Crops and livestock products","800","Uganda","5510","Production","0111","Wheat","2017","2017","t","22100","A","Official value",""
"QCL","Crops and livestock products","800","Uganda","5312","Area harvested","0111","Wheat","2018","2018","ha","14514","I","Value imputed by a receiving agency",""
"QCL","Crops and livestock products","800","Uganda","5412","Yield","0111","Wheat","2018","2018","kg/ha","1598.8","E","Estimated value",""
"QCL","Crops and livestock products","800","Uganda","5510","Production","0111","Wheat","2018","2018","t","23206","A","Official value",""
"QCL","Crops and livestock products","800","Uganda","5312","Area harvested","0111","Wheat","2019","2019","ha","14803","I","Value imputed by a receiving agency",""
"QCL","Crops and livestock products","800","Uganda","5412","Yield","0111","Wheat","2019","2019","kg/ha","1621.3","E","Estimated value",""
"QCL","Crops and livestock products","800","Uganda","5510","Production","0111","Wheat","2019","2019","t","24000","X","Value from external organization","Unofficial figure"
"QCL","Crops and livestock products","800","Uganda","5312","Area harvested","0111","Wheat","2020","2020","ha","15000","X","Value from external organization","Unofficial figure"
"QCL","Crops and livestock products","800","Uganda","5412","Yield","0111","Wheat","2020","2020","kg/ha","1666.7","X","Value from external organization",""
"QCL","Crops and livestock products","800","Uganda","5510","Production","0111","Wheat","2020","2020","t","25000","X","Value from external organization","Unofficial figure"
"QCL","Crops and livestock products","800","Uganda","5312","Area harvested","0111","Wheat","2021","2021","ha","15000","X","Value from external organization","Unofficial figure"
"QCL","Crops and livestock products","800","Uganda","5412","Yield","0111","Wheat","2021","2021","kg/ha","1666.7","X","Value from external organization",""
"QCL","Crops and livestock products","800","Uganda","5510","Production","0111","Wheat","2021","2021","t","25000","X","Value from external organization","Unofficial figure"
"QCL","Crops and livestock products","800","Uganda","5312","Area harvested","0111","Wheat","2022","2022","ha","15000","X","Value from external organization","Unofficial figure"
"QCL","Crops and livestock products","800","Uganda","5412","Yield","0111","Wheat","2022","2022","kg/ha","1666.7","X","Value from external organization",""
"QCL","Crops and livestock products","800","Uganda","5510","Production","0111","Wheat","2022","2022","t","25000","X","Value from external organization","Unofficial figure"
"QCL","Crops and livestock products","800","Uganda","5312","Area harvested","0111","Wheat","2023","2023","ha","15000","X","Value from external organization","Unofficial figure"
"QCL","Crops and livestock products","800","Uganda","5412","Yield","0111","Wheat","2023","2023","kg/ha","1666.7","X","Value from external organization",""
"QCL","Crops and livestock products","800","Uganda","5510","Production","0111","Wheat","2023","2023","t","25000","X","Value from external organization","Unofficial figure"
"QCL","Crops and livestock products","800","Uganda","5312","Area harvested","0111","Wheat","2024","2024","ha","15000","X","Value from external organization","Unofficial figure"
"QCL","Crops and livestock products","800","Uganda","5412","Yield","0111","Wheat","2024","2024","kg/ha","1666.7","X","Value from external organization",""
"QCL","Crops and livestock products","800","Uganda","5510","Production","0111","Wheat","2024","2024","t","25000","X","Value from external organization","Unofficial figure"
"QCL","Crops and livestock products","804","Ukraine","5312","Area harvested","0111","Wheat","2015","2015","ha","6839500","A","Official value",""
"QCL","Crops and livestock products","804","Ukraine","5412","Yield","0111","Wheat","2015","2015","kg/ha","3879.2","A","Official value",""
"QCL","Crops and livestock products","804","Ukraine","5510","Production","0111","Wheat","2015","2015","t","26532100","A","Official value",""
"QCL","Crops and livestock products","804","Ukraine","5312","Area harvested","0111","Wheat","2016","2016","ha","6205800","A","Official value",""
"QCL","Crops and livestock products","804","Ukraine","5412","Yield","0111","Wheat","2016","2016","kg/ha","4205.6","A","Official value",""
"QCL","Crops and livestock products","804","Ukraine","5510","Production","0111","Wheat","2016","2016","t","26098830","A","Official value",""
"QCL","Crops and livestock products","804","Ukraine","5312","Area harvested","0111","Wheat","2017","2017","ha","6377400","A","Official value",""
"QCL","Crops and livestock products","804","Ukraine","5412","Yield","0111","Wheat","2017","2017","kg/ha","4109.7","A","Official value",""
"QCL","Crops and livestock products","804","Ukraine","5510","Production","0111","Wheat","2017","2017","t","26208980","A","Official value",""
"QCL","Crops and livestock products","804","Ukraine","5312","Area harvested","0111","Wheat","2018","2018","ha","6619600","A","Official value",""
"QCL","Crops and livestock products","804","Ukraine","5412","Yield","0111","Wheat","2018","2018","kg/ha","3724.2","A","Official value",""
"QCL","Crops and livestock products","804","Ukraine","5510","Production","0111","Wheat","2018","2018","t","24652840","A","Official value",""
"QCL","Crops and livestock products","804","Ukraine","5312","Area harvested","0111","Wheat","2019","2019","ha","6825300","A","Official value",""
"QCL","Crops and livestock products","804","Ukraine","5412","Yield","0111","Wheat","2019","2019","kg/ha","4156.6","A","Official value",""
"QCL","Crops and livestock products","804","Ukraine","5510","Production","0111","Wheat","2019","2019","t","28370280","A","Official value",""
"QCL","Crops and livestock products","804","Ukraine","5312","Area harvested","0111","Wheat","2020","2020","ha","6564500","A","Official value",""
"QCL","Crops and livestock products","804","Ukraine","5412","Yield","0111","Wheat","2020","2020","kg/ha","3795","A","Official value",""
"QCL","Crops and livestock products","804","Ukraine","5510","Production","0111","Wheat","2020","2020","t","24912350","A","Official value",""
"QCL","Crops and livestock products","804","Ukraine","5312","Area harvested","0111","Wheat","2021","2021","ha","7099400","A","Official value",""
"QCL","Crops and livestock products","804","Ukraine","5412","Yield","0111","Wheat","2021","2021","kg/ha","4533.2","A","Official value",""
"QCL","Crops and livestock products","804","Ukraine","5510","Production","0111","Wheat","2021","2021","t","32183300","A","Official value",""
"QCL","Crops and livestock products","804","Ukraine","5312","Area harvested","0111","Wheat","2022","2022","ha","5281500","A","Official value",""
"QCL","Crops and livestock products","804","Ukraine","5412","Yield","0111","Wheat","2022","2022","kg/ha","3924.9","A","Official value",""
"QCL","Crops and livestock products","804","Ukraine","5510","Production","0111","Wheat","2022","2022","t","20729240","A","Official value",""
"QCL","Crops and livestock products","804","Ukraine","5312","Area harvested","0111","Wheat","2023","2023","ha","4658400","A","Official value",""
"QCL","Crops and livestock products","804","Ukraine","5412","Yield","0111","Wheat","2023","2023","kg/ha","4642.2","A","Official value",""
"QCL","Crops and livestock products","804","Ukraine","5510","Production","0111","Wheat","2023","2023","t","21625170","A","Official value",""
"QCL","Crops and livestock products","804","Ukraine","5312","Area harvested","0111","Wheat","2024","2024","ha","4883800","A","Official value",""
"QCL","Crops and livestock products","804","Ukraine","5412","Yield","0111","Wheat","2024","2024","kg/ha","4595","A","Official value",""
"QCL","Crops and livestock products","804","Ukraine","5510","Production","0111","Wheat","2024","2024","t","22441110","A","Official value",""
"QCL","Crops and livestock products","784","United Arab Emirates","5312","Area harvested","0111","Wheat","2015","2015","ha","","M","Missing value; data cannot exist",""
"QCL","Crops and livestock products","784","United Arab Emirates","5412","Yield","0111","Wheat","2015","2015","","","","",""
"QCL","Crops and livestock products","784","United Arab Emirates","5510","Production","0111","Wheat","2015","2015","t","","M","Missing value; data cannot exist",""
"QCL","Crops and livestock products","784","United Arab Emirates","5312","Area harvested","0111","Wheat","2016","2016","ha","","M","Missing value; data cannot exist",""
"QCL","Crops and livestock products","784","United Arab Emirates","5412","Yield","0111","Wheat","2016","2016","","","","",""
"QCL","Crops and livestock products","784","United Arab Emirates","5510","Production","0111","Wheat","2016","2016","t","","M","Missing value; data cannot exist",""
"QCL","Crops and livestock products","784","United Arab Emirates","5312","Area harvested","0111","Wheat","2017","2017","ha","","M","Missing value; data cannot exist",""
"QCL","Crops and livestock products","784","United Arab Emirates","5412","Yield","0111","Wheat","2017","2017","","","","",""
"QCL","Crops and livestock products","784","United Arab Emirates","5510","Production","0111","Wheat","2017","2017","t","","M","Missing value; data cannot exist",""
"QCL","Crops and livestock products","784","United Arab Emirates","5312","Area harvested","0111","Wheat","2018","2018","ha","","M","Missing value; data cannot exist",""
"QCL","Crops and livestock products","784","United Arab Emirates","5412","Yield","0111","Wheat","2018","2018","","","","",""
"QCL","Crops and livestock products","784","United Arab Emirates","5510","Production","0111","Wheat","2018","2018","t","","M","Missing value; data cannot exist",""
"QCL","Crops and livestock products","784","United Arab Emirates","5312","Area harvested","0111","Wheat","2019","2019","ha","","M","Missing value; data cannot exist",""
"QCL","Crops and livestock products","784","United Arab Emirates","5412","Yield","0111","Wheat","2019","2019","","","","",""
"QCL","Crops and livestock products","784","United Arab Emirates","5510","Production","0111","Wheat","2019","2019","t","","M","Missing value; data cannot exist",""
"QCL","Crops and livestock products","784","United Arab Emirates","5312","Area harvested","0111","Wheat","2020","2020","ha","","M","Missing value; data cannot exist",""
"QCL","Crops and livestock products","784","United Arab Emirates","5412","Yield","0111","Wheat","2020","2020","","","","",""
"QCL","Crops and livestock products","784","United Arab Emirates","5510","Production","0111","Wheat","2020","2020","t","","M","Missing value; data cannot exist",""
"QCL","Crops and livestock products","784","United Arab Emirates","5312","Area harvested","0111","Wheat","2021","2021","ha","","M","Missing value; data cannot exist",""
"QCL","Crops and livestock products","784","United Arab Emirates","5412","Yield","0111","Wheat","2021","2021","","","","",""
"QCL","Crops and livestock products","784","United Arab Emirates","5510","Production","0111","Wheat","2021","2021","t","","M","Missing value; data cannot exist",""
"QCL","Crops and livestock products","784","United Arab Emirates","5312","Area harvested","0111","Wheat","2022","2022","ha","","M","Missing value; data cannot exist",""
"QCL","Crops and livestock products","784","United Arab Emirates","5412","Yield","0111","Wheat","2022","2022","","","","",""
"QCL","Crops and livestock products","784","United Arab Emirates","5510","Production","0111","Wheat","2022","2022","t","","M","Missing value; data cannot exist",""
"QCL","Crops and livestock products","784","United Arab Emirates","5312","Area harvested","0111","Wheat","2023","2023","ha","","M","Missing value; data cannot exist",""
"QCL","Crops and livestock products","784","United Arab Emirates","5412","Yield","0111","Wheat","2023","2023","","","","",""
"QCL","Crops and livestock products","784","United Arab Emirates","5510","Production","0111","Wheat","2023","2023","t","","M","Missing value; data cannot exist",""
"QCL","Crops and livestock products","784","United Arab Emirates","5312","Area harvested","0111","Wheat","2024","2024","ha","","M","Missing value; data cannot exist",""
"QCL","Crops and livestock products","784","United Arab Emirates","5412","Yield","0111","Wheat","2024","2024","","","","",""
"QCL","Crops and livestock products","784","United Arab Emirates","5510","Production","0111","Wheat","2024","2024","t","","M","Missing value; data cannot exist",""
"QCL","Crops and livestock products","826","United Kingdom of Great Britain and Northern Ireland","5312","Area harvested","0111","Wheat","2015","2015","ha","1832000","A","Official value",""
"QCL","Crops and livestock products","826","United Kingdom of Great Britain and Northern Ireland","5412","Yield","0111","Wheat","2015","2015","kg/ha","8976","A","Official value",""
"QCL","Crops and livestock products","826","United Kingdom of Great Britain and Northern Ireland","5510","Production","0111","Wheat","2015","2015","t","16444000","A","Official value",""
"QCL","Crops and livestock products","826","United Kingdom of Great Britain and Northern Ireland","5312","Area harvested","0111","Wheat","2016","2016","ha","1823000","A","Official value",""
"QCL","Crops and livestock products","826","United Kingdom of Great Britain and Northern Ireland","5412","Yield","0111","Wheat","2016","2016","kg/ha","7889.7","A","Official value",""
"QCL","Crops and livestock products","826","United Kingdom of Great Britain and Northern Ireland","5510","Production","0111","Wheat","2016","2016","t","14383000","A","Official value",""
"QCL","Crops and livestock products","826","United Kingdom of Great Britain and Northern Ireland","5312","Area harvested","0111","Wheat","2017","2017","ha","1792000","A","Official value",""
"QCL","Crops and livestock products","826","United Kingdom of Great Britain and Northern Ireland","5412","Yield","0111","Wheat","2017","2017","kg/ha","8279.6","A","Official value",""
"QCL","Crops and livestock products","826","United Kingdom of Great Britain and Northern Ireland","5510","Production","0111","Wheat","2017","2017","t","14837000","A","Official value",""
"QCL","Crops and livestock products","826","United Kingdom of Great Britain and Northern Ireland","5312","Area harvested","0111","Wheat","2018","2018","ha","1748000","A","Official value",""
"QCL","Crops and livestock products","826","United Kingdom of Great Britain and Northern Ireland","5412","Yield","0111","Wheat","2018","2018","kg/ha","7754.6","A","Official value",""
"QCL","Crops and livestock products","826","United Kingdom of Great Britain and Northern Ireland","5510","Production","0111","Wheat","2018","2018","t","13555000","A","Official value",""
"QCL","Crops and livestock products","826","United Kingdom of Great Britain and Northern Ireland","5312","Area harvested","0111","Wheat","2019","2019","ha","1816000","A","Official value",""
"QCL","Crops and livestock products","826","United Kingdom of Great Britain and Northern Ireland","5412","Yield","0111","Wheat","2019","2019","kg/ha","8934.5","A","Official value",""
"QCL","Crops and livestock products","826","United Kingdom of Great Britain and Northern Ireland","5510","Production","0111","Wheat","2019","2019","t","16225000","A","Official value",""
"QCL","Crops and livestock products","826","United Kingdom of Great Britain and Northern Ireland","5312","Area harvested","0111","Wheat","2020","2020","ha","1387000","A","Official value",""
"QCL","Crops and livestock products","826","United Kingdom of Great Britain and Northern Ireland","5412","Yield","0111","Wheat","2020","2020","kg/ha","6963.2","A","Official value",""
"QCL","Crops and livestock products","826","United Kingdom of Great Britain and Northern Ireland","5510","Production","0111","Wheat","2020","2020","t","9658000","A","Official value",""
"QCL","Crops and livestock products","826","United Kingdom of Great Britain and Northern Ireland","5312","Area harvested","0111","Wheat","2021","2021","ha","1790000","A","Official value",""
"QCL","Crops and livestock products","826","United Kingdom of Great Britain and Northern Ireland","5412","Yield","0111","Wheat","2021","2021","kg/ha","7814.5","A","Official value",""
"QCL","Crops and livestock products","826","United Kingdom of Great Britain and Northern Ireland","5510","Production","0111","Wheat","2021","2021","t","13988000","A","Official value",""
"QCL","Crops and livestock products","826","United Kingdom of Great Britain and Northern Ireland","5312","Area harvested","0111","Wheat","2022","2022","ha","1809000","A","Official value",""
"QCL","Crops and livestock products","826","United Kingdom of Great Britain and Northern Ireland","5412","Yield","0111","Wheat","2022","2022","kg/ha","8590.4","A","Official value",""
"QCL","Crops and livestock products","826","United Kingdom of Great Britain and Northern Ireland","5510","Production","0111","Wheat","2022","2022","t","15540000","A","Official value",""
"QCL","Crops and livestock products","826","United Kingdom of Great Britain and Northern Ireland","5312","Area harvested","0111","Wheat","2023","2023","ha","1720000","A","Official value",""
"QCL","Crops and livestock products","826","United Kingdom of Great Britain and Northern Ireland","5412","Yield","0111","Wheat","2023","2023","kg/ha","8127.9","A","Official value",""
"QCL","Crops and livestock products","826","United Kingdom of Great Britain and Northern Ireland","5510","Production","0111","Wheat","2023","2023","t","13980000","A","Official value",""
"QCL","Crops and livestock products","826","United Kingdom of Great Britain and Northern Ireland","5312","Area harvested","0111","Wheat","2024","2024","ha","1530771","A","Official value",""
"QCL","Crops and livestock products","826","United Kingdom of Great Britain and Northern Ireland","5412","Yield","0111","Wheat","2024","2024","kg/ha","7281.3","A","Official value",""
"QCL","Crops and livestock products","826","United Kingdom of Great Britain and Northern Ireland","5510","Production","0111","Wheat","2024","2024","t","11146000","A","Official value",""
"QCL","Crops and livestock products","834","United Republic of Tanzania","5312","Area harvested","0111","Wheat","2015","2015","ha","85599","A","Official value",""
"QCL","Crops and livestock products","834","United Republic of Tanzania","5412","Yield","0111","Wheat","2015","2015","kg/ha","846.8","A","Official value",""
"QCL","Crops and livestock products","834","United Republic of Tanzania","5510","Production","0111","Wheat","2015","2015","t","72483","A","Official value",""
"QCL","Crops and livestock products","834","United Republic of Tanzania","5312","Area harvested","0111","Wheat","2016","2016","ha","68507","I","Value imputed by a receiving agency",""
"QCL","Crops and livestock products","834","United Republic of Tanzania","5412","Yield","0111","Wheat","2016","2016","kg/ha","1109.4","E","Estimated value",""
"QCL","Crops and livestock products","834","United Republic of Tanzania","5510","Production","0111","Wheat","2016","2016","t","76000","A","Official value",""
"QCL","Crops and livestock products","834","United Republic of Tanzania","5312","Area harvested","0111","Wheat","2017","2017","ha","42629","A","Official value",""
"QCL","Crops and livestock products","834","United Republic of Tanzania","5412","Yield","0111","Wheat","2017","2017","kg/ha","1183.9","A","Official value",""
"QCL","Crops and livestock products","834","United Republic of Tanzania","5510","Production","0111","Wheat","2017","2017","t","50467","A","Official value",""
"QCL","Crops and livestock products","834","United Republic of Tanzania","5312","Area harvested","0111","Wheat","2018","2018","ha","51968","A","Official value",""
"QCL","Crops and livestock products","834","United Republic of Tanzania","5412","Yield","0111","Wheat","2018","2018","kg/ha","1090.1","A","Official value",""
"QCL","Crops and livestock products","834","United Republic of Tanzania","5510","Production","0111","Wheat","2018","2018","t","56651","A","Official value",""
"QCL","Crops and livestock products","834","United Republic of Tanzania","5312","Area harvested","0111","Wheat","2019","2019","ha","42177","A","Official value",""
"QCL","Crops and livestock products","834","United Republic of Tanzania","5412","Yield","0111","Wheat","2019","2019","kg/ha","1502.9","A","Official value",""
"QCL","Crops and livestock products","834","United Republic of Tanzania","5510","Production","0111","Wheat","2019","2019","t","63388","A","Official value",""
"QCL","Crops and livestock products","834","United Republic of Tanzania","5312","Area harvested","0111","Wheat","2020","2020","ha","60000","X","Value from external organization","Unofficial figure"
"QCL","Crops and livestock products","834","United Republic of Tanzania","5412","Yield","0111","Wheat","2020","2020","kg/ha","1287.9","E","Estimated value",""
"QCL","Crops and livestock products","834","United Republic of Tanzania","5510","Production","0111","Wheat","2020","2020","t","77276","A","Official value",""
"QCL","Crops and livestock products","834","United Republic of Tanzania","5312","Area harvested","0111","Wheat","2021","2021","ha","70000","X","Value from external organization","Unofficial figure"
"QCL","Crops and livestock products","834","United Republic of Tanzania","5412","Yield","0111","Wheat","2021","2021","kg/ha","1000","E","Estimated value",""
"QCL","Crops and livestock products","834","United Republic of Tanzania","5510","Production","0111","Wheat","2021","2021","t","70000","A","Official value",""
"QCL","Crops and livestock products","834","United Republic of Tanzania","5312","Area harvested","0111","Wheat","2022","2022","ha","60000","X","Value from external organization","Unofficial figure"
"QCL","Crops and livestock products","834","United Republic of Tanzania","5412","Yield","0111","Wheat","2022","2022","kg/ha","1100","E","Estimated value",""
"QCL","Crops and livestock products","834","United Republic of Tanzania","5510","Production","0111","Wheat","2022","2022","t","66000","A","Official value",""
"QCL","Crops and livestock products","834","United Republic of Tanzania","5312","Area harvested","0111","Wheat","2023","2023","ha","60000","X","Value from external organization","Unofficial figure"
"QCL","Crops and livestock products","834","United Republic of Tanzania","5412","Yield","0111","Wheat","2023","2023","kg/ha","1442","E","Estimated value",""
"QCL","Crops and livestock products","834","United Republic of Tanzania","5510","Production","0111","Wheat","2023","2023","t","86522","A","Official value",""
"QCL","Crops and livestock products","834","United Republic of Tanzania","5312","Area harvested","0111","Wheat","2024","2024","ha","86500","I","Value imputed by a receiving agency",""
"QCL","Crops and livestock products","834","United Republic of Tanzania","5412","Yield","0111","Wheat","2024","2024","kg/ha","1375.7","E","Estimated value",""
"QCL","Crops and livestock products","834","United Republic of Tanzania","5510","Production","0111","Wheat","2024","2024","t","119000","A","Official value",""
"QCL","Crops and livestock products","840","United States of America","5312","Area harvested","0111","Wheat","2015","2015","ha","19058470","A","Official value",""
"QCL","Crops and livestock products","840","United States of America","5412","Yield","0111","Wheat","2015","2015","kg/ha","2929.9","A","Official value",""
"QCL","Crops and livestock products","840","United States of America","5510","Production","0111","Wheat","2015","2015","t","55839540","A","Official value",""
"QCL","Crops and livestock products","840","United States of America","5312","Area harvested","0111","Wheat","2016","2016","ha","17744851","A","Official value",""
"QCL","Crops and livestock products","840","United States of America","5412","Yield","0111","Wheat","2016","2016","kg/ha","3540.8","A","Official value",""
"QCL","Crops and livestock products","840","United States of America","5510","Production","0111","Wheat","2016","2016","t","62831507","A","Official value",""
"QCL","Crops and livestock products","840","United States of America","5312","Area harvested","0111","Wheat","2017","2017","ha","15198130","A","Official value",""
"QCL","Crops and livestock products","840","United States of America","5412","Yield","0111","Wheat","2017","2017","kg/ha","3117.5","A","Official value",""
"QCL","Crops and livestock products","840","United States of America","5510","Production","0111","Wheat","2017","2017","t","47379810","A","Official value",""
"QCL","Crops and livestock products","840","United States of America","5312","Area harvested","0111","Wheat","2018","2018","ha","16030580","A","Official value",""
"QCL","Crops and livestock products","840","United States of America","5412","Yield","0111","Wheat","2018","2018","kg/ha","3200.5","A","Official value",""
"QCL","Crops and livestock products","840","United States of America","5510","Production","0111","Wheat","2018","2018","t","51305540","A","Official value",""
"QCL","Crops and livestock products","840","United States of America","5312","Area harvested","0111","Wheat","2019","2019","ha","15132980","A","Official value",""
"QCL","Crops and livestock products","840","United States of America","5412","Yield","0111","Wheat","2019","2019","kg/ha","3474.6","A","Official value",""
"QCL","Crops and livestock products","840","United States of America","5510","Production","0111","Wheat","2019","2019","t","52580890","A","Official value",""
"QCL","Crops and livestock products","840","United States of America","5312","Area harvested","0111","Wheat","2020","2020","ha","14888140","A","Official value",""
"QCL","Crops and livestock products","840","United States of America","5412","Yield","0111","Wheat","2020","2020","kg/ha","3341.7","A","Official value",""
"QCL","Crops and livestock products","840","United States of America","5510","Production","0111","Wheat","2020","2020","t","49751180","A","Official value",""
"QCL","Crops and livestock products","840","United States of America","5312","Area harvested","0111","Wheat","2021","2021","ha","15032210","A","Official value",""
"QCL","Crops and livestock products","840","United States of America","5412","Yield","0111","Wheat","2021","2021","kg/ha","2980.5","A","Official value",""
"QCL","Crops and livestock products","840","United States of America","5510","Production","0111","Wheat","2021","2021","t","44803690","A","Official value",""
"QCL","Crops and livestock products","840","United States of America","5312","Area harvested","0111","Wheat","2022","2022","ha","14360420","A","Official value",""
"QCL","Crops and livestock products","840","United States of America","5412","Yield","0111","Wheat","2022","2022","kg/ha","3126.5","A","Official value",""
"QCL","Crops and livestock products","840","United States of America","5510","Production","0111","Wheat","2022","2022","t","44897830","A","Official value",""
"QCL","Crops and livestock products","840","United States of America","5312","Area harvested","0111","Wheat","2023","2023","ha","15083610","A","Official value",""
"QCL","Crops and livestock products","840","United States of America","5412","Yield","0111","Wheat","2023","2023","kg/ha","3269.4","A","Official value",""
"QCL","Crops and livestock products","840","United States of America","5510","Production","0111","Wheat","2023","2023","t","49313930","A","Official value",""
"QCL","Crops and livestock products","840","United States of America","5312","Area harvested","0111","Wheat","2024","2024","ha","15568020","A","Official value",""
"QCL","Crops and livestock products","840","United States of America","5412","Yield","0111","Wheat","2024","2024","kg/ha","3446.2","A","Official value",""
"QCL","Crops and livestock products","840","United States of America","5510","Production","0111","Wheat","2024","2024","t","53650020","A","Official value",""
"QCL","Crops and livestock products","858","Uruguay","5312","Area harvested","0111","Wheat","2015","2015","ha","399000","A","Official value",""
"QCL","Crops and livestock products","858","Uruguay","5412","Yield","0111","Wheat","2015","2015","kg/ha","2696.7","A","Official value",""
"QCL","Crops and livestock products","858","Uruguay","5510","Production","0111","Wheat","2015","2015","t","1076000","A","Official value",""
"QCL","Crops and livestock products","858","Uruguay","5312","Area harvested","0111","Wheat","2016","2016","ha","330080","A","Official value",""
"QCL","Crops and livestock products","858","Uruguay","5412","Yield","0111","Wheat","2016","2016","kg/ha","3608.2","A","Official value",""
"QCL","Crops and livestock products","858","Uruguay","5510","Production","0111","Wheat","2016","2016","t","1191000","A","Official value",""
"QCL","Crops and livestock products","858","Uruguay","5312","Area harvested","0111","Wheat","2017","2017","ha","215000","A","Official value",""
"QCL","Crops and livestock products","858","Uruguay","5412","Yield","0111","Wheat","2017","2017","kg/ha","3520.9","A","Official value",""
"QCL","Crops and livestock products","858","Uruguay","5510","Production","0111","Wheat","2017","2017","t","757000","A","Official value",""
"QCL","Crops and livestock products","858","Uruguay","5312","Area harvested","0111","Wheat","2018","2018","ha","193000","A","Official value",""
"QCL","Crops and livestock products","858","Uruguay","5412","Yield","0111","Wheat","2018","2018","kg/ha","2279.8","A","Official value",""
"QCL","Crops and livestock products","858","Uruguay","5510","Production","0111","Wheat","2018","2018","t","440000","A","Official value",""
"QCL","Crops and livestock products","858","Uruguay","5312","Area harvested","0111","Wheat","2019","2019","ha","198400","A","Official value",""
"QCL","Crops and livestock products","858","Uruguay","5412","Yield","0111","Wheat","2019","2019","kg/ha","3667.3","A","Official value",""
"QCL","Crops and livestock products","858","Uruguay","5510","Production","0111","Wheat","2019","2019","t","727600","A","Official value",""
"QCL","Crops and livestock products","858","Uruguay","5312","Area harvested","0111","Wheat","2020","2020","ha","237500","A","Official value",""
"QCL","Crops and livestock products","858","Uruguay","5412","Yield","0111","Wheat","2020","2020","kg/ha","3268.6","A","Official value",""
"QCL","Crops and livestock products","858","Uruguay","5510","Production","0111","Wheat","2020","2020","t","776300","A","Official value",""
"QCL","Crops and livestock products","858","Uruguay","5312","Area harvested","0111","Wheat","2021","2021","ha","223900","A","Official value",""
"QCL","Crops and livestock products","858","Uruguay","5412","Yield","0111","Wheat","2021","2021","kg/ha","4182.2","A","Official value",""
"QCL","Crops and livestock products","858","Uruguay","5510","Production","0111","Wheat","2021","2021","t","936400","A","Official value",""
"QCL","Crops and livestock products","858","Uruguay","5312","Area harvested","0111","Wheat","2022","2022","ha","301900","A","Official value",""
"QCL","Crops and livestock products","858","Uruguay","5412","Yield","0111","Wheat","2022","2022","kg/ha","4250.1","A","Official value",""
"QCL","Crops and livestock products","858","Uruguay","5510","Production","0111","Wheat","2022","2022","t","1283100","A","Official value",""
"QCL","Crops and livestock products","858","Uruguay","5312","Area harvested","0111","Wheat","2023","2023","ha","266800","A","Official value",""
"QCL","Crops and livestock products","858","Uruguay","5412","Yield","0111","Wheat","2023","2023","kg/ha","5036.7","A","Official value",""
"QCL","Crops and livestock products","858","Uruguay","5510","Production","0111","Wheat","2023","2023","t","1343800","A","Official value",""
"QCL","Crops and livestock products","858","Uruguay","5312","Area harvested","0111","Wheat","2024","2024","ha","302863","I","Value imputed by a receiving agency",""
"QCL","Crops and livestock products","858","Uruguay","5412","Yield","0111","Wheat","2024","2024","kg/ha","4277.2","E","Estimated value",""
"QCL","Crops and livestock products","858","Uruguay","5510","Production","0111","Wheat","2024","2024","t","1295414.68","I","Value imputed by a receiving agency",""
"QCL","Crops and livestock products","810","USSR","5312","Area harvested","0111","Wheat","2015","2015","","","","",""
"QCL","Crops and livestock products","810","USSR","5412","Yield","0111","Wheat","2015","2015","","","","",""
"QCL","Crops and livestock products","810","USSR","5510","Production","0111","Wheat","2015","2015","","","","",""
"QCL","Crops and livestock products","810","USSR","5312","Area harvested","0111","Wheat","2016","2016","","","","",""
"QCL","Crops and livestock products","810","USSR","5412","Yield","0111","Wheat","2016","2016","","","","",""
"QCL","Crops and livestock products","810","USSR","5510","Production","0111","Wheat","2016","2016","","","","",""
"QCL","Crops and livestock products","810","USSR","5312","Area harvested","0111","Wheat","2017","2017","","","","",""
"QCL","Crops and livestock products","810","USSR","5412","Yield","0111","Wheat","2017","2017","","","","",""
"QCL","Crops and livestock products","810","USSR","5510","Production","0111","Wheat","2017","2017","","","","",""
"QCL","Crops and livestock products","810","USSR","5312","Area harvested","0111","Wheat","2018","2018","","","","",""
"QCL","Crops and livestock products","810","USSR","5412","Yield","0111","Wheat","2018","2018","","","","",""
"QCL","Crops and livestock products","810","USSR","5510","Production","0111","Wheat","2018","2018","","","","",""
"QCL","Crops and livestock products","810","USSR","5312","Area harvested","0111","Wheat","2019","2019","","","","",""
"QCL","Crops and livestock products","810","USSR","5412","Yield","0111","Wheat","2019","2019","","","","",""
"QCL","Crops and livestock products","810","USSR","5510","Production","0111","Wheat","2019","2019","","","","",""
"QCL","Crops and livestock products","810","USSR","5312","Area harvested","0111","Wheat","2020","2020","","","","",""
"QCL","Crops and livestock products","810","USSR","5412","Yield","0111","Wheat","2020","2020","","","","",""
"QCL","Crops and livestock products","810","USSR","5510","Production","0111","Wheat","2020","2020","","","","",""
"QCL","Crops and livestock products","810","USSR","5312","Area harvested","0111","Wheat","2021","2021","","","","",""
"QCL","Crops and livestock products","810","USSR","5412","Yield","0111","Wheat","2021","2021","","","","",""
"QCL","Crops and livestock products","810","USSR","5510","Production","0111","Wheat","2021","2021","","","","",""
"QCL","Crops and livestock products","810","USSR","5312","Area harvested","0111","Wheat","2022","2022","","","","",""
"QCL","Crops and livestock products","810","USSR","5412","Yield","0111","Wheat","2022","2022","","","","",""
"QCL","Crops and livestock products","810","USSR","5510","Production","0111","Wheat","2022","2022","","","","",""
"QCL","Crops and livestock products","810","USSR","5312","Area harvested","0111","Wheat","2023","2023","","","","",""
"QCL","Crops and livestock products","810","USSR","5412","Yield","0111","Wheat","2023","2023","","","","",""
"QCL","Crops and livestock products","810","USSR","5510","Production","0111","Wheat","2023","2023","","","","",""
"QCL","Crops and livestock products","810","USSR","5312","Area harvested","0111","Wheat","2024","2024","","","","",""
"QCL","Crops and livestock products","810","USSR","5412","Yield","0111","Wheat","2024","2024","","","","",""
"QCL","Crops and livestock products","810","USSR","5510","Production","0111","Wheat","2024","2024","","","","",""
"QCL","Crops and livestock products","860","Uzbekistan","5312","Area harvested","0111","Wheat","2015","2015","ha","1445700","A","Official value",""
"QCL","Crops and livestock products","860","Uzbekistan","5412","Yield","0111","Wheat","2015","2015","kg/ha","4817.5","A","Official value",""
"QCL","Crops and livestock products","860","Uzbekistan","5510","Production","0111","Wheat","2015","2015","t","6964664","A","Official value",""
"QCL","Crops and livestock products","860","Uzbekistan","5312","Area harvested","0111","Wheat","2016","2016","ha","1444064","A","Official value",""
"QCL","Crops and livestock products","860","Uzbekistan","5412","Yield","0111","Wheat","2016","2016","kg/ha","4802.3","A","Official value",""
"QCL","Crops and livestock products","860","Uzbekistan","5510","Production","0111","Wheat","2016","2016","t","6934876","A","Official value",""
"QCL","Crops and livestock products","860","Uzbekistan","5312","Area harvested","0111","Wheat","2017","2017","ha","1408343","A","Official value",""
"QCL","Crops and livestock products","860","Uzbekistan","5412","Yield","0111","Wheat","2017","2017","kg/ha","4316.5","A","Official value",""
"QCL","Crops and livestock products","860","Uzbekistan","5510","Production","0111","Wheat","2017","2017","t","6079164","A","Official value",""
"QCL","Crops and livestock products","860","Uzbekistan","5312","Area harvested","0111","Wheat","2018","2018","ha","1311376","A","Official value",""
"QCL","Crops and livestock products","860","Uzbekistan","5412","Yield","0111","Wheat","2018","2018","kg/ha","4126","A","Official value",""
"QCL","Crops and livestock products","860","Uzbekistan","5510","Production","0111","Wheat","2018","2018","t","5410760","A","Official value",""
"QCL","Crops and livestock products","860","Uzbekistan","5312","Area harvested","0111","Wheat","2019","2019","ha","1310630","A","Official value",""
"QCL","Crops and livestock products","860","Uzbekistan","5412","Yield","0111","Wheat","2019","2019","kg/ha","4649.3","A","Official value",""
"QCL","Crops and livestock products","860","Uzbekistan","5510","Production","0111","Wheat","2019","2019","t","6093462","A","Official value",""
"QCL","Crops and livestock products","860","Uzbekistan","5312","Area harvested","0111","Wheat","2020","2020","ha","1351717","A","Official value",""
"QCL","Crops and livestock products","860","Uzbekistan","5412","Yield","0111","Wheat","2020","2020","kg/ha","4555.6","A","Official value",""
"QCL","Crops and livestock products","860","Uzbekistan","5510","Production","0111","Wheat","2020","2020","t","6157844","A","Official value",""
"QCL","Crops and livestock products","860","Uzbekistan","5312","Area harvested","0111","Wheat","2021","2021","ha","1240490","A","Official value",""
"QCL","Crops and livestock products","860","Uzbekistan","5412","Yield","0111","Wheat","2021","2021","kg/ha","4824.5","A","Official value",""
"QCL","Crops and livestock products","860","Uzbekistan","5510","Production","0111","Wheat","2021","2021","t","5984756","A","Official value",""
"QCL","Crops and livestock products","860","Uzbekistan","5312","Area harvested","0111","Wheat","2022","2022","ha","1257071","A","Official value",""
"QCL","Crops and livestock products","860","Uzbekistan","5412","Yield","0111","Wheat","2022","2022","kg/ha","4987.8","A","Official value",""
"QCL","Crops and livestock products","860","Uzbekistan","5510","Production","0111","Wheat","2022","2022","t","6270058.7","A","Official value",""
"QCL","Crops and livestock products","860","Uzbekistan","5312","Area harvested","0111","Wheat","2023","2023","ha","1228865","A","Official value",""
"QCL","Crops and livestock products","860","Uzbekistan","5412","Yield","0111","Wheat","2023","2023","kg/ha","5266.2","A","Official value",""
"QCL","Crops and livestock products","860","Uzbekistan","5510","Production","0111","Wheat","2023","2023","t","6471502.47","A","Official value",""
"QCL","Crops and livestock products","860","Uzbekistan","5312","Area harvested","0111","Wheat","2024","2024","ha","1243993","A","Official value",""
"QCL","Crops and livestock products","860","Uzbekistan","5412","Yield","0111","Wheat","2024","2024","kg/ha","5409.5","A","Official value",""
"QCL","Crops and livestock products","860","Uzbekistan","5510","Production","0111","Wheat","2024","2024","t","6729357.31","A","Official value",""
"QCL","Crops and livestock products","548","Vanuatu","5312","Area harvested","0111","Wheat","2015","2015","","","","",""
"QCL","Crops and livestock products","548","Vanuatu","5412","Yield","0111","Wheat","2015","2015","","","","",""
"QCL","Crops and livestock products","548","Vanuatu","5510","Production","0111","Wheat","2015","2015","","","","",""
"QCL","Crops and livestock products","548","Vanuatu","5312","Area harvested","0111","Wheat","2016","2016","","","","",""
"QCL","Crops and livestock products","548","Vanuatu","5412","Yield","0111","Wheat","2016","2016","","","","",""
"QCL","Crops and livestock products","548","Vanuatu","5510","Production","0111","Wheat","2016","2016","","","","",""
"QCL","Crops and livestock products","548","Vanuatu","5312","Area harvested","0111","Wheat","2017","2017","","","","",""
"QCL","Crops and livestock products","548","Vanuatu","5412","Yield","0111","Wheat","2017","2017","","","","",""
"QCL","Crops and livestock products","548","Vanuatu","5510","Production","0111","Wheat","2017","2017","","","","",""
"QCL","Crops and livestock products","548","Vanuatu","5312","Area harvested","0111","Wheat","2018","2018","","","","",""
"QCL","Crops and livestock products","548","Vanuatu","5412","Yield","0111","Wheat","2018","2018","","","","",""
"QCL","Crops and livestock products","548","Vanuatu","5510","Production","0111","Wheat","2018","2018","","","","",""
"QCL","Crops and livestock products","548","Vanuatu","5312","Area harvested","0111","Wheat","2019","2019","","","","",""
"QCL","Crops and livestock products","548","Vanuatu","5412","Yield","0111","Wheat","2019","2019","","","","",""
"QCL","Crops and livestock products","548","Vanuatu","5510","Production","0111","Wheat","2019","2019","","","","",""
"QCL","Crops and livestock products","548","Vanuatu","5312","Area harvested","0111","Wheat","2020","2020","","","","",""
"QCL","Crops and livestock products","548","Vanuatu","5412","Yield","0111","Wheat","2020","2020","","","","",""
"QCL","Crops and livestock products","548","Vanuatu","5510","Production","0111","Wheat","2020","2020","","","","",""
"QCL","Crops and livestock products","548","Vanuatu","5312","Area harvested","0111","Wheat","2021","2021","","","","",""
"QCL","Crops and livestock products","548","Vanuatu","5412","Yield","0111","Wheat","2021","2021","","","","",""
"QCL","Crops and livestock products","548","Vanuatu","5510","Production","0111","Wheat","2021","2021","","","","",""
"QCL","Crops and livestock products","548","Vanuatu","5312","Area harvested","0111","Wheat","2022","2022","","","","",""
"QCL","Crops and livestock products","548","Vanuatu","5412","Yield","0111","Wheat","2022","2022","","","","",""
"QCL","Crops and livestock products","548","Vanuatu","5510","Production","0111","Wheat","2022","2022","","","","",""
"QCL","Crops and livestock products","548","Vanuatu","5312","Area harvested","0111","Wheat","2023","2023","","","","",""
"QCL","Crops and livestock products","548","Vanuatu","5412","Yield","0111","Wheat","2023","2023","","","","",""
"QCL","Crops and livestock products","548","Vanuatu","5510","Production","0111","Wheat","2023","2023","","","","",""
"QCL","Crops and livestock products","548","Vanuatu","5312","Area harvested","0111","Wheat","2024","2024","","","","",""
"QCL","Crops and livestock products","548","Vanuatu","5412","Yield","0111","Wheat","2024","2024","","","","",""
"QCL","Crops and livestock products","548","Vanuatu","5510","Production","0111","Wheat","2024","2024","","","","",""
"QCL","Crops and livestock products","862","Venezuela (Bolivarian Republic of)","5312","Area harvested","0111","Wheat","2015","2015","ha","60","A","Official value",""
"QCL","Crops and livestock products","862","Venezuela (Bolivarian Republic of)","5412","Yield","0111","Wheat","2015","2015","kg/ha","2983.3","A","Official value",""
"QCL","Crops and livestock products","862","Venezuela (Bolivarian Republic of)","5510","Production","0111","Wheat","2015","2015","t","179","A","Official value",""
"QCL","Crops and livestock products","862","Venezuela (Bolivarian Republic of)","5312","Area harvested","0111","Wheat","2016","2016","ha","47","A","Official value",""
"QCL","Crops and livestock products","862","Venezuela (Bolivarian Republic of)","5412","Yield","0111","Wheat","2016","2016","kg/ha","3000","A","Official value",""
"QCL","Crops and livestock products","862","Venezuela (Bolivarian Republic of)","5510","Production","0111","Wheat","2016","2016","t","139.5","A","Official value",""
"QCL","Crops and livestock products","862","Venezuela (Bolivarian Republic of)","5312","Area harvested","0111","Wheat","2017","2017","ha","209","A","Official value",""
"QCL","Crops and livestock products","862","Venezuela (Bolivarian Republic of)","5412","Yield","0111","Wheat","2017","2017","kg/ha","2798","A","Official value",""
"QCL","Crops and livestock products","862","Venezuela (Bolivarian Republic of)","5510","Production","0111","Wheat","2017","2017","t","584.44","A","Official value",""
"QCL","Crops and livestock products","862","Venezuela (Bolivarian Republic of)","5312","Area harvested","0111","Wheat","2018","2018","ha","431","A","Official value",""
"QCL","Crops and livestock products","862","Venezuela (Bolivarian Republic of)","5412","Yield","0111","Wheat","2018","2018","kg/ha","2670.5","A","Official value",""
"QCL","Crops and livestock products","862","Venezuela (Bolivarian Republic of)","5510","Production","0111","Wheat","2018","2018","t","1151","A","Official value",""
"QCL","Crops and livestock products","862","Venezuela (Bolivarian Republic of)","5312","Area harvested","0111","Wheat","2019","2019","ha","282","A","Official value",""
"QCL","Crops and livestock products","862","Venezuela (Bolivarian Republic of)","5412","Yield","0111","Wheat","2019","2019","kg/ha","2946.8","A","Official value",""
"QCL","Crops and livestock products","862","Venezuela (Bolivarian Republic of)","5510","Production","0111","Wheat","2019","2019","t","831","A","Official value",""
"QCL","Crops and livestock products","862","Venezuela (Bolivarian Republic of)","5312","Area harvested","0111","Wheat","2020","2020","ha","234","A","Official value",""
"QCL","Crops and livestock products","862","Venezuela (Bolivarian Republic of)","5412","Yield","0111","Wheat","2020","2020","kg/ha","2829.7","A","Official value",""
"QCL","Crops and livestock products","862","Venezuela (Bolivarian Republic of)","5510","Production","0111","Wheat","2020","2020","t","662.81","A","Official value",""
"QCL","Crops and livestock products","862","Venezuela (Bolivarian Republic of)","5312","Area harvested","0111","Wheat","2021","2021","ha","210","A","Official value",""
"QCL","Crops and livestock products","862","Venezuela (Bolivarian Republic of)","5412","Yield","0111","Wheat","2021","2021","kg/ha","3504.8","A","Official value",""
"QCL","Crops and livestock products","862","Venezuela (Bolivarian Republic of)","5510","Production","0111","Wheat","2021","2021","t","736","A","Official value",""
"QCL","Crops and livestock products","862","Venezuela (Bolivarian Republic of)","5312","Area harvested","0111","Wheat","2022","2022","ha","295","A","Official value",""
"QCL","Crops and livestock products","862","Venezuela (Bolivarian Republic of)","5412","Yield","0111","Wheat","2022","2022","kg/ha","2583.1","A","Official value",""
"QCL","Crops and livestock products","862","Venezuela (Bolivarian Republic of)","5510","Production","0111","Wheat","2022","2022","t","762","A","Official value",""
"QCL","Crops and livestock products","862","Venezuela (Bolivarian Republic of)","5312","Area harvested","0111","Wheat","2023","2023","ha","320","A","Official value",""
"QCL","Crops and livestock products","862","Venezuela (Bolivarian Republic of)","5412","Yield","0111","Wheat","2023","2023","kg/ha","3109.4","A","Official value",""
"QCL","Crops and livestock products","862","Venezuela (Bolivarian Republic of)","5510","Production","0111","Wheat","2023","2023","t","995","A","Official value",""
"QCL","Crops and livestock products","862","Venezuela (Bolivarian Republic of)","5312","Area harvested","0111","Wheat","2024","2024","ha","330","I","Value imputed by a receiving agency",""
"QCL","Crops and livestock products","862","Venezuela (Bolivarian Republic of)","5412","Yield","0111","Wheat","2024","2024","kg/ha","3078.1","E","Estimated value",""
"QCL","Crops and livestock products","862","Venezuela (Bolivarian Republic of)","5510","Production","0111","Wheat","2024","2024","t","1014.8","I","Value imputed by a receiving agency",""
"QCL","Crops and livestock products","704","Viet Nam","5312","Area harvested","0111","Wheat","2015","2015","","","","",""
"QCL","Crops and livestock products","704","Viet Nam","5412","Yield","0111","Wheat","2015","2015","","","","",""
"QCL","Crops and livestock products","704","Viet Nam","5510","Production","0111","Wheat","2015","2015","","","","",""
"QCL","Crops and livestock products","704","Viet Nam","5312","Area harvested","0111","Wheat","2016","2016","","","","",""
"QCL","Crops and livestock products","704","Viet Nam","5412","Yield","0111","Wheat","2016","2016","","","","",""
"QCL","Crops and livestock products","704","Viet Nam","5510","Production","0111","Wheat","2016","2016","","","","",""
"QCL","Crops and livestock products","704","Viet Nam","5312","Area harvested","0111","Wheat","2017","2017","","","","",""
"QCL","Crops and livestock products","704","Viet Nam","5412","Yield","0111","Wheat","2017","2017","","","","",""
"QCL","Crops and livestock products","704","Viet Nam","5510","Production","0111","Wheat","2017","2017","","","","",""
"QCL","Crops and livestock products","704","Viet Nam","5312","Area harvested","0111","Wheat","2018","2018","","","","",""
"QCL","Crops and livestock products","704","Viet Nam","5412","Yield","0111","Wheat","2018","2018","","","","",""
"QCL","Crops and livestock products","704","Viet Nam","5510","Production","0111","Wheat","2018","2018","","","","",""
"QCL","Crops and livestock products","704","Viet Nam","5312","Area harvested","0111","Wheat","2019","2019","","","","",""
"QCL","Crops and livestock products","704","Viet Nam","5412","Yield","0111","Wheat","2019","2019","","","","",""
"QCL","Crops and livestock products","704","Viet Nam","5510","Production","0111","Wheat","2019","2019","","","","",""
"QCL","Crops and livestock products","704","Viet Nam","5312","Area harvested","0111","Wheat","2020","2020","","","","",""
"QCL","Crops and livestock products","704","Viet Nam","5412","Yield","0111","Wheat","2020","2020","","","","",""
"QCL","Crops and livestock products","704","Viet Nam","5510","Production","0111","Wheat","2020","2020","","","","",""
"QCL","Crops and livestock products","704","Viet Nam","5312","Area harvested","0111","Wheat","2021","2021","","","","",""
"QCL","Crops and livestock products","704","Viet Nam","5412","Yield","0111","Wheat","2021","2021","","","","",""
"QCL","Crops and livestock products","704","Viet Nam","5510","Production","0111","Wheat","2021","2021","","","","",""
"QCL","Crops and livestock products","704","Viet Nam","5312","Area harvested","0111","Wheat","2022","2022","","","","",""
"QCL","Crops and livestock products","704","Viet Nam","5412","Yield","0111","Wheat","2022","2022","","","","",""
"QCL","Crops and livestock products","704","Viet Nam","5510","Production","0111","Wheat","2022","2022","","","","",""
"QCL","Crops and livestock products","704","Viet Nam","5312","Area harvested","0111","Wheat","2023","2023","","","","",""
"QCL","Crops and livestock products","704","Viet Nam","5412","Yield","0111","Wheat","2023","2023","","","","",""
"QCL","Crops and livestock products","704","Viet Nam","5510","Production","0111","Wheat","2023","2023","","","","",""
"QCL","Crops and livestock products","704","Viet Nam","5312","Area harvested","0111","Wheat","2024","2024","","","","",""
"QCL","Crops and livestock products","704","Viet Nam","5412","Yield","0111","Wheat","2024","2024","","","","",""
"QCL","Crops and livestock products","704","Viet Nam","5510","Production","0111","Wheat","2024","2024","","","","",""
"QCL","Crops and livestock products","887","Yemen","5312","Area harvested","0111","Wheat","2015","2015","ha","74850","A","Official value",""
"QCL","Crops and livestock products","887","Yemen","5412","Yield","0111","Wheat","2015","2015","kg/ha","1669.2","A","Official value",""
"QCL","Crops and livestock products","887","Yemen","5510","Production","0111","Wheat","2015","2015","t","124940","A","Official value",""
"QCL","Crops and livestock products","887","Yemen","5312","Area harvested","0111","Wheat","2016","2016","ha","61553","A","Official value",""
"QCL","Crops and livestock products","887","Yemen","5412","Yield","0111","Wheat","2016","2016","kg/ha","1558.3","A","Official value",""
"QCL","Crops and livestock products","887","Yemen","5510","Production","0111","Wheat","2016","2016","t","95917","A","Official value",""
"QCL","Crops and livestock products","887","Yemen","5312","Area harvested","0111","Wheat","2017","2017","ha","61362","A","Official value",""
"QCL","Crops and livestock products","887","Yemen","5412","Yield","0111","Wheat","2017","2017","kg/ha","1558.8","A","Official value",""
"QCL","Crops and livestock products","887","Yemen","5510","Production","0111","Wheat","2017","2017","t","95651","A","Official value",""
"QCL","Crops and livestock products","887","Yemen","5312","Area harvested","0111","Wheat","2018","2018","ha","64339","A","Official value",""
"QCL","Crops and livestock products","887","Yemen","5412","Yield","0111","Wheat","2018","2018","kg/ha","1433.2","A","Official value",""
"QCL","Crops and livestock products","887","Yemen","5510","Production","0111","Wheat","2018","2018","t","92210","A","Official value",""
"QCL","Crops and livestock products","887","Yemen","5312","Area harvested","0111","Wheat","2019","2019","ha","57466","A","Official value",""
"QCL","Crops and livestock products","887","Yemen","5412","Yield","0111","Wheat","2019","2019","kg/ha","1745.9","A","Official value",""
"QCL","Crops and livestock products","887","Yemen","5510","Production","0111","Wheat","2019","2019","t","100332","A","Official value",""
"QCL","Crops and livestock products","887","Yemen","5312","Area harvested","0111","Wheat","2020","2020","ha","75179","I","Value imputed by a receiving agency",""
"QCL","Crops and livestock products","887","Yemen","5412","Yield","0111","Wheat","2020","2020","kg/ha","1729.2","E","Estimated value",""
"QCL","Crops and livestock products","887","Yemen","5510","Production","0111","Wheat","2020","2020","t","130000","X","Value from external organization","Unofficial figure"
"QCL","Crops and livestock products","887","Yemen","5312","Area harvested","0111","Wheat","2021","2021","ha","73214","I","Value imputed by a receiving agency",""
"QCL","Crops and livestock products","887","Yemen","5412","Yield","0111","Wheat","2021","2021","kg/ha","1583.6","E","Estimated value",""
"QCL","Crops and livestock products","887","Yemen","5510","Production","0111","Wheat","2021","2021","t","115943.92","I","Value imputed by a receiving agency",""
"QCL","Crops and livestock products","887","Yemen","5312","Area harvested","0111","Wheat","2022","2022","ha","64407","I","Value imputed by a receiving agency",""
"QCL","Crops and livestock products","887","Yemen","5412","Yield","0111","Wheat","2022","2022","kg/ha","1552.6","E","Estimated value",""
"QCL","Crops and livestock products","887","Yemen","5510","Production","0111","Wheat","2022","2022","t","100000","X","Value from external organization","Unofficial figure"
"QCL","Crops and livestock products","887","Yemen","5312","Area harvested","0111","Wheat","2023","2023","ha","64761","I","Value imputed by a receiving agency",""
"QCL","Crops and livestock products","887","Yemen","5412","Yield","0111","Wheat","2023","2023","kg/ha","1544.1","E","Estimated value",""
"QCL","Crops and livestock products","887","Yemen","5510","Production","0111","Wheat","2023","2023","t","100000","X","Value from external organization","Unofficial figure"
"QCL","Crops and livestock products","887","Yemen","5312","Area harvested","0111","Wheat","2024","2024","ha","63748","I","Value imputed by a receiving agency",""
"QCL","Crops and livestock products","887","Yemen","5412","Yield","0111","Wheat","2024","2024","kg/ha","1537.3","E","Estimated value",""
"QCL","Crops and livestock products","887","Yemen","5510","Production","0111","Wheat","2024","2024","t","98000","X","Value from external organization","Unofficial figure"
"QCL","Crops and livestock products","890","Yugoslav SFR","5312","Area harvested","0111","Wheat","2015","2015","","","","",""
"QCL","Crops and livestock products","890","Yugoslav SFR","5412","Yield","0111","Wheat","2015","2015","","","","",""
"QCL","Crops and livestock products","890","Yugoslav SFR","5510","Production","0111","Wheat","2015","2015","","","","",""
"QCL","Crops and livestock products","890","Yugoslav SFR","5312","Area harvested","0111","Wheat","2016","2016","","","","",""
"QCL","Crops and livestock products","890","Yugoslav SFR","5412","Yield","0111","Wheat","2016","2016","","","","",""
"QCL","Crops and livestock products","890","Yugoslav SFR","5510","Production","0111","Wheat","2016","2016","","","","",""
"QCL","Crops and livestock products","890","Yugoslav SFR","5312","Area harvested","0111","Wheat","2017","2017","","","","",""
"QCL","Crops and livestock products","890","Yugoslav SFR","5412","Yield","0111","Wheat","2017","2017","","","","",""
"QCL","Crops and livestock products","890","Yugoslav SFR","5510","Production","0111","Wheat","2017","2017","","","","",""
"QCL","Crops and livestock products","890","Yugoslav SFR","5312","Area harvested","0111","Wheat","2018","2018","","","","",""
"QCL","Crops and livestock products","890","Yugoslav SFR","5412","Yield","0111","Wheat","2018","2018","","","","",""
"QCL","Crops and livestock products","890","Yugoslav SFR","5510","Production","0111","Wheat","2018","2018","","","","",""
"QCL","Crops and livestock products","890","Yugoslav SFR","5312","Area harvested","0111","Wheat","2019","2019","","","","",""
"QCL","Crops and livestock products","890","Yugoslav SFR","5412","Yield","0111","Wheat","2019","2019","","","","",""
"QCL","Crops and livestock products","890","Yugoslav SFR","5510","Production","0111","Wheat","2019","2019","","","","",""
"QCL","Crops and livestock products","890","Yugoslav SFR","5312","Area harvested","0111","Wheat","2020","2020","","","","",""
"QCL","Crops and livestock products","890","Yugoslav SFR","5412","Yield","0111","Wheat","2020","2020","","","","",""
"QCL","Crops and livestock products","890","Yugoslav SFR","5510","Production","0111","Wheat","2020","2020","","","","",""
"QCL","Crops and livestock products","890","Yugoslav SFR","5312","Area harvested","0111","Wheat","2021","2021","","","","",""
"QCL","Crops and livestock products","890","Yugoslav SFR","5412","Yield","0111","Wheat","2021","2021","","","","",""
"QCL","Crops and livestock products","890","Yugoslav SFR","5510","Production","0111","Wheat","2021","2021","","","","",""
"QCL","Crops and livestock products","890","Yugoslav SFR","5312","Area harvested","0111","Wheat","2022","2022","","","","",""
"QCL","Crops and livestock products","890","Yugoslav SFR","5412","Yield","0111","Wheat","2022","2022","","","","",""
"QCL","Crops and livestock products","890","Yugoslav SFR","5510","Production","0111","Wheat","2022","2022","","","","",""
"QCL","Crops and livestock products","890","Yugoslav SFR","5312","Area harvested","0111","Wheat","2023","2023","","","","",""
"QCL","Crops and livestock products","890","Yugoslav SFR","5412","Yield","0111","Wheat","2023","2023","","","","",""
"QCL","Crops and livestock products","890","Yugoslav SFR","5510","Production","0111","Wheat","2023","2023","","","","",""
"QCL","Crops and livestock products","890","Yugoslav SFR","5312","Area harvested","0111","Wheat","2024","2024","","","","",""
"QCL","Crops and livestock products","890","Yugoslav SFR","5412","Yield","0111","Wheat","2024","2024","","","","",""
"QCL","Crops and livestock products","890","Yugoslav SFR","5510","Production","0111","Wheat","2024","2024","","","","",""
"QCL","Crops and livestock products","894","Zambia","5312","Area harvested","0111","Wheat","2015","2015","ha","31137","A","Official value",""
"QCL","Crops and livestock products","894","Zambia","5412","Yield","0111","Wheat","2015","2015","kg/ha","6880.2","A","Official value",""
"QCL","Crops and livestock products","894","Zambia","5510","Production","0111","Wheat","2015","2015","t","214230","A","Official value",""
"QCL","Crops and livestock products","894","Zambia","5312","Area harvested","0111","Wheat","2016","2016","ha","24170","A","Official value",""
"QCL","Crops and livestock products","894","Zambia","5412","Yield","0111","Wheat","2016","2016","kg/ha","6600.5","A","Official value",""
"QCL","Crops and livestock products","894","Zambia","5510","Production","0111","Wheat","2016","2016","t","159533","A","Official value",""
"QCL","Crops and livestock products","894","Zambia","5312","Area harvested","0111","Wheat","2017","2017","ha","26741","A","Official value",""
"QCL","Crops and livestock products","894","Zambia","5412","Yield","0111","Wheat","2017","2017","kg/ha","7243.9","A","Official value",""
"QCL","Crops and livestock products","894","Zambia","5510","Production","0111","Wheat","2017","2017","t","193713.15","A","Official value",""
"QCL","Crops and livestock products","894","Zambia","5312","Area harvested","0111","Wheat","2018","2018","ha","21675","A","Official value",""
"QCL","Crops and livestock products","894","Zambia","5412","Yield","0111","Wheat","2018","2018","kg/ha","5280.8","A","Official value",""
"QCL","Crops and livestock products","894","Zambia","5510","Production","0111","Wheat","2018","2018","t","114462.73","A","Official value",""
"QCL","Crops and livestock products","894","Zambia","5312","Area harvested","0111","Wheat","2019","2019","ha","22706","A","Official value",""
"QCL","Crops and livestock products","894","Zambia","5412","Yield","0111","Wheat","2019","2019","kg/ha","6687.8","A","Official value",""
"QCL","Crops and livestock products","894","Zambia","5510","Production","0111","Wheat","2019","2019","t","151850.47","A","Official value",""
"QCL","Crops and livestock products","894","Zambia","5312","Area harvested","0111","Wheat","2020","2020","ha","26007","A","Official value",""
"QCL","Crops and livestock products","894","Zambia","5412","Yield","0111","Wheat","2020","2020","kg/ha","7368","A","Official value",""
"QCL","Crops and livestock products","894","Zambia","5510","Production","0111","Wheat","2020","2020","t","191619.8","A","Official value",""
"QCL","Crops and livestock products","894","Zambia","5312","Area harvested","0111","Wheat","2021","2021","ha","30319","A","Official value",""
"QCL","Crops and livestock products","894","Zambia","5412","Yield","0111","Wheat","2021","2021","kg/ha","6790.5","A","Official value",""
"QCL","Crops and livestock products","894","Zambia","5510","Production","0111","Wheat","2021","2021","t","205881.95","A","Official value",""
"QCL","Crops and livestock products","894","Zambia","5312","Area harvested","0111","Wheat","2022","2022","ha","33568","A","Official value",""
"QCL","Crops and livestock products","894","Zambia","5412","Yield","0111","Wheat","2022","2022","kg/ha","6998.6","A","Official value",""
"QCL","Crops and livestock products","894","Zambia","5510","Production","0111","Wheat","2022","2022","t","234924.63","A","Official value",""
"QCL","Crops and livestock products","894","Zambia","5312","Area harvested","0111","Wheat","2023","2023","ha","36551","A","Official value",""
"QCL","Crops and livestock products","894","Zambia","5412","Yield","0111","Wheat","2023","2023","kg/ha","7592","A","Official value",""
"QCL","Crops and livestock products","894","Zambia","5510","Production","0111","Wheat","2023","2023","t","277491.85","A","Official value",""
"QCL","Crops and livestock products","894","Zambia","5312","Area harvested","0111","Wheat","2024","2024","ha","28052","A","Official value",""
"QCL","Crops and livestock products","894","Zambia","5412","Yield","0111","Wheat","2024","2024","kg/ha","7090","A","Official value",""
"QCL","Crops and livestock products","894","Zambia","5510","Production","0111","Wheat","2024","2024","t","198886.38","A","Official value",""
"QCL","Crops and livestock products","716","Zimbabwe","5312","Area harvested","0111","Wheat","2015","2015","ha","22114","A","Official value",""
"QCL","Crops and livestock products","716","Zimbabwe","5412","Yield","0111","Wheat","2015","2015","kg/ha","2048.6","A","Official value",""
"QCL","Crops and livestock products","716","Zimbabwe","5510","Production","0111","Wheat","2015","2015","t","45302","A","Official value",""
"QCL","Crops and livestock products","716","Zimbabwe","5312","Area harvested","0111","Wheat","2016","2016","ha","22094","A","Official value",""
"QCL","Crops and livestock products","716","Zimbabwe","5412","Yield","0111","Wheat","2016","2016","kg/ha","1901.3","A","Official value",""
"QCL","Crops and livestock products","716","Zimbabwe","5510","Production","0111","Wheat","2016","2016","t","42008","A","Official value",""
"QCL","Crops and livestock products","716","Zimbabwe","5312","Area harvested","0111","Wheat","2017","2017","ha","22070","A","Official value",""
"QCL","Crops and livestock products","716","Zimbabwe","5412","Yield","0111","Wheat","2017","2017","kg/ha","1754.2","A","Official value",""
"QCL","Crops and livestock products","716","Zimbabwe","5510","Production","0111","Wheat","2017","2017","t","38715","A","Official value",""
"QCL","Crops and livestock products","716","Zimbabwe","5312","Area harvested","0111","Wheat","2018","2018","ha","16558","I","Value imputed by a receiving agency",""
"QCL","Crops and livestock products","716","Zimbabwe","5412","Yield","0111","Wheat","2018","2018","kg/ha","2717.8","E","Estimated value",""
"QCL","Crops and livestock products","716","Zimbabwe","5510","Production","0111","Wheat","2018","2018","t","45000","E","Estimated value",""
"QCL","Crops and livestock products","716","Zimbabwe","5312","Area harvested","0111","Wheat","2019","2019","ha","24186","A","Official value",""
"QCL","Crops and livestock products","716","Zimbabwe","5412","Yield","0111","Wheat","2019","2019","kg/ha","3914.9","A","Official value",""
"QCL","Crops and livestock products","716","Zimbabwe","5510","Production","0111","Wheat","2019","2019","t","94685","A","Official value",""
"QCL","Crops and livestock products","716","Zimbabwe","5312","Area harvested","0111","Wheat","2020","2020","ha","44466","A","Official value",""
"QCL","Crops and livestock products","716","Zimbabwe","5412","Yield","0111","Wheat","2020","2020","kg/ha","4779.6","A","Official value",""
"QCL","Crops and livestock products","716","Zimbabwe","5510","Production","0111","Wheat","2020","2020","t","212530","A","Official value",""
"QCL","Crops and livestock products","716","Zimbabwe","5312","Area harvested","0111","Wheat","2021","2021","ha","66434","A","Official value",""
"QCL","Crops and livestock products","716","Zimbabwe","5412","Yield","0111","Wheat","2021","2021","kg/ha","5075.9","A","Official value",""
"QCL","Crops and livestock products","716","Zimbabwe","5510","Production","0111","Wheat","2021","2021","t","337212","A","Official value",""
"QCL","Crops and livestock products","716","Zimbabwe","5312","Area harvested","0111","Wheat","2022","2022","ha","48586","I","Value imputed by a receiving agency",""
"QCL","Crops and livestock products","716","Zimbabwe","5412","Yield","0111","Wheat","2022","2022","kg/ha","5145.6","E","Estimated value",""
"QCL","Crops and livestock products","716","Zimbabwe","5510","Production","0111","Wheat","2022","2022","t","250000","X","Value from external organization","Unofficial figure"
"QCL","Crops and livestock products","716","Zimbabwe","5312","Area harvested","0111","Wheat","2023","2023","ha","100592","I","Value imputed by a receiving agency",""
"QCL","Crops and livestock products","716","Zimbabwe","5412","Yield","0111","Wheat","2023","2023","kg/ha","4632.6","E","Estimated value",""
"QCL","Crops and livestock products","716","Zimbabwe","5510","Production","0111","Wheat","2023","2023","t","466000","X","Value from external organization","Unofficial figure"
"QCL","Crops and livestock products","716","Zimbabwe","5312","Area harvested","0111","Wheat","2024","2024","ha","111044","I","Value imputed by a receiving agency",""
"QCL","Crops and livestock products","716","Zimbabwe","5412","Yield","0111","Wheat","2024","2024","kg/ha","4862.9","E","Estimated value",""
"QCL","Crops and livestock products","716","Zimbabwe","5510","Production","0111","Wheat","2024","2024","t","540000","X","Value from external organization","Unofficial figure"
